datetime,actual,naive_24,naive_168,ridge,lightgbm,ets
2023-05-01 00:00:00,150741.64,169168.06,168394.5,165915.05225139792,159181.23974514153,151158.91461871346
2023-05-01 01:00:00,146174.69,164187.24,164306.18,161459.3107410371,154755.5758479752,147152.1974342456
2023-05-01 02:00:00,142930.49,160266.53,160726.95,157714.06592150062,151378.9699965242,143240.65029971962
2023-05-01 03:00:00,140698.49,157747.58,158514.13,155359.0198326001,148926.0484858885,141676.99754863835
2023-05-01 04:00:00,140172.41,155602.57,158469.96,154390.90519890081,147681.99825496937,142709.29539210215
2023-05-01 05:00:00,143075.26,156786.0,162478.37,156747.82199069028,150892.81118444313,146649.47807411253
2023-05-01 06:00:00,146218.61,157700.67,169177.27,159614.25738127687,153897.86796201096,153046.20736928875
2023-05-01 07:00:00,147187.92,158373.44,172153.31,161111.94866848318,157216.1381120295,156123.5702292636
2023-05-01 08:00:00,149778.84,160074.73,175514.08,163509.6058861163,161571.9495656603,159442.35580381897
2023-05-01 09:00:00,155225.14,163980.58,183166.33,170328.98680354565,167253.11634998128,167464.89678648257
2023-05-01 10:00:00,156879.32,167958.48,188252.08,175028.23260161944,170680.13085392796,171336.01638935073
2023-05-01 11:00:00,156474.66,169285.26,189392.85,176353.6573604288,173200.7880267372,171588.48680490974
2023-05-01 12:00:00,155231.46,167046.6,188369.28,175144.00357964047,172364.87188945455,169551.14722856737
2023-05-01 13:00:00,151216.86,161143.12,184070.96,170518.23428510336,169899.25891729438,164392.22201209058
2023-05-01 14:00:00,149102.04,156888.95,185270.14,169531.4030115833,169262.53632541365,165812.99317524675
2023-05-01 15:00:00,148418.54,154366.89,186945.27,168863.8210552863,167238.8379631365,167158.2397150411
2023-05-01 16:00:00,145450.79,149808.65,182768.78,164402.0068226023,163781.21445457614,164107.4730930003
2023-05-01 17:00:00,143085.3,146415.15,176555.78,159842.90099179512,158723.9437115126,157517.36453076603
2023-05-01 18:00:00,146314.23,148630.54,175990.36,160582.73305272067,160408.08977422604,157311.88593050552
2023-05-01 19:00:00,156606.31,159246.28,185323.21,170509.4925033684,171117.60421885573,166429.26862413838
2023-05-01 20:00:00,154430.18,159287.99,183009.02,169450.18173379364,170493.23881845843,162855.53744381177
2023-05-01 21:00:00,150645.36,156986.99,180750.11,167539.68553192492,169977.917429911,159824.63495885278
2023-05-01 22:00:00,148794.06,157163.07,182355.46,168290.7280411445,170016.9888517676,159531.32258052
2023-05-01 23:00:00,145842.0,154634.95,181703.61,166319.84650472982,167176.00844727102,157674.88803824177
2023-05-02 00:00:00,141796.63,150741.64,176495.98,151713.6961208873,156595.0317835353,142506.7153330186
2023-05-02 01:00:00,138155.74,146174.69,171638.87,147494.94223017976,152358.25236836265,138853.54481112334
2023-05-02 02:00:00,135078.48,142930.49,167044.45,143940.9071434702,148024.92282299543,135450.666385286
2023-05-02 03:00:00,133733.38,140698.49,164662.48,141744.53557389203,145799.3674074669,133807.6773142816
2023-05-02 04:00:00,134019.45,140172.41,164089.49,141075.11337804815,145352.2370480685,134197.5794094726
2023-05-02 05:00:00,139234.1,143075.26,168308.76,143548.15066677137,146571.36066668257,136038.67914269704
2023-05-02 06:00:00,145583.15,146218.61,173386.77,146499.39286924963,152525.08715203148,140680.76544703823
2023-05-02 07:00:00,148919.56,147187.92,176512.78,148151.74169624416,156779.57895001603,143902.05848822865
2023-05-02 08:00:00,152770.78,149778.84,180329.81,150737.41966118917,160676.21799516823,146465.95660808738
2023-05-02 09:00:00,158706.48,155225.14,187248.08,156349.22280237835,165187.90630785646,154083.86047107138
2023-05-02 10:00:00,161365.37,156879.32,190825.33,159007.94944744674,168361.47173613924,157414.25113004132
2023-05-02 11:00:00,164753.36,156474.66,191965.22,159712.34974093127,169232.92556650206,157015.20575364557
2023-05-02 12:00:00,165323.09,155231.46,191241.14,158629.3784565269,168310.47674803765,155600.88290752826
2023-05-02 13:00:00,161182.81,151216.86,188165.67,155004.09949243377,165741.97461313498,150696.85426526595
2023-05-02 14:00:00,162488.86,149102.04,190361.79,154439.56590977346,168043.1112337759,152481.47427862385
2023-05-02 15:00:00,162623.19,148418.54,191241.92,154082.59754473364,168604.18112696087,154071.02682075847
2023-05-02 16:00:00,160174.07,145450.79,186204.0,150018.93908978868,164443.92885092355,150062.75613163883
2023-05-02 17:00:00,158420.08,143085.3,179186.1,146333.40799057463,159789.78120211803,145426.07937418783
2023-05-02 18:00:00,160940.21,146314.23,177331.26,147284.26297513684,159824.1956329848,143937.2306033714
2023-05-02 19:00:00,170156.13,156606.31,187081.37,156231.08148701492,168594.17645778923,152143.1406893694
2023-05-02 20:00:00,166899.85,154430.18,186185.25,154900.84157882084,167845.4774501261,148676.6983684126
2023-05-02 21:00:00,162934.64,150645.36,184607.17,152469.16282089255,166109.31830142147,145784.1738809948
2023-05-02 22:00:00,161113.22,148794.06,187347.58,152292.54415287008,168903.84910138996,145688.92079091023
2023-05-02 23:00:00,157456.09,145842.0,185695.82,150141.56128518944,167392.76518366628,144314.41711550936
2023-05-03 00:00:00,153510.09,141796.63,180092.91,154507.41073389427,157379.78082746957,152765.38861411024
2023-05-03 01:00:00,149766.27,138155.74,175165.17,150419.04575691783,153585.34950452927,148084.4128553894
2023-05-03 02:00:00,146470.5,135078.48,170973.89,146916.0002791267,149938.90601793278,143464.6358332307
2023-05-03 03:00:00,144602.78,133733.38,167988.74,144770.16677694657,147305.36052667364,140712.72290002808
2023-05-03 04:00:00,145053.4,134019.45,166863.99,144093.34721917872,146433.0667675476,140692.66548650185
2023-05-03 05:00:00,149100.49,139234.1,169807.75,147287.10689285348,148906.26673872274,143230.60896044315
2023-05-03 06:00:00,153869.33,145583.15,174252.34,151416.4676191346,154153.44688891066,147422.34121876254
2023-05-03 07:00:00,157551.13,148919.56,176460.25,153674.16435876145,157205.48832911378,149443.4707322631
2023-05-03 08:00:00,161074.59,152770.78,180019.17,156783.2120882267,160320.94398989456,151433.51303502778
2023-05-03 09:00:00,166343.81,158706.48,186716.88,162391.9932763279,166201.42606559797,158413.01283110827
2023-05-03 10:00:00,169061.14,161365.37,190366.08,165525.04027919535,168918.5375158886,162603.68009208058
2023-05-03 11:00:00,169542.18,164753.36,191887.16,167448.65191293703,170192.66985705035,162431.25254669186
2023-05-03 12:00:00,168431.43,165323.09,192582.25,167249.060145696,170699.82951480168,160631.60820532084
2023-05-03 13:00:00,162764.54,161182.81,190046.84,163487.07298276635,168511.56773170672,156162.77750305744
2023-05-03 14:00:00,161717.2,162488.86,191597.02,163551.73526423407,169749.64694417382,157445.29151267503
2023-05-03 15:00:00,161965.3,162623.19,193096.35,163541.22538710092,170726.5408529634,158913.5273215601
2023-05-03 16:00:00,159553.37,160174.07,187553.03,159951.0805832802,166454.30932118613,156532.00069634643
2023-05-03 17:00:00,157733.06,158420.08,179898.91,156142.4404715174,161190.58351646707,150727.3993292117
2023-05-03 18:00:00,160240.56,160940.21,177479.82,157022.00108575894,160645.90708227258,149377.62351377733
2023-05-03 19:00:00,169076.73,170156.13,187845.06,166286.4752102037,170072.51479043177,157723.71113821527
2023-05-03 20:00:00,166014.32,166899.85,187168.13,164558.75082250734,169230.45867947894,153753.91918568258
2023-05-03 21:00:00,162001.28,162934.64,185939.18,161895.69168824295,167747.63337418376,151131.10563407303
2023-05-03 22:00:00,160614.35,161113.22,187885.94,161620.0812259884,168698.20353437008,152053.60871986864
2023-05-03 23:00:00,157430.94,157456.09,186316.17,159090.14717560666,166948.29208919653,150715.14806945776
2023-05-04 00:00:00,153331.59,153510.09,180725.1,157581.98139635043,160021.14605179505,152550.76229177104
2023-05-04 01:00:00,149733.7,149766.27,175632.09,153489.2233109761,155673.79853259807,148098.33188941318
2023-05-04 02:00:00,146396.31,146470.5,171501.25,150074.03952344987,151983.5177898279,143489.041824677
2023-05-04 03:00:00,144229.77,144602.78,168864.88,147997.51144553098,149654.10570570023,141401.7371387435
2023-05-04 04:00:00,144142.54,145053.4,167876.52,147764.59080292427,149074.7306521966,141880.35545076375
2023-05-04 05:00:00,148765.03,149100.49,170820.69,151130.1305465611,152317.7064693419,144415.30986505942
2023-05-04 06:00:00,154752.74,153869.33,174091.31,155011.9025407319,156713.90036863502,147922.72949362925
2023-05-04 07:00:00,157537.27,157551.13,174978.78,157232.52510347907,159031.30621975093,148981.00921986095
2023-05-04 08:00:00,160755.98,161074.59,176902.66,160072.45839574045,162081.82582374095,151603.54632636672
2023-05-04 09:00:00,167055.09,166343.81,185826.58,166385.7819753594,168479.87059952723,158955.81544760667
2023-05-04 10:00:00,169919.36,169061.14,190432.94,169423.9273463037,171944.98048985144,162956.35659231598
2023-05-04 11:00:00,171053.14,169542.18,192791.16,170507.14621530086,173260.15560405684,163380.87645453715
2023-05-04 12:00:00,170115.46,168431.43,193250.59,169967.51710308323,173548.08752283163,162096.60011209897
2023-05-04 13:00:00,166081.77,162764.54,190553.04,165854.13162293544,170798.32128896602,157410.6036034758
2023-05-04 14:00:00,166955.03,161717.2,192532.61,165859.63620613076,172287.26616084506,159011.6519439601
2023-05-04 15:00:00,168524.3,161965.3,193549.83,166099.702691271,173071.33372496493,159279.7070238892
2023-05-04 16:00:00,165122.93,159553.37,183588.52,161523.9757772473,164601.10385183003,155107.3105688545
2023-05-04 17:00:00,163584.04,157733.06,174665.59,157346.40187576052,160383.18760240328,148054.70885957696
2023-05-04 18:00:00,165716.19,160240.56,172397.32,158316.23660109818,160750.35800843767,145296.64473975086
2023-05-04 19:00:00,175651.49,169076.73,180545.2,166849.91565058113,168877.4411012522,152644.41194969203
2023-05-04 20:00:00,173650.52,166014.32,178736.96,164408.24986942115,165795.1745890979,149162.97256952862
2023-05-04 21:00:00,170264.32,162001.28,177381.46,161489.68038774305,164079.23787286167,147280.76893187195
2023-05-04 22:00:00,169273.65,160614.35,179695.82,161225.86855607328,164798.42824245073,148342.68444960588
2023-05-04 23:00:00,165606.54,157430.94,177688.6,158597.4267741777,161882.31869454624,147239.1376280835
2023-05-05 00:00:00,161206.25,153331.59,173035.16,156194.6866314947,160596.45735301494,160305.35279912592
2023-05-05 01:00:00,156861.65,149733.7,168332.68,152231.00761392876,156557.24612103612,155120.05553315833
2023-05-05 02:00:00,153306.3,146396.31,164333.74,148770.15180139453,152939.58303622686,150336.4156609762
2023-05-05 03:00:00,150738.52,144229.77,161574.56,146664.28578015315,150999.36009226518,147829.15199200466
2023-05-05 04:00:00,151068.05,144142.54,161081.26,146540.58446808995,150722.04677094007,147437.17619551055
2023-05-05 05:00:00,155202.49,148765.03,163854.94,150415.53507677722,154767.6777321875,149214.3334268182
2023-05-05 06:00:00,159244.76,154752.74,165388.07,154819.57529490613,157788.09432918477,152105.57075287882
2023-05-05 07:00:00,162193.37,157537.27,165472.72,156967.7008111002,159282.8834895951,153835.8364083366
2023-05-05 08:00:00,165617.12,160755.98,167319.65,159887.5442683235,161474.43144906947,157016.31878626547
2023-05-05 09:00:00,172368.14,167055.09,179352.97,167496.7962407486,169480.9433827273,164982.04717763362
2023-05-05 10:00:00,176472.52,169919.36,186528.38,171491.5521300172,174509.65410059845,168915.318561241
2023-05-05 11:00:00,178501.03,171053.14,188234.81,173126.16715866266,176020.9620675521,169734.9722842915
2023-05-05 12:00:00,178728.45,170115.46,188485.04,172812.5944824364,174529.6744452275,168224.88220998857
2023-05-05 13:00:00,174411.41,166081.77,184799.56,168868.70798406663,170874.5432938733,162820.94942856196
2023-05-05 14:00:00,175653.95,166955.03,185764.47,169757.85484318587,171145.9731143914,164096.95673183957
2023-05-05 15:00:00,175327.51,168524.3,184661.7,169961.50040187078,172008.34896285468,164138.23700212612
2023-05-05 16:00:00,171244.24,165122.93,179269.18,166324.7019040088,167046.92408013938,160596.36163434744
2023-05-05 17:00:00,167731.01,163584.04,174671.24,163567.34563279714,165141.5344920492,154175.99798846946
2023-05-05 18:00:00,169986.54,165716.19,175282.83,165125.29884444768,167118.0413812166,151933.97734855398
2023-05-05 19:00:00,180601.19,175651.49,187424.54,175004.41191984777,177164.45880271494,158756.4413013449
2023-05-05 20:00:00,179845.95,173650.52,186133.75,172826.89577984007,175599.67484972798,154782.97807333432
2023-05-05 21:00:00,177631.17,170264.32,185277.56,170230.2576843434,172644.15328994222,152285.97132768508
2023-05-05 22:00:00,177039.76,169273.65,187139.32,169945.89200345322,173071.807567654,152917.5853926279
2023-05-05 23:00:00,174294.54,165606.54,184177.36,166743.66432151265,169539.6679484978,152192.4705833327
2023-05-06 00:00:00,169682.72,161206.25,178608.27,171623.4585011389,170210.4334913757,169015.30592196606
2023-05-06 01:00:00,165337.36,156861.65,173313.94,167017.7545750839,165880.56100452007,164002.49027757513
2023-05-06 02:00:00,161417.89,153306.3,168346.67,162932.28911922112,162716.4637023862,159213.96910316887
2023-05-06 03:00:00,158601.08,150738.52,165265.55,160287.28272026067,159950.27134106949,156681.99188848893
2023-05-06 04:00:00,158505.5,151068.05,164341.14,160153.9024293657,159167.23177401852,156609.13347991827
2023-05-06 05:00:00,161891.64,155202.49,166457.19,163769.26718816973,162017.74335320154,159234.1451713244
2023-05-06 06:00:00,164792.19,159244.76,168855.78,167690.15376883242,164289.16004002048,162988.05450502425
2023-05-06 07:00:00,165292.89,162193.37,170787.12,170531.17380358995,167134.43823026906,165076.0920182213
2023-05-06 08:00:00,167847.75,165617.12,173626.43,173766.32024835583,170226.0941727942,167246.78767429417
2023-05-06 09:00:00,172661.12,172368.14,181099.51,180561.66190128916,176722.72548816813,174055.74500736786
2023-05-06 10:00:00,177399.85,176472.52,184551.18,184224.49316970055,180749.162671855,178051.1540419598
2023-05-06 11:00:00,180068.42,178501.03,186604.4,185932.6462603145,182737.5668779516,178558.49032046297
2023-05-06 12:00:00,179091.24,178728.45,185715.5,185349.63869331236,181875.22085637646,177567.0541256648
2023-05-06 13:00:00,175412.5,174411.41,181214.36,180638.61585080333,177446.00274859733,172803.47364469265
2023-05-06 14:00:00,176069.36,175653.95,180866.93,180811.73654824134,178389.77209597858,173980.2688714485
2023-05-06 15:00:00,177273.87,175327.51,180112.55,180584.64398442217,178053.710099911,175078.5370217871
2023-05-06 16:00:00,173631.11,171244.24,174219.6,176056.23788785166,173484.9356031918,171087.7389571856
2023-05-06 17:00:00,170724.47,167731.01,169327.69,172183.80885351045,169315.01743150025,164848.10555019593
2023-05-06 18:00:00,171974.24,169986.54,169580.86,173638.8424850924,170477.06788975775,163196.51686015096
2023-05-06 19:00:00,181620.61,180601.19,179252.16,183816.6634705128,181060.49439010903,172176.22439125966
2023-05-06 20:00:00,180986.16,179845.95,178259.95,182375.3844740244,180225.55781818897,169029.42222660253
2023-05-06 21:00:00,179033.98,177631.17,176600.36,179874.14552002566,178003.4174032293,166476.99165965087
2023-05-06 22:00:00,179216.46,177039.76,176480.44,179378.74335701097,177460.26871319863,167143.35407198433
2023-05-06 23:00:00,177027.64,174294.54,174073.36,176621.72926429918,175012.43033464457,166009.69339052006
2023-05-07 00:00:00,173226.29,169682.72,169168.06,170303.5346215907,172109.34281847285,173093.00925416098
2023-05-07 01:00:00,168399.3,165337.36,164187.24,165778.58476228942,167237.23449242907,168849.57964629552
2023-05-07 02:00:00,164600.86,161417.89,160266.53,161928.90123133018,163275.2938030089,165159.69313413397
2023-05-07 03:00:00,161680.66,158601.08,157747.58,159312.14628809394,160541.15185972385,163375.01860704008
2023-05-07 04:00:00,160528.97,158505.5,155602.57,158540.66125383828,160386.55505303177,163667.04386530476
2023-05-07 05:00:00,161006.99,161891.64,156786.0,161485.6046424617,162857.91197984773,165263.233944678
2023-05-07 06:00:00,159630.66,164792.19,157700.67,164462.89254673602,164351.0825017644,166519.78607292988
2023-05-07 07:00:00,158187.1,165292.89,158373.44,165809.43786672558,163449.53433211157,167073.15551658315
2023-05-07 08:00:00,160152.24,167847.75,160074.73,168274.20787277177,165003.97420401333,169055.59592750663
2023-05-07 09:00:00,164147.07,172661.12,163980.58,173239.86850425656,170007.3553104593,173544.06099735093
2023-05-07 10:00:00,167062.82,177399.85,167958.48,177202.24003071355,174108.83862565155,175020.098806961
2023-05-07 11:00:00,169478.54,180068.42,169285.26,178877.15963819306,175038.1938043668,174383.8298415237
2023-05-07 12:00:00,169859.65,179091.24,167046.6,177643.8318645842,175326.92137070085,173481.70225809238
2023-05-07 13:00:00,167833.39,175412.5,161143.12,173091.31208402567,171367.16890621252,169928.86355455307
2023-05-07 14:00:00,167601.42,176069.36,156888.95,172131.61819467664,172317.0142468019,169816.82559894386
2023-05-07 15:00:00,166896.86,177273.87,154366.89,171974.9949387444,171667.2276835384,169952.45538295255
2023-05-07 16:00:00,163587.34,173631.11,149808.65,167874.74380974605,167696.6037354849,165961.97697304515
2023-05-07 17:00:00,159106.43,170724.47,146415.15,164723.42588095428,162461.8614928524,159463.54765999276
2023-05-07 18:00:00,161892.51,171974.24,148630.54,166553.18601907577,163710.15617046156,159167.33622992833
2023-05-07 19:00:00,173564.88,181620.61,159246.28,176826.98093866798,174344.7891407106,170477.72749206758
2023-05-07 20:00:00,174812.54,180986.16,159287.99,176199.07912537752,175246.8505357783,170253.72164231064
2023-05-07 21:00:00,174980.07,179033.98,156986.99,173881.5933922661,174792.53641351248,169216.1020986592
2023-05-07 22:00:00,177464.09,179216.46,157163.07,173850.22227854433,174278.25284106206,170283.31472692417
2023-05-07 23:00:00,176599.15,177027.64,154634.95,171249.92746239048,173068.95080566284,169563.79962700524
2023-05-08 00:00:00,169727.43,173226.29,150741.64,171323.68355482948,172275.12564258417,173588.40303954808
2023-05-08 01:00:00,164878.41,168399.3,146174.69,166538.56700188533,167480.38655718265,170053.58464933146
2023-05-08 02:00:00,160903.98,164600.86,142930.49,162804.9127567932,163707.99482808122,166723.48741101593
2023-05-08 03:00:00,157958.54,161680.66,140698.49,160114.1402830401,161289.69676733884,165220.2197902107
2023-05-08 04:00:00,156550.74,160528.97,140172.41,159565.12346217487,161049.14716989986,165952.46605818105
2023-05-08 05:00:00,158587.57,161006.99,143075.26,162085.4897378554,163824.31040332766,169830.35178233552
2023-05-08 06:00:00,161933.24,159630.66,146218.61,164156.4304570757,166195.789993197,175939.42091221473
2023-05-08 07:00:00,164075.24,158187.1,147187.92,164858.38224646967,165463.02375034348,178473.01248572528
2023-05-08 08:00:00,168778.5,160152.24,149778.84,167563.63896938422,167919.3249075399,181987.085571408
2023-05-08 09:00:00,176365.0,164147.07,155225.14,173047.14885236378,172984.1047937645,190539.33204153558
2023-05-08 10:00:00,182795.49,167062.82,156879.32,176124.24069684252,176497.78026525897,195031.66434908484
2023-05-08 11:00:00,184794.79,169478.54,156474.66,177502.57388317212,180510.59535070797,195789.995351187
2023-05-08 12:00:00,185239.54,169859.65,155231.46,177068.64469455025,181731.15587524348,194186.08254420568
2023-05-08 13:00:00,183064.42,167833.39,151216.86,173524.0471335529,178194.32416538845,189471.9330946066
2023-05-08 14:00:00,185181.46,167601.42,149102.04,172989.5320517992,178973.46360309227,191066.6037311092
2023-05-08 15:00:00,186182.62,166896.86,148418.54,172588.82100145816,178465.15807258934,192822.08025275508
2023-05-08 16:00:00,182044.18,163587.34,145450.79,169021.73181114293,174819.49761104415,189772.85693436422
2023-05-08 17:00:00,177686.86,159106.43,143085.3,165302.7847178867,169858.6021939607,183710.05201461198
2023-05-08 18:00:00,177514.62,161892.51,146314.23,168013.49457006247,173254.7950447953,182632.5799824418
2023-05-08 19:00:00,185600.56,173564.88,156606.31,179179.7137000088,184950.03107563723,191660.34582874618
2023-05-08 20:00:00,184697.37,174812.54,154430.18,178454.27721076814,185319.140470615,189052.3547876618
2023-05-08 21:00:00,183219.9,174980.07,150645.36,176409.25357961864,182385.19029551258,186565.9217840209
2023-05-08 22:00:00,183603.58,177464.09,148794.06,176598.08091519342,181617.97826797471,186689.61610420412
2023-05-08 23:00:00,182013.47,176599.15,145842.0,174472.73175981143,178115.830158583,185256.02629530005
2023-05-09 00:00:00,177605.97,169727.43,141796.63,169697.91939541805,173473.93441064097,178847.4722949521
2023-05-09 01:00:00,173705.09,164878.41,138155.74,165128.75725915853,168941.53593209598,175251.90452054542
2023-05-09 02:00:00,169624.61,160903.98,135078.48,161263.79745313822,165147.9267691568,171886.91631590103
2023-05-09 03:00:00,166532.85,157958.54,133733.38,158808.83219051803,163495.78079972402,170200.50776706645
2023-05-09 04:00:00,165372.64,156550.74,134019.45,158269.20969733543,162710.27584602812,170195.27178514164
2023-05-09 05:00:00,166994.86,158587.57,139234.1,161854.50090636258,167320.581557516,172221.05305763753
2023-05-09 06:00:00,168559.29,161933.24,145583.15,166192.86225717328,168535.41868776493,176442.78861283656
2023-05-09 07:00:00,169904.78,164075.24,148919.56,168479.02456102998,170176.3727348555,179254.98687544826
2023-05-09 08:00:00,174359.08,168778.5,152770.78,172470.95076099198,174839.4179570575,182054.00033077566
2023-05-09 09:00:00,182493.19,176365.0,158706.48,179020.02657280938,180765.19351888384,189750.01325277565
2023-05-09 10:00:00,188136.51,182795.49,161365.37,183636.70132988447,184919.5975058689,193529.29142817328
2023-05-09 11:00:00,190564.82,184794.79,164753.36,186306.3433027076,187613.75713686013,193690.8074670033
2023-05-09 12:00:00,190924.16,185239.54,165323.09,186447.03602253526,188301.92488258885,192548.79413884113
2023-05-09 13:00:00,187612.57,183064.42,161182.81,183098.2668757995,184684.71369343577,188634.71136321616
2023-05-09 14:00:00,189506.33,185181.46,162488.86,184509.09588088046,185747.3933285614,190875.4419715852
2023-05-09 15:00:00,190675.67,186182.62,162623.19,185096.45287646848,186063.75695242028,192560.15056095904
2023-05-09 16:00:00,185056.66,182044.18,160174.07,181465.96533263646,182553.49044347543,187843.42302472
2023-05-09 17:00:00,179119.75,177686.86,158420.08,177943.28919406445,179457.67069185487,182683.55459989543
2023-05-09 18:00:00,178707.73,177514.62,160940.21,179209.02524245446,178725.67735255757,180875.41128116674
2023-05-09 19:00:00,187961.92,185600.56,170156.13,188708.85365977857,187572.8010272635,190033.1075860052
2023-05-09 20:00:00,187700.45,184697.37,166899.85,187050.9634811968,186746.36977069385,187755.65676380455
2023-05-09 21:00:00,186863.92,183219.9,162934.64,184582.4567025911,185767.32084023897,185309.31234562738
2023-05-09 22:00:00,188576.57,183603.58,161113.22,184388.9202163929,185425.03417572915,186219.6242783475
2023-05-09 23:00:00,186522.24,182013.47,157456.09,181896.34610621797,184539.24148219396,185016.40808047605
2023-05-10 00:00:00,182383.91,177605.97,153510.09,176818.79457806467,179881.73808070668,182201.18593628344
2023-05-10 01:00:00,178364.49,173705.09,149766.27,172487.02696156924,174398.07798358658,177951.73610224636
2023-05-10 02:00:00,174043.73,169624.61,146470.5,168548.2617790141,170657.94459928095,173338.63754313719
2023-05-10 03:00:00,171141.65,166532.85,144602.78,165809.39325141726,167411.75188986695,170547.5928198077
2023-05-10 04:00:00,169617.75,165372.64,145053.4,165182.53373658747,167175.5791267775,170111.6620483642
2023-05-10 05:00:00,171496.58,166994.86,149100.49,167724.09213961355,170914.58877011947,172533.1136303114
2023-05-10 06:00:00,171844.95,168559.29,153869.33,170418.4458832754,172208.52710318926,176380.80523802573
2023-05-10 07:00:00,173261.31,169904.78,157551.13,172426.88274983186,173869.92056461365,177973.57660054474
2023-05-10 08:00:00,176013.93,174359.08,161074.59,176299.08215804497,178385.19077572075,180374.42817544425
2023-05-10 09:00:00,184242.94,182493.19,166343.81,182921.79048490955,185168.96915041038,187809.63304732778
2023-05-10 10:00:00,189556.73,188136.51,169061.14,187225.72736990798,189726.54376306533,192030.68306048238
2023-05-10 11:00:00,191422.5,190564.82,169542.18,188955.0552838536,192089.5979408621,192442.73350829486
2023-05-10 12:00:00,190598.53,190924.16,168431.43,188786.69078804922,192079.9001658665,191494.183439108
2023-05-10 13:00:00,187536.4,187612.57,162764.54,184803.98809660855,188587.6104078888,187751.3252453958
2023-05-10 14:00:00,190463.15,189506.33,161717.2,185298.7178791291,188371.74214726296,189798.35220954177
2023-05-10 15:00:00,192111.36,190675.67,161965.3,185818.60837895624,190038.3805859937,191748.65880202828
2023-05-10 16:00:00,186795.11,185056.66,159553.37,181633.02008072313,185382.90817041614,188386.62787694627
2023-05-10 17:00:00,181818.77,179119.75,157733.06,177214.07710896252,179884.4614650834,181976.27506964962
2023-05-10 18:00:00,180461.91,178707.73,160240.56,178386.6580068098,180473.89860849452,180246.07886647273
2023-05-10 19:00:00,192005.48,187961.92,169076.73,188259.380840913,188654.35419222873,189725.80223540534
2023-05-10 20:00:00,192298.67,187700.45,166014.32,187081.24735633662,188085.86456670845,187016.40009117397
2023-05-10 21:00:00,191581.79,186863.92,162001.28,185098.24355760537,187697.8275230207,184905.9763561396
2023-05-10 22:00:00,193612.78,188576.57,160614.35,185744.7815549344,186336.21555591183,186321.9758661971
2023-05-10 23:00:00,192209.94,186522.24,157430.94,183437.95406878716,184610.52232181496,185045.13765390968
2023-05-11 00:00:00,187550.93,182383.91,153331.59,176566.81116642957,180954.68339285243,188085.18168218018
2023-05-11 01:00:00,181868.7,178364.49,149733.7,172352.16843779854,176904.26705296172,184147.94016541546
2023-05-11 02:00:00,176709.16,174043.73,146396.31,168315.57578039166,172920.85386056942,180201.1532618941
2023-05-11 03:00:00,173548.08,171141.65,144229.77,165567.7580536443,170330.62304625052,178254.84988578313
2023-05-11 04:00:00,171881.04,169617.75,144142.54,164599.42241347197,169901.65383538883,178226.63985210456
2023-05-11 05:00:00,173733.56,171496.58,148765.03,167624.4032129065,173627.90210749753,180859.03794499265
2023-05-11 06:00:00,174503.04,171844.95,154752.74,170864.7973196437,174635.20554906287,184060.70367587107
2023-05-11 07:00:00,175517.15,173261.31,157537.27,173050.57097781263,176568.4471037085,184743.00158263612
2023-05-11 08:00:00,180669.31,176013.93,160755.98,176536.17578838224,179512.3667241243,187240.19195373566
2023-05-11 09:00:00,188666.45,184242.94,167055.09,184269.9472355201,187343.7917387802,195409.73608833426
2023-05-11 10:00:00,194278.15,189556.73,169919.36,189075.51915766683,192624.59099351766,199891.76230128435
2023-05-11 11:00:00,195854.25,191422.5,171053.14,190817.5907109902,194304.18333491497,200614.23783563136
2023-05-11 12:00:00,196204.72,190598.53,170115.46,190282.12216438455,194520.37166188218,200169.82633612622
2023-05-11 13:00:00,193212.0,187536.4,166081.77,186891.2671030715,191161.09864359087,196417.00146622755
2023-05-11 14:00:00,196533.0,190463.15,166955.03,188847.29939458356,192849.74783366203,198645.5502212354
2023-05-11 15:00:00,197977.51,192111.36,168524.3,190276.0139923528,193763.52755688597,199407.0563441857
2023-05-11 16:00:00,192750.49,186795.11,165122.93,185410.29948661782,188813.801944875,193881.47902038303
2023-05-11 17:00:00,185686.82,181818.77,163584.04,181291.6584662014,182230.70514501425,186551.06572914583
2023-05-11 18:00:00,183439.68,180461.91,165716.19,181424.06252366473,181614.43999025642,184416.71972424633
2023-05-11 19:00:00,193545.88,192005.48,175651.49,191730.73941886117,191989.8851063053,193055.96500542038
2023-05-11 20:00:00,193640.59,192298.67,173650.52,190766.99686196237,191245.5676490497,190757.97176233804
2023-05-11 21:00:00,192982.78,191581.79,170264.32,188848.24574391838,189858.7276433269,189124.45687400823
2023-05-11 22:00:00,196019.65,193612.78,169273.65,189516.96335928238,189701.13800116186,190770.25736692926
2023-05-11 23:00:00,195354.14,192209.94,165606.54,187142.28724842652,188256.72470590626,189388.24863950087
2023-05-12 00:00:00,190479.17,187550.93,161206.25,183071.88026777658,184583.16131142012,191881.55965321453
2023-05-12 01:00:00,184955.03,181868.7,156861.65,178162.47101079844,179601.03927084754,188747.62346331973
2023-05-12 02:00:00,179726.82,176709.16,153306.3,173704.72550828257,175684.35703675903,185387.42860358467
2023-05-12 03:00:00,175939.15,173548.08,150738.52,170702.132827611,171853.17237862435,183634.85025150498
2023-05-12 04:00:00,174173.89,171881.04,151068.05,169864.80570400436,171868.7062067153,183882.65103548366
2023-05-12 05:00:00,175439.7,173733.56,155202.49,172663.22657001542,175062.17964803244,186169.40166620322
2023-05-12 06:00:00,176100.13,174503.04,159244.76,174906.6117369585,175855.07503297072,188600.8562435329
2023-05-12 07:00:00,177192.61,175517.15,162193.37,176838.59121304128,177407.4950830331,189578.7788418743
2023-05-12 08:00:00,180794.86,180669.31,165617.12,181095.9366474415,181687.4457047522,192455.90402958682
2023-05-12 09:00:00,189589.02,188666.45,172368.14,189178.3975142562,189303.67073285911,201683.79128302002
2023-05-12 10:00:00,196400.43,194278.15,176472.52,194487.11789639443,194293.99556867982,206911.43777288267
2023-05-12 11:00:00,198620.81,195854.25,178501.03,196428.12026846004,195812.14607095305,208487.85071235034
2023-05-12 12:00:00,198231.34,196204.72,178728.45,196593.2755099394,196061.62137235305,207744.63860757416
2023-05-12 13:00:00,197016.59,193212.0,174411.41,192890.90789047105,192939.34160708752,203012.97573407544
2023-05-12 14:00:00,200725.72,196533.0,175653.95,195108.7366813785,195486.50398688647,204908.06717618814
2023-05-12 15:00:00,203044.41,197977.51,175327.51,195781.46347101897,195989.33775880426,204917.6362927247
2023-05-12 16:00:00,198452.55,192750.49,171244.24,190698.27865624605,191409.79911183854,200939.61744368865
2023-05-12 17:00:00,190473.43,185686.82,167731.01,185152.490982966,185057.5512409376,194732.3266767486
2023-05-12 18:00:00,186131.55,183439.68,169986.54,185035.06087862278,183715.40091709007,193246.3100898682
2023-05-12 19:00:00,196059.57,193545.88,180601.19,195667.40364015297,193654.51300104646,202023.50563375262
2023-05-12 20:00:00,197365.49,193640.59,179845.95,195228.40925049628,194066.6084520201,199620.638691854
2023-05-12 21:00:00,196644.71,192982.78,177631.17,193864.78304151195,192880.08074477935,198029.21086874697
2023-05-12 22:00:00,199793.04,196019.65,177039.76,195269.62901215424,194613.17545439815,199323.40704767974
2023-05-12 23:00:00,198947.52,195354.14,174294.54,193390.63427020644,193607.52189680774,198317.77465938995
2023-05-13 00:00:00,192375.64,190479.17,169682.72,187234.99571648584,191774.06676976132,194722.32547661773
2023-05-13 01:00:00,187013.34,184955.03,165337.36,182238.33917824563,186583.23823158763,190507.53053657716
2023-05-13 02:00:00,181632.69,179726.82,161417.89,177507.84286831084,181699.50563859794,186349.81017525465
2023-05-13 03:00:00,177903.51,175939.15,158601.08,174213.67693809752,178503.6923567037,184069.99888527
2023-05-13 04:00:00,175978.38,174173.89,158505.5,173097.95812316495,176725.13796055366,183919.40232733052
2023-05-13 05:00:00,176667.98,175439.7,161891.64,175406.6407796892,178576.99692593253,186514.91711445752
2023-05-13 06:00:00,176955.56,176100.13,164792.19,177059.40034737712,178790.7626832174,189757.79978520097
2023-05-13 07:00:00,177936.82,177192.61,165292.89,178251.1498947403,179797.02323251942,191314.3450774493
2023-05-13 08:00:00,180493.45,180794.86,167847.75,181566.58763152998,183017.01887485472,193793.93538527514
2023-05-13 09:00:00,188273.2,189589.02,172661.12,189009.20907729698,190278.21849645555,200787.9198660782
2023-05-13 10:00:00,194170.47,196400.43,177399.85,194716.3188335349,196513.4681650625,204893.78897927632
2023-05-13 11:00:00,197975.53,198620.81,180068.42,196984.4803751562,198420.1800625507,206104.03319166292
2023-05-13 12:00:00,198103.53,198231.34,179091.24,196305.52143504322,198259.58450340657,205377.23444318108
2023-05-13 13:00:00,196384.72,197016.59,175412.5,193505.79843955333,195289.0349478536,200945.49148918566
2023-05-13 14:00:00,200357.63,200725.72,176069.36,195809.57111075983,196471.7565963853,202158.78687961053
2023-05-13 15:00:00,201348.57,203044.41,177273.87,197398.22789481797,198019.5635345468,203061.86034438535
2023-05-13 16:00:00,195495.52,198452.55,173631.11,192760.9686023294,193726.52302614943,198247.0584511741
2023-05-13 17:00:00,187162.56,190473.43,170724.47,187097.39292345228,187915.81567837362,191812.31853394676
2023-05-13 18:00:00,184058.02,186131.55,171974.24,185605.73624795285,185992.25705243472,190574.4660590511
2023-05-13 19:00:00,193301.51,196059.57,181620.61,195934.46844521747,195340.0532768154,200242.6308975344
2023-05-13 20:00:00,194628.11,197365.49,180986.16,196079.69979228114,196687.06794428968,198078.49537573892
2023-05-13 21:00:00,194992.57,196644.71,179033.98,194781.7912037362,194834.58021050243,196077.13295089768
2023-05-13 22:00:00,197510.42,199793.04,179216.46,196525.0347733767,197115.87919614505,196948.8232557774
2023-05-13 23:00:00,196315.65,198947.52,177027.64,194987.70793911966,195519.80861757547,195654.05671177403
2023-05-14 00:00:00,192747.28,192375.64,173226.29,184882.94175999254,191202.79844449804,192981.15435468112
2023-05-14 01:00:00,187488.17,187013.34,168399.3,179657.70383213172,186105.77679415102,189206.27135624536
2023-05-14 02:00:00,182085.75,181632.69,164600.86,174918.90186926784,181561.183344862,185983.74636969916
2023-05-14 03:00:00,177558.75,177903.51,161680.66,171627.07140286104,178039.5426507032,184320.9491230217
2023-05-14 04:00:00,174473.92,175978.38,160528.97,170038.4763561337,176125.1761567751,183926.30501317975
2023-05-14 05:00:00,173724.09,176667.98,161006.99,171052.1412832486,175960.9276927031,185251.32591578236
2023-05-14 06:00:00,172096.43,176955.56,159630.66,171162.93228535028,174703.8843511047,186049.02573310258
2023-05-14 07:00:00,169449.67,177936.82,158187.1,171564.71928487316,173230.41581600453,186345.12552148255
2023-05-14 08:00:00,169995.08,180493.45,160152.24,174488.50538846737,175175.56983547553,188578.3188268889
2023-05-14 09:00:00,174658.65,188273.2,164147.07,181024.07938284002,179981.4919005187,193055.2280218092
2023-05-14 10:00:00,181340.7,194170.47,167062.82,185888.86443133582,184476.83995931761,195229.3374268526
2023-05-14 11:00:00,184176.94,197975.53,169478.54,188556.77795608205,186610.49191847935,195236.10803422067
2023-05-14 12:00:00,184586.36,198103.53,169859.65,188592.0580104635,186508.28464062745,194452.87738023413
2023-05-14 13:00:00,184049.34,196384.72,167833.39,186300.02154506804,184477.10726042464,190692.30776031877
2023-05-14 14:00:00,188043.75,200357.63,167601.42,188317.18683077183,185234.46846020658,190072.5716968269
2023-05-14 15:00:00,189607.12,201348.57,166896.86,188751.4996939752,183874.3592329509,189815.29959305725
2023-05-14 16:00:00,184029.89,195495.52,163587.34,183984.34366023215,180092.7531966513,185501.1888296844
2023-05-14 17:00:00,174962.57,187162.56,159106.43,177413.2850847492,175303.15150600928,179289.38436184323
2023-05-14 18:00:00,170661.45,184058.02,161892.51,176584.6030032147,174317.933161547,179475.50878905837
2023-05-14 19:00:00,181017.07,193301.51,173564.88,186818.06049414215,184848.71787141252,190688.996932021
2023-05-14 20:00:00,183825.94,194628.11,174812.54,187680.97292645127,186811.17070725907,191250.44482139108
2023-05-14 21:00:00,184950.72,194992.57,174980.07,187452.0264404927,188320.14251306595,190476.65650639904
2023-05-14 22:00:00,188657.02,197510.42,177464.09,189860.84188301486,189916.27995240284,191649.97719964356
2023-05-14 23:00:00,188787.99,196315.65,176599.15,188766.94405096045,189032.66868353164,190624.8346039415
2023-05-15 00:00:00,184640.07,192747.28,169727.43,186922.7612483892,185498.36971665188,186559.70367738733
2023-05-15 01:00:00,178594.11,187488.17,164878.41,181693.0457709182,180325.4999847071,183577.7627963566
2023-05-15 02:00:00,174353.62,182085.75,160903.98,176822.56599642802,175909.54851794156,180883.72333158192
2023-05-15 03:00:00,170908.54,177558.75,157958.54,173080.68379845383,172469.50096068444,179643.37607988185
2023-05-15 04:00:00,169390.53,174473.92,156550.74,171011.890183945,170231.83502418146,180141.4871744497
2023-05-15 05:00:00,171038.4,173724.09,158587.57,171952.44182365766,170042.7622650755,183614.76494739993
2023-05-15 06:00:00,172226.78,172096.43,161933.24,172943.0259059925,172914.09587312365,188460.47479377154
2023-05-15 07:00:00,174523.12,169449.67,164075.24,173191.83628564418,174438.04276961743,190639.7633179973
2023-05-15 08:00:00,179662.34,169995.08,168778.5,175999.7308837293,177815.677983841,194224.38518961423
2023-05-15 09:00:00,188317.72,174658.65,176365.0,182774.54603077145,184965.0505935077,202096.32357827693
2023-05-15 10:00:00,195574.25,181340.7,182795.49,189134.10683181544,191501.17429974928,206278.30899756262
2023-05-15 11:00:00,199624.26,184176.94,184794.79,191503.66348264186,194501.19090510844,207041.0060694926
2023-05-15 12:00:00,198237.32,184586.36,185239.54,191624.08868334064,194470.62339012232,205997.1616973108
2023-05-15 13:00:00,199029.66,184049.34,183064.42,190044.64464271377,193903.44324164352,201678.22965059537
2023-05-15 14:00:00,202690.94,188043.75,185181.46,193015.08212245937,199034.80102442577,202822.30083295205
2023-05-15 15:00:00,205328.54,189607.12,186182.62,194332.8220540388,201860.2847295115,204237.34567923273
2023-05-15 16:00:00,201095.84,184029.89,182044.18,189437.90940854332,195770.22936897393,200874.96215607526
2023-05-15 17:00:00,191343.62,174962.57,177686.86,182431.93450620817,186012.60537169158,195353.13460382182
2023-05-15 18:00:00,184975.65,170661.45,177514.62,180038.38077778913,182454.80574584595,195293.74005736466
2023-05-15 19:00:00,193661.92,181017.07,185600.56,189603.33017668457,191805.7220396903,205012.42543072163
2023-05-15 20:00:00,195661.73,183825.94,184697.37,190433.69363194943,193776.9836438053,203106.86910462927
2023-05-15 21:00:00,195634.83,184950.72,183219.9,189953.59082306785,194524.52124870694,200495.1698264228
2023-05-15 22:00:00,197577.93,188657.02,183603.58,192030.57811670267,198689.31850594043,200464.00819978426
2023-05-15 23:00:00,195002.07,188787.99,182013.47,191089.79592627098,197996.7238360106,198817.57432720595
2023-05-16 00:00:00,191203.79,184640.07,177605.97,186797.08551731726,193362.5646639866,191133.75168160372
2023-05-16 01:00:00,185341.78,178594.11,173705.09,181667.27054877463,187712.49276038335,187151.96382894754
2023-05-16 02:00:00,180435.92,174353.62,169624.61,177163.93403442064,183202.56875146792,183569.25104730736
2023-05-16 03:00:00,175029.21,170908.54,166532.85,173758.91026320562,179378.08855004373,181642.93038854472
2023-05-16 04:00:00,173248.79,169390.53,165372.64,172263.16667235355,177410.35330886848,181370.01030076505
2023-05-16 05:00:00,174674.58,171038.4,166994.86,173847.4827444964,178657.42004411703,184054.2632297578
2023-05-16 06:00:00,176169.6,172226.78,168559.29,175233.1160328015,177747.3475510896,188154.1798524916
2023-05-16 07:00:00,178739.71,174523.12,169904.78,176840.34169804925,179566.02248072674,190477.62311909307
2023-05-16 08:00:00,183714.7,179662.34,174359.08,180965.85081235087,183650.35673576995,193263.47517098376
2023-05-16 09:00:00,192990.22,188317.72,182493.19,188979.0329595216,191152.30425135675,200489.93935519902
2023-05-16 10:00:00,199305.45,195574.25,188136.51,195250.84155867685,197976.5070265797,204212.96231029177
2023-05-16 11:00:00,202529.49,199624.26,190564.82,198595.6856814648,201420.89898507379,205695.98464508762
2023-05-16 12:00:00,203784.81,198237.32,190924.16,198236.24152131175,200704.67322683643,204753.95254838635
2023-05-16 13:00:00,203006.8,199029.66,187612.57,196770.31256960763,200106.49836088344,201009.74538569368
2023-05-16 14:00:00,205910.41,202690.94,189506.33,199767.93543542904,203171.33451625245,203420.2055749427
2023-05-16 15:00:00,208407.05,205328.54,190675.67,201384.72333006244,204947.17407233757,204905.23255155716
2023-05-16 16:00:00,200641.17,201095.84,185056.66,196322.18495039662,200304.81660525818,200198.0594659231
2023-05-16 17:00:00,193288.27,191343.62,179119.75,188455.4019929762,191975.30110542246,196001.22623941605
2023-05-16 18:00:00,187006.81,184975.65,178707.73,185316.33685254093,187712.88277869544,195185.2265005867
2023-05-16 19:00:00,196512.58,193661.92,187961.92,194581.38044539068,196206.4921692746,204480.24587271543
2023-05-16 20:00:00,198434.18,195661.73,187700.45,195388.9714084561,197620.97844997086,202451.12427281312
2023-05-16 21:00:00,198788.92,195634.83,186863.92,194934.4475311009,197666.8982519676,199932.31268352977
2023-05-16 22:00:00,200810.22,197577.93,188576.57,196779.16242725484,199563.23486414,200539.10028057118
2023-05-16 23:00:00,199840.99,195002.07,186522.24,194707.33976872556,197053.70588537768,198976.1396112982
2023-05-17 00:00:00,196416.09,191203.79,182383.91,191248.2126715462,193776.64080274332,196414.63376004028
2023-05-17 01:00:00,193228.69,185341.78,178364.49,186087.93775978213,188742.46091839098,192850.92358332538
2023-05-17 02:00:00,190609.97,180435.92,174043.73,181333.53141415687,183874.8836340339,188956.0161354058
2023-05-17 03:00:00,186896.38,175029.21,171141.65,177188.15490571872,179129.76950400576,186528.18789582019
2023-05-17 04:00:00,184506.79,173248.79,169617.75,175405.59317234138,177246.61821134444,186304.462637485
2023-05-17 05:00:00,185102.17,174674.58,171496.58,176879.45485220867,178312.27775959854,188915.44831474542
2023-05-17 06:00:00,183612.31,176169.6,171844.95,177794.50975781493,179160.32602787673,192708.48607232756
2023-05-17 07:00:00,185098.29,178739.71,173261.31,179306.30659789097,180672.56267578175,194882.9647992266
2023-05-17 08:00:00,189596.29,183714.7,176013.93,182821.03222035832,185410.71261096973,198025.33431497207
2023-05-17 09:00:00,198141.17,192990.22,184242.94,190851.49194920866,193668.63887338742,205322.01795137793
2023-05-17 10:00:00,203764.25,199305.45,189556.73,196875.06206047945,199937.7057801297,209715.9291849074
2023-05-17 11:00:00,206616.14,202529.49,191422.5,199522.70967355042,202872.19886888313,210441.07564494526
2023-05-17 12:00:00,207681.62,203784.81,190598.53,199564.44383313318,203671.09943065295,209662.14939630887
2023-05-17 13:00:00,208119.53,203006.8,187536.4,197835.7035491212,201963.32044495738,205896.63765632833
2023-05-17 14:00:00,212171.48,205910.41,190463.15,200757.33377456866,204355.30745356827,207468.10410362962
2023-05-17 15:00:00,212564.87,208407.05,192111.36,202674.54708273645,206497.5152207089,209188.9912837921
2023-05-17 16:00:00,205424.22,200641.17,186795.11,196563.91220208752,200260.69583507307,205877.36717375537
2023-05-17 17:00:00,196647.67,193288.27,181818.77,189682.75825352597,192994.48954096998,200293.50262084504
2023-05-17 18:00:00,189756.35,187006.81,180461.91,185887.63591139382,187968.87686955763,199295.19031185014
2023-05-17 19:00:00,196459.06,196512.58,192005.48,196263.35283819112,197189.14725709532,208778.14189322563
2023-05-17 20:00:00,197280.92,198434.18,192298.67,197425.0347094004,198310.34559112048,206796.90559880223
2023-05-17 21:00:00,196798.89,198788.92,191581.79,197183.08248486358,198761.58630853597,204618.76276266825
2023-05-17 22:00:00,198848.1,200810.22,193612.78,199249.47385187235,200702.38698097554,205564.86310983248
2023-05-17 23:00:00,197521.3,199840.99,192209.94,198008.65696625554,199512.33470963134,203920.31472387342
2023-05-18 00:00:00,191138.2,196416.09,187550.93,193014.66489798954,195355.0099467883,193648.1576349523
2023-05-18 01:00:00,180981.73,193228.69,181868.7,188204.33935408664,192020.05019220375,190027.83007956733
2023-05-18 02:00:00,172354.44,190609.97,176709.16,184188.1581389789,189275.30537103012,186383.00494746168
2023-05-18 03:00:00,167038.83,186896.38,173548.08,180610.6242530554,186282.10715362264,184287.904588801
2023-05-18 04:00:00,163810.22,184506.79,171881.04,178796.63798211308,184221.59134102514,183926.81640455103
2023-05-18 05:00:00,164887.93,185102.17,173733.56,180385.43465426943,184330.84053151496,186626.25092560344
2023-05-18 06:00:00,165766.63,183612.31,174503.04,180931.36528368513,183735.96363597224,189874.1862537549
2023-05-18 07:00:00,167882.92,185098.29,175517.15,182763.33283685593,184632.79368724255,190886.3125222284
2023-05-18 08:00:00,173298.19,189596.29,180669.31,187651.2706798969,189136.1082388421,193595.3724596263
2023-05-18 09:00:00,183932.25,198141.17,188666.45,196102.0196077945,196953.75005713443,201775.15832918743
2023-05-18 10:00:00,192315.44,203764.25,194278.15,201971.54049531923,201755.7383884236,206004.37902930065
2023-05-18 11:00:00,198150.53,206616.14,195854.25,204560.35210473047,205087.84895259544,207279.8505313555
2023-05-18 12:00:00,201110.44,207681.62,196204.72,204815.92155652874,206639.30717780173,206663.51411097558
2023-05-18 13:00:00,200115.23,208119.53,193212.0,203758.90346800254,206597.1371283788,202902.66759967164
2023-05-18 14:00:00,203627.16,212171.48,196533.0,207181.79120148832,210049.05923256834,205198.32749330706
2023-05-18 15:00:00,204971.07,212564.87,197977.51,208499.38034038394,210802.96681542863,206662.88051089397
2023-05-18 16:00:00,199731.98,205424.22,192750.49,202579.51286163495,203410.49270682703,201164.3810469873
2023-05-18 17:00:00,191326.61,196647.67,185686.82,194625.50966953542,195631.031914506,194564.9992228858
2023-05-18 18:00:00,185564.38,189756.35,183439.68,189953.78983055125,188737.4163219629,193262.16341390216
2023-05-18 19:00:00,192791.87,196459.06,193545.88,198612.76151185486,195678.12627081337,201879.05550927483
2023-05-18 20:00:00,195059.48,197280.92,193640.59,199210.85737581502,196377.7846007436,199981.194999561
2023-05-18 21:00:00,195280.32,196798.89,192982.78,198543.30514979738,195719.0739865282,198179.67781351617
2023-05-18 22:00:00,197212.82,198848.1,196019.65,200642.7420032397,197853.7253131133,199644.25783402554
2023-05-18 23:00:00,195174.16,197521.3,195354.14,199137.9962438968,196638.03105146092,197781.30496650448
2023-05-19 00:00:00,192268.75,191138.2,190479.17,189413.0611435028,189815.61602135687,191023.29653561205
2023-05-19 01:00:00,189319.93,180981.73,184955.03,182455.91993997063,183012.9306971212,186476.01729788852
2023-05-19 02:00:00,186423.43,172354.44,179726.82,176409.09193257222,178706.15245637338,182546.09627541192
2023-05-19 03:00:00,183095.38,167038.83,175939.15,171908.5280058487,174628.65628239154,180189.41354415874
2023-05-19 04:00:00,181265.72,163810.22,174173.89,169725.8555591766,173617.11641668782,179916.16746626684
2023-05-19 05:00:00,181380.87,164887.93,175439.7,171141.10447564357,174925.13810231723,182010.95949834454
2023-05-19 06:00:00,181333.52,165766.63,176100.13,172218.40402206627,175224.06108645885,184135.45095580092
2023-05-19 07:00:00,181985.68,167882.92,177192.61,174250.1549078709,175449.45742831708,185298.7992749997
2023-05-19 08:00:00,186128.79,173298.19,180794.86,178826.52184336254,180015.89799059875,188131.82711651793
2023-05-19 09:00:00,195082.08,183932.25,189589.02,188157.84286328708,188036.057277033,197010.0829608919
2023-05-19 10:00:00,201968.8,192315.44,196400.43,195093.40458867798,194700.07445771137,202186.26683011508
2023-05-19 11:00:00,205990.36,198150.53,198620.81,198791.3629136934,198401.50248193703,204087.4431366273
2023-05-19 12:00:00,207509.03,201110.44,198231.34,200021.42918730067,200631.20563651243,203699.1966611219
2023-05-19 13:00:00,205074.74,200115.23,197016.59,198843.74185302958,199603.654791809,199487.216903383
2023-05-19 14:00:00,207498.43,203627.16,200725.72,202075.46324880034,202875.20213895332,201691.05084400784
2023-05-19 15:00:00,209315.92,204971.07,203044.41,203668.5127963531,204014.31979454946,201322.58796114783
2023-05-19 16:00:00,201971.5,199731.98,198452.55,198152.56367978518,198735.52768027884,197145.96404423672
2023-05-19 17:00:00,193048.84,191326.61,190473.43,190454.87189709974,190655.7676133041,191567.24125759533
2023-05-19 18:00:00,186226.12,185564.38,186131.55,185606.3721395011,186177.74460997013,190647.211372301
2023-05-19 19:00:00,193774.41,192791.87,196059.57,194107.5829317275,194765.87485720217,200099.88916187466
2023-05-19 20:00:00,195682.67,195059.48,197365.49,195544.92719573955,195990.60964896667,198352.19767922297
2023-05-19 21:00:00,197599.01,195280.32,196644.71,195188.21874425086,195591.8289940473,196913.30013429662
2023-05-19 22:00:00,200914.09,197212.82,199793.04,197235.5684376334,198195.48479745214,197982.9151700879
2023-05-19 23:00:00,199963.04,195174.16,198947.52,195734.85484184866,196621.73000780967,196559.14611811744
2023-05-20 00:00:00,196689.43,192268.75,192375.64,192747.78989546525,195442.15065542806,196078.08983335597
2023-05-20 01:00:00,193026.21,189319.93,187013.34,188342.22551926816,191928.8117361073,192014.4327660124
2023-05-20 02:00:00,188320.07,186423.43,181632.69,184205.87185615845,189364.47615194044,188123.99482257798
2023-05-20 03:00:00,184485.08,183095.38,177903.51,180579.47942199485,185981.6406796148,185663.8805150576
2023-05-20 04:00:00,181935.93,181265.72,175978.38,178650.12059605075,184018.96957088797,185476.8234374622
2023-05-20 05:00:00,182486.79,181380.87,176667.98,179402.97221879667,183897.54449097632,188267.9277339834
2023-05-20 06:00:00,181963.9,181333.52,176955.56,179640.36613998297,183391.91009132506,191111.1438817
2023-05-20 07:00:00,181973.29,181985.68,177936.82,180848.919674688,184108.68581411257,192456.28438417087
2023-05-20 08:00:00,185464.39,186128.79,180493.45,184613.04543877766,187448.42756664514,195110.4333886084
2023-05-20 09:00:00,194176.95,195082.08,188273.2,193030.95142341574,195561.84795825148,201576.21771077643
2023-05-20 10:00:00,201493.89,201968.8,194170.47,199328.85495498567,201730.2668105733,206006.84317592543
2023-05-20 11:00:00,205656.17,205990.36,197975.53,203069.86062384569,205579.21715303697,207959.04120936114
2023-05-20 12:00:00,207932.21,207509.03,198103.53,203986.17984157713,206251.6400104361,207014.81351647177
2023-05-20 13:00:00,206874.54,205074.74,196384.72,202252.85612642523,204523.94666099516,203029.98293369188
2023-05-20 14:00:00,209316.1,207498.43,200357.63,205325.79664246723,207610.0969576241,203860.24361209612
2023-05-20 15:00:00,209664.92,209315.92,201348.57,206493.11569615826,208645.92586394568,204597.7323695792
2023-05-20 16:00:00,204022.12,201971.5,195495.52,200077.74422102503,201214.75137962512,199828.3178828037
2023-05-20 17:00:00,194795.87,193048.84,187162.56,191825.3506161953,192969.74824348136,193966.55097625824
2023-05-20 18:00:00,188181.11,186226.12,184058.02,186861.05171595342,187371.67974618764,193090.56048726334
2023-05-20 19:00:00,196631.95,193774.41,193301.51,194850.72746874142,194849.64306496913,203001.55151229535
2023-05-20 20:00:00,199010.97,195682.67,194628.11,196104.49512035187,196107.5783658359,201824.23272411682
2023-05-20 21:00:00,199946.55,197599.01,194992.57,196611.6220505589,197961.00926989812,200222.67298057652
2023-05-20 22:00:00,204577.1,200914.09,197510.42,199035.3429205175,200945.22089626984,201123.0675220088
2023-05-20 23:00:00,204527.22,199963.04,196315.65,197728.28256814208,199611.28493455192,199778.37469329973
2023-05-21 00:00:00,200720.27,196689.43,192747.28,191891.62893253125,197711.47757081996,201761.7955665801
2023-05-21 01:00:00,196148.92,193026.21,187488.17,186633.60106908614,194093.526270054,198204.46962820878
2023-05-21 02:00:00,191925.34,188320.07,182085.75,181289.58150615418,189884.31118230187,195264.20656054746
2023-05-21 03:00:00,187674.78,184485.08,177558.75,177152.37500940132,186208.32056577655,193555.54046058506
2023-05-21 04:00:00,185024.88,181935.93,174473.92,174548.29524680917,183847.09711604513,192937.6219883533
2023-05-21 05:00:00,184090.4,182486.79,173724.09,174888.3116287674,183555.5964570173,193953.91621503208
2023-05-21 06:00:00,180945.06,181963.9,172096.43,174505.3948691489,180932.6758160222,193958.4676782204
2023-05-21 07:00:00,179477.12,181973.29,169449.67,174274.42632895053,178853.71873102468,194042.77475353295
2023-05-21 08:00:00,181803.43,185464.39,169995.08,177203.52231581323,180255.64131492982,196295.61824116393
2023-05-21 09:00:00,187385.16,194176.95,174658.65,184734.5916539537,186617.57534955084,200551.15384228062
2023-05-21 10:00:00,191841.27,201493.89,181340.7,191662.32633820357,193391.50296547706,203265.1686579954
2023-05-21 11:00:00,195207.54,205656.17,184176.94,195513.2529248158,197371.45514235343,203978.35542872202
2023-05-21 12:00:00,196469.48,207932.21,184586.36,197079.52247553962,198271.02336937998,203668.9831295295
2023-05-21 13:00:00,197315.54,206874.54,184049.34,195931.33967345447,197575.7145623868,200603.41134821114
2023-05-21 14:00:00,201132.05,209316.1,188043.75,198769.0620841994,199469.2493287221,199789.46788446605
2023-05-21 15:00:00,199829.51,209664.92,189607.12,199675.4347373441,199659.71774192952,199334.44293787467
2023-05-21 16:00:00,191956.83,204022.12,184029.89,194187.05706514805,193324.21045061477,195171.8759210778
2023-05-21 17:00:00,182586.91,194795.87,174962.57,185606.51152476371,184810.47190936838,189188.26317073556
2023-05-21 18:00:00,177926.69,188181.11,170661.45,180562.63753843904,179159.18837675627,190207.76986183078
2023-05-21 19:00:00,185735.97,196631.95,181017.07,189370.52136721995,189562.9455845434,201551.27308077837
2023-05-21 20:00:00,189687.46,199010.97,183825.94,191556.94535300558,193009.66182661013,202736.2132854008
2023-05-21 21:00:00,192936.41,199946.55,184950.72,192302.58204768,193997.35467471083,202331.66893272963
2023-05-21 22:00:00,197865.13,204577.1,188657.02,195748.54686475967,198162.69701398787,203709.80293273556
2023-05-21 23:00:00,198219.64,204527.22,188787.99,195199.28664631915,198361.14870578962,202911.57392738317
2023-05-22 00:00:00,194305.69,200720.27,184640.07,197743.4139397462,194748.26225291425,194941.17821587098
2023-05-22 01:00:00,189581.45,196148.92,178594.11,192918.65650875974,190114.53301955812,191361.29297504277
2023-05-22 02:00:00,184824.28,191925.34,174353.62,188794.81784498063,187115.88148130474,188432.79648913085
2023-05-22 03:00:00,180523.66,187674.78,170908.54,185007.43614273972,182359.22651703557,186768.6658511844
2023-05-22 04:00:00,177467.87,185024.88,169390.53,182949.00862699686,180739.5114960944,186560.8016969588
2023-05-22 05:00:00,177408.97,184090.4,171038.4,183455.25179245445,180381.91815837976,189464.93776414814
2023-05-22 06:00:00,176645.55,180945.06,172226.78,183026.37715452947,179591.98820629515,193460.94434291066
2023-05-22 07:00:00,177921.22,179477.12,174523.12,183684.320070024,181461.23519506073,195638.72543192614
2023-05-22 08:00:00,184059.98,181803.43,179662.34,187597.85447226017,184889.32505320088,199604.66151145264
2023-05-22 09:00:00,193540.67,187385.16,188317.72,195324.92558480095,193316.64969045948,207362.67748233647
2023-05-22 10:00:00,201105.85,191841.27,195574.25,201550.7122194246,200079.92399146993,212202.05618289663
2023-05-22 11:00:00,205604.39,195207.54,199624.26,205264.0673545176,204132.35928357343,213292.02197111602
2023-05-22 12:00:00,207609.88,196469.48,198237.32,205690.21614947642,204921.69538108117,212675.30924885964
2023-05-22 13:00:00,207704.04,197315.54,199029.66,205494.4949734439,205152.96700729325,209102.75059659363
2023-05-22 14:00:00,213128.08,201132.05,202690.94,208768.87298744483,207833.7735629336,210195.70928855112
2023-05-22 15:00:00,214226.21,199829.51,205328.54,209515.42275617082,208443.91062202957,211244.95084184743
2023-05-22 16:00:00,208333.63,191956.83,201095.84,203199.6183742711,204058.01582419834,207561.64329853968
2023-05-22 17:00:00,197601.65,182586.91,191343.62,193959.68235661334,194685.29391742803,202407.6645148899
2023-05-22 18:00:00,190846.8,177926.69,184975.65,188511.49569829568,188108.64740293063,202376.27871433483
2023-05-22 19:00:00,198586.69,185735.97,193661.92,196812.0984360167,196374.9818335276,211871.42114942713
2023-05-22 20:00:00,199336.55,189687.46,195661.73,199252.11024005033,198160.9634928968,210409.29549172014
2023-05-22 21:00:00,201170.95,192936.41,195634.83,200632.01336672637,199803.78528786788,208220.82592733685
2023-05-22 22:00:00,203829.26,197865.13,197577.93,203971.8458577713,203899.67734270636,208340.72965055853
2023-05-22 23:00:00,202758.83,198219.64,195002.07,202919.7053600499,203221.67513025602,206686.3315626876
2023-05-23 00:00:00,198244.0,194305.69,191203.79,197849.9512451578,202061.87676137875,199148.77794526826
2023-05-23 01:00:00,195195.34,189581.45,185341.78,192922.2641032054,197127.38564553118,195830.52177084325
2023-05-23 02:00:00,190031.62,184824.28,180435.92,188134.6741826697,192834.31339524486,192468.20550392236
2023-05-23 03:00:00,184801.26,180523.66,175029.21,183590.4079821419,187983.7512638815,190530.1665647904
2023-05-23 04:00:00,181658.84,177467.87,173248.79,181187.38768125983,185558.6744586538,190188.6873866991
2023-05-23 05:00:00,181239.4,177408.97,174674.58,181868.5675179729,185554.85256520676,192826.2581260713
2023-05-23 06:00:00,180087.99,176645.55,176169.6,182020.0980914582,183999.67356582475,196480.63865804527
2023-05-23 07:00:00,181438.36,177921.22,178739.71,183484.01940585035,184135.6453312107,198799.49781874346
2023-05-23 08:00:00,185815.4,184059.98,183714.7,188478.65645166393,188408.2128188199,202469.95680504013
2023-05-23 09:00:00,195364.19,193540.67,192990.22,197501.01080410372,197123.5939218434,209879.03826788696
2023-05-23 10:00:00,202335.37,201105.85,199305.45,204312.66868706656,204380.3298125022,214491.14742328352
2023-05-23 11:00:00,205706.6,205604.39,202529.49,208128.090660839,208765.6168295204,216966.98139789834
2023-05-23 12:00:00,207573.68,207609.88,203784.81,209727.22514586104,210768.16870696482,216581.29148681642
2023-05-23 13:00:00,209156.67,207704.04,203006.8,209086.5867912841,210993.9425543049,213296.97874693896
2023-05-23 14:00:00,211366.55,213128.08,205910.41,212782.41945677012,215367.4919998409,215714.29897319176
2023-05-23 15:00:00,211592.46,214226.21,208407.05,213957.18709117966,215754.07409639415,216694.29606490833
2023-05-23 16:00:00,203921.01,208333.63,200641.17,207315.57368491188,210394.27361156483,211146.99076655536
2023-05-23 17:00:00,191067.38,197601.65,193288.27,198262.214306308,200219.7907698856,206642.5604564444
2023-05-23 18:00:00,184869.13,190846.8,187006.81,192303.4506955625,193579.33385264254,205910.94068156995
2023-05-23 19:00:00,190571.15,198586.69,196512.58,200951.1846491018,201169.98906758762,215348.39549262272
2023-05-23 20:00:00,193204.39,199336.55,198434.18,202423.23489184788,201853.92582116564,214024.7123935483
2023-05-23 21:00:00,193046.0,201170.95,198788.92,203451.85800385644,203587.70169157433,211836.54982053878
2023-05-23 22:00:00,197657.06,203829.26,200810.22,206295.70289149872,206500.88784753895,212620.3751058811
2023-05-23 23:00:00,195531.93,202758.83,199840.99,205419.44288960707,205526.04760933534,210663.09345022647
2023-05-24 00:00:00,190604.43,198244.0,196416.09,198799.47038291077,200890.91067736433,191258.18485823786
2023-05-24 01:00:00,184752.46,195195.34,193228.69,195206.58149401436,197718.0877883429,187078.45785067312
2023-05-24 02:00:00,178473.85,190031.62,190609.97,191073.68475443727,193513.94934242568,182597.95039491894
2023-05-24 03:00:00,174423.91,184801.26,186896.38,186727.2643174247,189009.64796849358,179430.84982912513
2023-05-24 04:00:00,171843.27,181658.84,184506.79,184067.5213263677,186621.58763732656,178383.79651934723
2023-05-24 05:00:00,172318.7,181239.4,185102.17,184167.17043529983,186274.81065333713,180434.55888938205
2023-05-24 06:00:00,172325.25,180087.99,183612.31,182909.2882355868,184710.92740004123,183160.4837511837
2023-05-24 07:00:00,174643.18,181438.36,185098.29,183996.71200944725,186080.64008527435,185365.647124256
2023-05-24 08:00:00,180559.26,185815.4,189596.29,188145.15404925463,190064.3170317788,188780.8277393805
2023-05-24 09:00:00,190429.77,195364.19,198141.17,196599.27487522396,198821.37954466295,196228.11453207533
2023-05-24 10:00:00,195489.22,202335.37,203764.25,202619.52201314052,204265.7864335784,200832.4694558145
2023-05-24 11:00:00,198101.12,205706.6,206616.14,205785.4416649026,207793.24832743662,202270.6115808178
2023-05-24 12:00:00,199700.51,207573.68,207681.62,207078.36413580444,209461.38168015907,201797.32685522517
2023-05-24 13:00:00,199843.91,209156.67,208119.53,207648.1866802329,209984.47847688282,198354.14238873916
2023-05-24 14:00:00,203424.73,211366.55,212171.48,210898.63862228693,213362.0951617249,200047.72332745514
2023-05-24 15:00:00,203684.41,211592.46,212564.87,211006.83415782437,213720.3090473685,201415.0884251541
2023-05-24 16:00:00,197044.07,203921.01,205424.22,203796.40799889708,206605.21879101687,197177.1371759323
2023-05-24 17:00:00,188127.17,191067.38,196647.67,193550.54958998985,195253.31526265366,191647.90423310248
2023-05-24 18:00:00,182810.12,184869.13,189756.35,187826.63560121425,189116.52711165295,190452.9143877672
2023-05-24 19:00:00,190996.4,190571.15,196459.06,194733.79108525114,194883.76393751768,200373.26977786806
2023-05-24 20:00:00,192296.4,193204.39,197280.92,196578.69611537573,197310.6824388072,199193.999313163
2023-05-24 21:00:00,190105.53,193046.0,196798.89,196920.62128952603,197410.3643827281,197384.63700538702
2023-05-24 22:00:00,191741.17,197657.06,198848.1,200347.05520757957,200455.38923407884,198526.41004458294
2023-05-24 23:00:00,190526.39,195531.93,197521.3,198978.72976241758,199661.6208781262,196823.83553099917
2023-05-25 00:00:00,185309.57,190604.43,191138.2,188910.92842734538,188603.77396359146,186497.74497021988
2023-05-25 01:00:00,179611.87,184752.46,180981.73,182432.11884743642,183033.295686815,182301.44652488185
2023-05-25 02:00:00,174842.95,178473.85,172354.44,176075.97780999544,178288.62157877005,178336.8401406352
2023-05-25 03:00:00,170812.44,174423.91,167038.83,171684.0252809909,173417.56676272638,175822.42044097595
2023-05-25 04:00:00,169463.2,171843.27,163810.22,168947.06387453948,170276.51276731494,174913.52766190335
2023-05-25 05:00:00,170159.33,172318.7,164887.93,169609.40343219673,170728.05030211227,177613.05065590717
2023-05-25 06:00:00,169674.7,172325.25,165766.63,169876.6554919573,171578.4045381712,180228.59212700307
2023-05-25 07:00:00,171463.44,174643.18,167882.92,171920.04121675453,173565.0240076344,181461.7069898917
2023-05-25 08:00:00,175289.72,180559.26,173298.19,177445.7746142744,179303.41623678996,184964.63667930977
2023-05-25 09:00:00,185288.86,190429.77,183932.25,187108.71319286677,188867.27390420498,193024.21872399896
2023-05-25 10:00:00,192998.45,195489.22,192315.44,193606.6808430625,193817.37823223876,197614.45923921463
2023-05-25 11:00:00,196896.09,198101.12,198150.53,197369.35790426773,197526.3521163981,199323.2151320419
2023-05-25 12:00:00,197589.41,199700.51,201110.44,199254.1872388863,199851.1948046833,199196.0722287442
2023-05-25 13:00:00,194741.64,199843.91,200115.23,198881.24689161606,199518.45827157563,195975.5232513441
2023-05-25 14:00:00,195265.63,203424.73,203627.16,202432.9192633681,203275.88269192193,198461.89709620975
2023-05-25 15:00:00,188920.43,203684.41,204971.07,203154.5871669646,204009.8389888829,199633.99236704278
2023-05-25 16:00:00,182358.05,197044.07,199731.98,197236.7287842468,198889.81108799865,193620.23959561397
2023-05-25 17:00:00,173210.28,188127.17,191326.61,188231.4949572315,189954.94345906063,186709.61498412568
2023-05-25 18:00:00,169031.32,182810.12,185564.38,182945.2529546367,184251.0615672544,185118.0975092207
2023-05-25 19:00:00,175909.19,190996.4,192791.87,190490.61782280926,191763.4143599038,194311.26462751106
2023-05-25 20:00:00,182301.73,192296.4,195059.48,191814.36232648286,193241.80803636322,193064.45362422668
2023-05-25 21:00:00,178807.54,190105.53,195280.32,191217.41926555437,193148.7735878203,191831.4218632658
2023-05-25 22:00:00,180420.76,191741.17,197212.82,193279.5496820491,195069.45290524224,193803.0246836638
2023-05-25 23:00:00,179451.74,190526.39,195174.16,191778.8893383226,194291.56499067458,192047.40061111315
2023-05-26 00:00:00,173964.99,185309.57,192268.75,182309.84461413615,178165.74437339164,175350.5656816045
2023-05-26 01:00:00,168841.78,179611.87,189319.93,178080.84727358882,175288.2746548775,170613.37437935223
2023-05-26 02:00:00,163515.35,174842.95,186423.43,173825.2680842022,172783.33312125472,166569.21568573036
2023-05-26 03:00:00,160436.83,170812.44,183095.38,170011.64241399852,170486.22646227013,164009.00243959788
2023-05-26 04:00:00,159086.73,169463.2,181265.72,168212.82221202814,168471.5365219958,163502.72850384796
2023-05-26 05:00:00,161693.69,170159.33,181380.87,168666.71263417564,168744.48847116964,165965.49268308503
2023-05-26 06:00:00,163817.3,169674.7,181333.52,168527.11427318936,169411.91556218252,168124.14805056408
2023-05-26 07:00:00,166073.65,171463.44,181985.68,170044.7559751847,171159.48774665708,169414.80072661513
2023-05-26 08:00:00,169041.69,175289.72,186128.79,174051.21347014303,175218.89923179342,172581.66434608313
2023-05-26 09:00:00,177368.25,185288.86,195082.08,183087.1080228633,182926.235314614,181390.4129707019
2023-05-26 10:00:00,181435.33,192998.45,201968.8,189720.23489251643,189371.2171015366,187107.5285266601
2023-05-26 11:00:00,183703.65,196896.09,205990.36,193089.99950505284,192615.9135390011,189202.74990351836
2023-05-26 12:00:00,185763.01,197589.41,207509.03,194108.0337575908,193898.2276288633,189287.03785646526
2023-05-26 13:00:00,184290.64,194741.64,205074.74,192541.67991059122,191890.6981601315,186270.15415857453
2023-05-26 14:00:00,183522.24,195265.63,207498.43,194163.7894279021,195150.66579920106,188797.81714018516
2023-05-26 15:00:00,183842.45,188920.43,209315.92,192445.4827361161,198509.33849721204,188641.25194646808
2023-05-26 16:00:00,179718.58,182358.05,201971.5,185974.88675892193,192430.74523088316,184148.06023204548
2023-05-26 17:00:00,171810.1,173210.28,193048.84,176884.52555137777,182451.98517151538,178208.36247162154
2023-05-26 18:00:00,167544.94,169031.32,186226.12,171967.11061102574,177636.14452536197,177255.0064521568
2023-05-26 19:00:00,177123.09,175909.19,193774.41,178750.06630423214,185040.70580742398,187641.3235753531
2023-05-26 20:00:00,184131.74,182301.73,195682.67,182064.91007894432,185197.17077881494,186784.58773428746
2023-05-26 21:00:00,186497.7,178807.54,197599.01,180895.1910857394,186096.487324968,185990.82661119127
2023-05-26 22:00:00,190223.1,180420.76,200914.09,183352.76430553346,188436.57704360524,187498.6455305516
2023-05-26 23:00:00,189986.97,179451.74,199963.04,182149.45287944784,187490.76802240254,185503.54626574623
2023-05-27 00:00:00,184819.38,173964.99,196689.43,175354.6560142385,173172.15475720784,185980.81184940555
2023-05-27 01:00:00,179273.48,168841.78,193026.21,170725.27428703968,170609.17499157757,182139.2304159048
2023-05-27 02:00:00,173987.94,163515.35,188320.07,165782.5594203151,166070.4188271373,178339.98001315183
2023-05-27 03:00:00,169658.03,160436.83,184485.08,162447.71312817858,162954.61850030717,175932.02200642563
2023-05-27 04:00:00,167170.66,159086.73,181935.93,160686.74146653034,161017.06751883714,175606.0332275328
2023-05-27 05:00:00,166755.53,161693.69,182486.79,162091.00683729805,161902.14482449644,178596.21324906134
2023-05-27 06:00:00,165196.18,163817.3,181963.9,162935.49637281935,162756.12917196334,181027.26676330803
2023-05-27 07:00:00,163679.15,166073.65,181973.29,164581.18342776934,164644.05274508178,182461.18972500297
2023-05-27 08:00:00,164312.35,169041.69,185464.39,168116.11155843872,167394.88000501017,185046.77336370418
2023-05-27 09:00:00,169862.61,177368.25,194176.95,176394.32270646072,174920.20264061174,191751.4146585937
2023-05-27 10:00:00,175733.1,181435.33,201493.89,181551.4105734027,180890.93736492083,196700.6802614696
2023-05-27 11:00:00,179262.4,183703.65,205656.17,184361.66579975793,184790.47101185276,199534.55871549653
2023-05-27 12:00:00,180866.41,185763.01,207932.21,185947.75634838853,186947.87327003988,198932.87128824185
2023-05-27 13:00:00,181295.55,184290.64,206874.54,184721.35098326404,185384.61722298805,195452.46280179528
2023-05-27 14:00:00,185383.26,183522.24,209316.1,185854.0656203486,187070.54109464583,196515.51269567374
2023-05-27 15:00:00,188468.16,183842.45,209664.92,185604.02855907066,186975.72702412293,196905.42292030028
2023-05-27 16:00:00,185713.97,179718.58,204022.12,180645.1590665326,182308.5427415684,191493.41288125157
2023-05-27 17:00:00,178886.9,171810.1,194795.87,172704.49987121666,175121.8324720616,185226.26690953638
2023-05-27 18:00:00,175316.09,167544.94,188181.11,168201.62768270032,170437.97744258872,184094.53172442614
2023-05-27 19:00:00,184450.56,177123.09,196631.95,176396.60523994884,178705.87445720923,194333.16719984985
2023-05-27 20:00:00,187479.11,184131.74,199010.97,180199.64357982596,182695.49823262598,194228.90317245072
2023-05-27 21:00:00,188261.3,186497.7,199946.55,180497.1037973919,185137.99806222186,193210.70517672185
2023-05-27 22:00:00,190413.41,190223.1,204577.1,183437.41911755464,189348.41519615304,194612.32388430552
2023-05-27 23:00:00,189782.85,189986.97,204527.22,182890.1534878293,187986.73131095897,193027.3278712057
2023-05-28 00:00:00,183599.93,184819.38,200720.27,178902.9976338789,180783.3396678871,186399.8497190026
2023-05-28 01:00:00,178521.92,179273.48,196148.92,173974.8994356695,176772.38527424473,181887.35494088256
2023-05-28 02:00:00,174318.4,173987.94,191925.34,169379.4019403083,171467.43979643396,178053.27534805256
2023-05-28 03:00:00,169890.53,169658.03,187674.78,165523.19176279384,167760.08776623686,175216.43841667913
2023-05-28 04:00:00,168135.1,167170.66,185024.88,163480.01405380524,165330.19577187824,173575.771545691
2023-05-28 05:00:00,168183.44,166755.53,184090.4,163540.69505991988,164822.7419868809,174328.94198172545
2023-05-28 06:00:00,166016.25,165196.18,180945.06,162421.06433842223,164582.57322808277,174256.43485901246
2023-05-28 07:00:00,166595.48,163679.15,179477.12,162082.26665011916,164032.7087416479,173715.81176079626
2023-05-28 08:00:00,168588.98,164312.35,181803.43,163943.29446659924,164937.41912426855,175121.16190706752
2023-05-28 09:00:00,173440.09,169862.61,187385.16,170188.09315356181,170210.10301049135,179128.2925194035
2023-05-28 10:00:00,177444.35,175733.1,191841.27,175539.44685127173,175525.64432949116,182839.33499583686
2023-05-28 11:00:00,180779.04,179262.4,195207.54,178682.19570002137,178663.05427749947,184067.61811276426
2023-05-28 12:00:00,180895.81,180866.41,196469.48,179832.50255751598,179680.66315584924,183952.42432329676
2023-05-28 13:00:00,180100.47,181295.55,197315.54,179409.47941270328,179477.69685489693,181241.88346607715
2023-05-28 14:00:00,182507.95,185383.26,201132.05,182020.0774408115,182350.24544762378,180962.38784264188
2023-05-28 15:00:00,181543.44,188468.16,199829.51,181780.28339654658,182627.4835241125,180589.2417170698
2023-05-28 16:00:00,175641.96,185713.97,191956.83,176976.71116399064,176910.04442811137,175920.36023957402
2023-05-28 17:00:00,166744.14,178886.9,182586.91,169369.96425028756,169473.57490468115,169991.7455752658
2023-05-28 18:00:00,163996.61,175316.09,177926.69,165698.57834126975,166905.28023658882,170296.95325183662
2023-05-28 19:00:00,174461.93,184450.56,185735.97,173649.9159736477,175706.5433310698,181230.26752116095
2023-05-28 20:00:00,177132.89,187479.11,189687.46,177432.10994236486,180118.21370539785,182896.44138286595
2023-05-28 21:00:00,178529.07,188261.3,192936.41,178008.88141967022,181231.04899914312,182816.28430550228
2023-05-28 22:00:00,180265.75,190413.41,197865.13,180694.62237616497,184785.66647038722,185059.97872232593
2023-05-28 23:00:00,181121.46,189782.85,198219.64,180273.02571723962,185040.19370424165,184061.00681122107
2023-05-29 00:00:00,177290.26,183599.93,194305.69,185400.06686449156,181461.05699574022,177588.6946820063
2023-05-29 01:00:00,172785.14,178521.92,189581.45,180385.71412765468,176353.25300371015,173760.95918555078
2023-05-29 02:00:00,167999.44,174318.4,184824.28,175768.2302731625,171530.45749783056,170849.33096219067
2023-05-29 03:00:00,164300.85,169890.53,180523.66,171757.057205965,167745.41613794756,168819.74829519176
2023-05-29 04:00:00,162726.09,168135.1,177467.87,169704.08646336678,165543.33903146168,168489.56373324664
2023-05-29 05:00:00,164043.22,168183.44,177408.97,170353.6692763537,165974.77486583675,171573.11913744756
2023-05-29 06:00:00,164554.58,166016.25,176645.55,169856.98890809502,166493.001656083,175515.5271961329
2023-05-29 07:00:00,166235.74,166595.48,177921.22,171054.26913151686,170526.68936424164,177893.0663220764
2023-05-29 08:00:00,171798.77,168588.98,184059.98,174566.19470252303,173757.08124976172,182066.34038474035
2023-05-29 09:00:00,181180.23,173440.09,193540.67,181681.18057030352,180096.85199033716,189579.5002034125
2023-05-29 10:00:00,189465.24,177444.35,201105.85,187022.08199938093,185116.80803502738,194830.25381708043
2023-05-29 11:00:00,194399.48,180779.04,205604.39,190463.27804229822,189080.908845766,196644.48343437206
2023-05-29 12:00:00,195445.09,180895.81,207609.88,191460.31502127193,190533.8142469342,195937.04272675424
2023-05-29 13:00:00,195158.45,180100.47,207704.04,190866.23092149122,189657.95728641606,193585.91856461787
2023-05-29 14:00:00,196537.74,182507.95,213128.08,193656.1269472881,194019.7994367712,194855.95993406622
2023-05-29 15:00:00,194391.67,181543.44,214226.21,194025.23314637886,195717.1073144326,196055.60477253192
2023-05-29 16:00:00,186801.73,175641.96,208333.63,188885.44780923368,192166.7970751297,192210.85794856734
2023-05-29 17:00:00,180762.12,166744.14,197601.65,179957.96267390775,183789.12912278643,186566.68670318124
2023-05-29 18:00:00,176364.9,163996.61,190846.8,175695.90556287047,178787.97529065775,185621.33377137475
2023-05-29 19:00:00,184119.05,174461.93,198586.69,184848.59837750875,187075.17823824738,194740.91534484172
2023-05-29 20:00:00,185741.87,177132.89,199336.55,187483.8128772235,189079.81961643,193908.28350617597
2023-05-29 21:00:00,185434.88,178529.07,201170.95,188870.6373817956,190408.5541875016,192032.19673879462
2023-05-29 22:00:00,187880.7,180265.75,203829.26,191137.69293430363,193172.15744380673,192557.90312685812
2023-05-29 23:00:00,186693.87,181121.46,202758.83,190820.80443059717,192447.50644420247,190615.84670386746
2023-05-30 00:00:00,183431.19,177290.26,198244.0,188334.61417578746,187271.4515695026,183005.38887213485
2023-05-30 01:00:00,179001.66,172785.14,195195.34,183968.12133265915,182837.5828071471,178977.63605928293
2023-05-30 02:00:00,175625.97,167999.44,190031.62,179037.33454966432,178523.07809266154,175241.57984732417
2023-05-30 03:00:00,171155.88,164300.85,184801.26,174647.29123412268,174386.22127286362,172524.4146201077
2023-05-30 04:00:00,169213.06,162726.09,181658.84,172454.52803144694,171882.72955325316,171986.326635839
2023-05-30 05:00:00,168744.07,164043.22,181239.4,172951.57228647216,172254.64299184107,175322.6661890751
2023-05-30 06:00:00,167525.65,164554.58,180087.99,172626.8950138658,172398.11100315052,179119.2525586858
2023-05-30 07:00:00,168195.23,166235.74,181438.36,173780.04027554457,173467.49339977273,181856.8781085234
2023-05-30 08:00:00,172793.48,171798.77,185815.4,177793.95861004232,177629.5841796041,186243.0080750001
2023-05-30 09:00:00,181113.39,181180.23,195364.19,186152.89644947817,186090.6928223245,193893.114683707
2023-05-30 10:00:00,187384.31,189465.24,202335.37,193064.47037376047,194110.95658085254,198505.22808680125
2023-05-30 11:00:00,189629.13,194399.48,205706.6,196954.5537770136,199055.39388269416,201097.26411498236
2023-05-30 12:00:00,188622.56,195445.09,207573.68,198199.43728491393,199409.19272120603,201495.8526886237
2023-05-30 13:00:00,188392.03,195158.45,209156.67,198398.940954899,199788.96721095726,198691.38067885887
2023-05-30 14:00:00,191141.18,196537.74,211366.55,200584.06986704032,201835.55522822562,200779.73421669178
2023-05-30 15:00:00,192275.96,194391.67,211592.46,200426.74651020908,198988.8092061548,201958.03451956707
2023-05-30 16:00:00,187902.47,186801.73,203921.01,193886.78049979082,192154.4500805548,196745.45421793498
2023-05-30 17:00:00,180536.56,180762.12,191067.38,185385.42944332864,186048.65737905868,191235.4177543842
2023-05-30 18:00:00,177359.64,176364.9,184869.13,180804.30343734933,181974.91842254618,189735.4677321348
2023-05-30 19:00:00,183158.03,184119.05,190571.15,188494.85029706344,189184.41758484827,199174.70327523112
2023-05-30 20:00:00,185984.72,185741.87,193204.39,190601.8213133387,190965.26344340507,198556.6207474794
2023-05-30 21:00:00,187198.35,185434.88,193046.0,190573.89851977857,190856.8635722979,197050.13592598078
2023-05-30 22:00:00,189804.22,187880.7,197657.06,193419.51669217486,193789.27149790953,198208.17154019442
2023-05-30 23:00:00,188399.53,186693.87,195531.93,192158.50355822235,192575.89783551687,196115.7952933935
2023-05-31 00:00:00,184372.16,183431.19,190604.43,187909.2136669114,186117.11682929765,184706.3815526013
2023-05-31 01:00:00,179810.41,179001.66,184752.46,182972.55688456667,181810.60246927207,181196.30138208045
2023-05-31 02:00:00,174942.46,175625.97,178473.85,178458.32836726468,178564.57682189613,177948.35919953347
2023-05-31 03:00:00,171050.32,171155.88,174423.91,174258.79499422567,174207.37009694712,175360.49200557923
2023-05-31 04:00:00,168943.46,169213.06,171843.27,172206.32550111137,172289.8287782384,174430.30245428477
2023-05-31 05:00:00,168658.57,168744.07,172318.7,172462.47230313404,171913.67961120233,176963.50286830866
2023-05-31 06:00:00,168646.35,167525.65,172325.25,171811.64337158483,170472.99937765225,179111.75131113507
2023-05-31 07:00:00,169810.74,168195.23,174643.18,173297.36011157915,171321.7206481522,181413.98850438427
2023-05-31 08:00:00,173678.28,172793.48,180559.26,177949.23817122838,175966.058230899,185077.15709678124
2023-05-31 09:00:00,181220.39,181113.39,190429.77,186240.07411269366,183970.5456341336,192318.80319242497
2023-05-31 10:00:00,187327.17,187384.31,195489.22,191822.73783698995,189571.66546154916,196682.3317772732
2023-05-31 11:00:00,192485.0,189629.13,198101.12,194582.96361458322,192037.0778969746,198385.3721302709
2023-05-31 12:00:00,195438.45,188622.56,199700.51,194806.7399052631,192352.03089326216,198353.8240644548
2023-05-31 13:00:00,193236.62,188392.03,199843.91,194484.75360244297,191911.63139319184,195649.95167281388
2023-05-31 14:00:00,196396.64,191141.18,203424.73,197272.4071036376,194572.17482438486,197515.93773271533
2023-05-31 15:00:00,196832.01,192275.96,203684.41,197408.69290832212,195603.64234963685,198454.56654492216
2023-05-31 16:00:00,190791.34,187902.47,197044.07,191677.67153336728,190241.08136914912,193340.57358575915
2023-05-31 17:00:00,183705.88,180536.56,188127.17,183665.92096997076,182610.48436814643,187521.8231246786
2023-05-31 18:00:00,179586.8,177359.64,182810.12,179775.54594344448,178737.12114258748,185471.82512337388
2023-05-31 19:00:00,188571.96,183158.03,190996.4,187396.0298734659,185261.2424595138,194826.10857203248
2023-05-31 20:00:00,190282.84,185984.72,192296.4,189331.93644014013,187221.79191189934,194161.08486220936
2023-05-31 21:00:00,190077.04,187198.35,190105.53,189167.62951634143,188906.5051852272,192537.5174851245
2023-05-31 22:00:00,191949.71,189804.22,191741.17,191157.13349339773,191064.46099147524,193678.5234480401
2023-05-31 23:00:00,191610.06,188399.53,190526.39,190172.52685642123,189837.55253678188,191781.32062462252
2023-06-01 00:00:00,186465.81,184372.16,185309.57,186473.54833689996,187353.2322175157,187542.48867443946
2023-06-01 01:00:00,181503.25,179810.41,179611.87,181263.7364569714,182555.30505951852,182221.81192691225
2023-06-01 02:00:00,176849.04,174942.46,174842.95,176349.37115936176,177934.68898136436,177593.45919235196
2023-06-01 03:00:00,172540.52,171050.32,170812.44,172328.030105624,174100.68606712576,174801.8411753445
2023-06-01 04:00:00,171009.57,168943.46,169463.2,170542.361979108,172257.49772250437,173728.23259037046
2023-06-01 05:00:00,170582.39,168658.57,170159.33,171029.87200084928,172156.14039499854,176672.77511861135
2023-06-01 06:00:00,169593.15,168646.35,169674.7,171101.89314123255,171725.67853257916,179659.2889731272
2023-06-01 07:00:00,170381.1,169810.74,171463.44,172744.91168461152,173004.44215118297,181577.91118613462
2023-06-01 08:00:00,172883.73,173678.28,175289.72,177103.39876103087,176556.47069067543,185663.76147018175
2023-06-01 09:00:00,180530.09,181220.39,185288.86,186020.9817710908,184598.76733025565,194250.0613516437
2023-06-01 10:00:00,188065.63,187327.17,192998.45,193135.32606938205,190843.3144695791,199699.88152623834
2023-06-01 11:00:00,192233.54,192485.0,196896.09,197597.87521621023,195559.99045086047,202480.61122858414
2023-06-01 12:00:00,192695.18,195438.45,197589.41,199100.4264800216,198033.04385676034,203227.4886463769
2023-06-01 13:00:00,190688.96,193236.62,194741.64,197178.1410877322,195384.3722747151,200574.00897375558
2023-06-01 14:00:00,194127.78,196396.64,195265.63,199113.04324054145,197396.23364372746,203007.8862114757
2023-06-01 15:00:00,195827.58,196832.01,188920.43,197074.90605214937,198198.42762427693,204342.01928775487
2023-06-01 16:00:00,192342.48,190791.34,182358.05,190762.05066039113,191679.26420938552,198410.7204052262
2023-06-01 17:00:00,185755.0,183705.88,173210.28,183122.24284020098,185184.2406821068,191907.76273886196
2023-06-01 18:00:00,181072.77,179586.8,169031.32,179039.71469531828,181409.85383114335,189885.15172891974
2023-06-01 19:00:00,190201.91,188571.96,175909.19,186857.07532787818,190381.28353898894,198747.48053787815
2023-06-01 20:00:00,192539.32,190282.84,182301.73,189991.71107921167,190943.23654587034,198400.64091637245
2023-06-01 21:00:00,192467.66,190077.04,178807.54,188771.27302404304,191207.129534212,197080.0963714345
2023-06-01 22:00:00,194446.66,191949.71,180420.76,190645.8372211148,193217.55093058984,198655.31725538865
2023-06-01 23:00:00,193377.32,191610.06,179451.74,189714.28053810252,193344.17608988745,196544.6157172898
2023-06-02 00:00:00,190420.07,186465.81,173964.99,185214.29644966125,189923.6080013818,189897.21164192498
2023-06-02 01:00:00,185566.2,181503.25,168841.78,180383.7971864516,185587.50333319692,186089.1393676564
2023-06-02 02:00:00,180531.59,176849.04,163515.35,175775.90643384636,179788.55549121322,182614.14782502814
2023-06-02 03:00:00,176963.54,172540.52,160436.83,171894.82023620052,176617.01066519148,179848.90805521113
2023-06-02 04:00:00,174900.86,171009.57,159086.73,170304.8633954972,175007.02009930153,179179.08071703592
2023-06-02 05:00:00,174806.43,170582.39,161693.69,170987.02976621126,174103.6127965217,181464.0020786387
2023-06-02 06:00:00,174891.09,169593.15,163817.3,171256.90500087218,172792.35452850937,183182.2746158376
2023-06-02 07:00:00,175685.64,170381.1,166073.65,172694.63499832497,173033.6407252465,184514.1195086919
2023-06-02 08:00:00,179870.25,172883.73,169041.69,175995.56072965765,175831.91666237995,187872.74635005867
2023-06-02 09:00:00,188249.52,180530.09,177368.25,184119.62244180057,183225.80356690483,197079.65848237826
2023-06-02 10:00:00,194242.07,188065.63,181435.33,190199.66586601583,190453.68733947584,203374.012610853
2023-06-02 11:00:00,197828.91,192233.54,183703.65,193475.83436058785,194723.7461449917,205901.4255832758
2023-06-02 12:00:00,199844.95,192695.18,185763.01,194380.57551204998,195178.99822389343,206323.15970526155
2023-06-02 13:00:00,197802.09,190688.96,184290.64,192726.61979565053,193292.4193675872,203418.05642398103
2023-06-02 14:00:00,202141.88,194127.78,183522.24,194588.1276106941,197141.29099527092,205501.6895727661
2023-06-02 15:00:00,203834.36,195827.58,183842.45,195613.18584786705,198009.87652522596,206172.90137899664
2023-06-02 16:00:00,199706.53,192342.48,179718.58,191310.4718058072,194869.0945228638,200813.07288796935
2023-06-02 17:00:00,191973.66,185755.0,171810.1,183981.84300614506,186822.27255058312,194554.13846568277
2023-06-02 18:00:00,186144.07,181072.77,167544.94,179744.1887725794,182762.8916396164,192478.7586451158
2023-06-02 19:00:00,194889.92,190201.91,177123.09,188400.73339228428,191153.01001146165,202539.15302675735
2023-06-02 20:00:00,197755.43,192539.32,184131.74,192068.22764289792,193018.90266107544,202832.14634010644
2023-06-02 21:00:00,198054.73,192467.66,186497.7,192952.02627642875,192295.89883753908,202360.1353032855
2023-06-02 22:00:00,200432.57,194446.66,190223.1,195550.93633556395,194786.70040390032,204284.54193365018
2023-06-02 23:00:00,199145.0,193377.32,189986.97,194677.85079142972,193754.7593557746,202394.2717111563
2023-06-03 00:00:00,195357.02,190420.07,184819.38,192068.18504409303,192402.239081512,194596.4935710379
2023-06-03 01:00:00,191189.17,185566.2,179273.48,187020.47956889545,187786.4071030602,190286.79658236858
2023-06-03 02:00:00,187126.71,180531.59,173987.94,181914.45632574914,182571.6018503163,185819.66803917062
2023-06-03 03:00:00,183590.7,176963.54,169658.03,177929.58340859663,179166.1890751948,182669.37336824706
2023-06-03 04:00:00,181424.64,174900.86,167170.66,175754.10371673538,176933.41026033898,181464.28231157834
2023-06-03 05:00:00,180715.2,174806.43,166755.53,175650.13818569697,176481.65097672914,183285.36268499758
2023-06-03 06:00:00,180039.27,174891.09,165196.18,175254.58551768903,176317.42071863732,184662.82374113938
2023-06-03 07:00:00,180006.02,175685.64,163679.15,175513.5194027658,177838.89690897166,185611.05300721497
2023-06-03 08:00:00,183679.39,179870.25,164312.35,178421.9695669343,181589.5714971476,188544.3183605313
2023-06-03 09:00:00,192778.35,188249.52,169862.61,185849.97592350212,188741.9398610397,195791.9944869749
2023-06-03 10:00:00,200246.88,194242.07,175733.1,192097.78638732276,196345.53015894257,201180.78742534466
2023-06-03 11:00:00,204474.6,197828.91,179262.4,196036.8072852504,200213.0498815194,204379.3527060252
2023-06-03 12:00:00,206267.6,199844.95,180866.41,197928.62455378711,202144.38967667913,204531.7207475893
2023-06-03 13:00:00,205003.93,197802.09,181295.55,196594.1871051355,199636.74687436715,201804.09039363347
2023-06-03 14:00:00,208260.32,202141.88,185383.26,200428.955230805,203695.4436380747,203493.4829601323
2023-06-03 15:00:00,208599.08,203834.36,188468.16,202236.52181265093,204126.93709302234,203947.49209523725
2023-06-03 16:00:00,202865.92,199706.53,185713.97,198100.91389823338,200317.71076540725,198694.6332291559
2023-06-03 17:00:00,193693.74,191973.66,178886.9,190720.9194787265,192158.74177413716,192360.43936393567
2023-06-03 18:00:00,186373.82,186144.07,175316.09,186061.00232051182,186237.3342464112,190314.57032246137
2023-06-03 19:00:00,194760.58,194889.92,184450.56,195122.78961300335,195669.77206420925,199577.28045835163
2023-06-03 20:00:00,198185.43,197755.43,187479.11,197634.01011253847,197148.02484318722,200103.51003419282
2023-06-03 21:00:00,198064.2,198054.73,188261.3,197874.9753580217,197709.82763570134,199526.8446681419
2023-06-03 22:00:00,201188.93,200432.57,190413.41,200096.86928047583,199665.73457403822,201326.55548394663
2023-06-03 23:00:00,200138.35,199145.0,189782.85,199194.07098544354,198927.2214085568,199860.81883598052
2023-06-04 00:00:00,195777.47,195357.02,183599.93,192884.18071733046,196324.02155472428,196446.1295052229
2023-06-04 01:00:00,191225.5,191189.17,178521.92,188165.82170425376,192974.05521910044,191794.52963855138
2023-06-04 02:00:00,187299.42,187126.71,174318.4,183825.12573423234,188604.99891811307,187658.59502644322
2023-06-04 03:00:00,183744.11,183590.7,169890.53,179820.43918167724,185358.58070598933,184260.89332911343
2023-06-04 04:00:00,180594.91,181424.64,168135.1,177910.51846877235,183589.8830222464,182126.61938585294
2023-06-04 05:00:00,178378.92,180715.2,168183.44,177656.77343745183,182136.67848071296,182218.5390726152
2023-06-04 06:00:00,174814.79,180039.27,166016.25,176584.7774642004,180376.5870891895,180988.44081057425
2023-06-04 07:00:00,172064.58,180006.02,166595.48,177076.17648614952,178825.9172677709,179831.6815287982
2023-06-04 08:00:00,171781.64,183679.39,168588.98,180057.9731877739,181602.29699672142,181516.7977723751
2023-06-04 09:00:00,175649.2,192778.35,173440.09,187399.45497656,189909.60124545795,186091.76846868734
2023-06-04 10:00:00,179802.74,200246.88,177444.35,193533.20930958056,197321.35242463477,190630.06559891286
2023-06-04 11:00:00,183266.71,204474.6,180779.04,197352.06887113684,200515.4505687974,193139.36747558182
2023-06-04 12:00:00,184258.15,206267.6,180895.81,198312.5744969598,200743.98535417195,193109.51667241615
2023-06-04 13:00:00,182906.03,205003.93,180100.47,197005.88820368375,200118.1307452608,191216.56175239297
2023-06-04 14:00:00,182675.45,208260.32,182507.95,200082.62295863839,202165.11497820565,192057.18305541071
2023-06-04 15:00:00,181113.97,208599.08,181543.44,200252.4267683667,201680.47232697954,191323.69916064088
2023-06-04 16:00:00,173939.41,202865.92,175641.96,194851.82582137702,194924.86066718693,186001.17127031254
2023-06-04 17:00:00,165020.83,193693.74,166744.14,186315.2124062656,186839.60882432148,179430.1856902414
2023-06-04 18:00:00,160718.38,186373.82,163996.61,181285.6337940527,181019.38288259343,178450.08876478774
2023-06-04 19:00:00,173119.6,194760.58,174461.93,190550.27694676182,189805.94523531548,188574.11687077716
2023-06-04 20:00:00,180121.58,198185.43,177132.89,193381.921347004,194642.2701549741,190594.26414093442
2023-06-04 21:00:00,184729.82,198064.2,178529.07,193835.916243903,195079.48997310866,191159.04860316333
2023-06-04 22:00:00,190275.74,201188.93,180265.75,196261.8800573894,197418.7863693193,193983.81524529832
2023-06-04 23:00:00,192036.71,200138.35,181121.46,195787.85715814005,197416.2582328304,193253.953453721
2023-06-05 00:00:00,188131.02,195777.47,177290.26,193840.48187941386,193002.04003959434,189317.14612769126
2023-06-05 01:00:00,184057.0,191225.5,172785.14,189169.81529520196,188115.87094718535,185859.0137686894
2023-06-05 02:00:00,179979.99,187299.42,167999.44,184621.5200847467,184399.23060193687,183075.59521184504
2023-06-05 03:00:00,176290.51,183744.11,164300.85,180922.09425469016,182500.57728626207,180866.86437529814
2023-06-05 04:00:00,173895.07,180594.91,162726.09,178563.78594895912,177554.12812071908,180060.81893076297
2023-06-05 05:00:00,173083.51,178378.92,164043.22,178223.41552306715,176563.4451933304,182348.191405492
2023-06-05 06:00:00,171465.5,174814.79,164554.58,177190.75616795302,174885.19647704356,184602.84299093
2023-06-05 07:00:00,173518.34,172064.58,166235.74,177127.6166958053,177094.0383728839,186697.68230838754
2023-06-05 08:00:00,179119.71,171781.64,171798.77,180303.96884622163,181290.49405107994,191675.96371473448
2023-06-05 09:00:00,190370.83,175649.2,181180.23,187642.82162835877,188891.52381155748,199732.0232668954
2023-06-05 10:00:00,198844.91,179802.74,189465.24,193985.81351911926,194884.0657866982,205671.06219136223
2023-06-05 11:00:00,203321.12,183266.71,194399.48,198069.66467140737,199022.7288270305,208376.24394998333
2023-06-05 12:00:00,206073.93,184258.15,195445.09,199328.56438330008,200250.2935432528,208466.25365896348
2023-06-05 13:00:00,205620.02,182906.03,195158.45,198156.05205027017,199444.66341525607,207248.96875204053
2023-06-05 14:00:00,209675.41,182675.45,196537.74,199795.60765167017,201040.0318903663,209608.7564589426
2023-06-05 15:00:00,211461.0,181113.97,194391.67,198895.02631123213,200564.96935185505,210693.6974697024
2023-06-05 16:00:00,205623.86,173939.41,186801.73,192232.03432252962,195633.35161986208,206444.27097176257
2023-06-05 17:00:00,193987.76,165020.83,180762.12,184248.20491872562,187683.65101830024,199690.49893114882
2023-06-05 18:00:00,186922.58,160718.38,176364.9,179343.71931781826,181429.55692061843,197212.65392068162
2023-06-05 19:00:00,196177.28,173119.6,184119.05,189188.9958280299,191923.67117464816,205943.14907897453
2023-06-05 20:00:00,199554.92,180121.58,185741.87,192985.41626306612,197404.67530944516,205881.99101959696
2023-06-05 21:00:00,199513.05,184729.82,185434.88,194590.96398472137,199030.3177089364,205036.87523876157
2023-06-05 22:00:00,203614.22,190275.74,187880.7,198160.23028636212,203523.6772644922,205840.29795486707
2023-06-05 23:00:00,203446.46,192036.71,186693.87,197974.67582184548,201818.19331889844,203812.11103995386
2023-06-06 00:00:00,197363.53,188131.02,183431.19,196496.8439548793,199258.5908566652,200783.50503587365
2023-06-06 01:00:00,191755.9,184057.0,179001.66,192149.35369211674,195167.42333013177,197891.3133698708
2023-06-06 02:00:00,187657.56,179979.99,175625.97,188126.18736840817,191346.2780100472,194561.34212071577
2023-06-06 03:00:00,184133.96,176290.51,171155.88,184033.31230735293,187292.4301696019,191574.9868099182
2023-06-06 04:00:00,181727.45,173895.07,169213.06,181707.60094659508,184709.82945277388,190749.89644426206
2023-06-06 05:00:00,180668.05,173083.51,168744.07,181047.35782918986,183585.6935467223,193211.59945152653
2023-06-06 06:00:00,179811.85,171465.5,167525.65,179762.09955260743,181803.88900351754,195683.0409891365
2023-06-06 07:00:00,181559.35,173518.34,168195.23,180773.3286656949,181328.21070173595,198166.48439513316
2023-06-06 08:00:00,186160.42,179119.71,172793.48,185345.9603295142,186383.51902617342,202845.56728409362
2023-06-06 09:00:00,196266.86,190370.83,181113.39,194859.233062847,196390.2066440649,211274.11184010352
2023-06-06 10:00:00,203753.03,198844.91,187384.31,202181.85528085474,203930.92495546016,216831.6107862921
2023-06-06 11:00:00,208930.67,203321.12,189629.13,205798.95456302626,209411.29886123334,220058.72315564542
2023-06-06 12:00:00,210209.23,206073.93,188622.56,206919.96517413598,211344.93629956472,221167.31627799352
2023-06-06 13:00:00,209480.64,205620.02,188392.03,206302.77347781064,210799.9312880762,219580.2739824594
2023-06-06 14:00:00,213667.35,209675.41,191141.18,209351.91067631496,213753.06463676877,221716.955943834
2023-06-06 15:00:00,213097.54,211461.0,192275.96,210300.89721853705,215888.31455932997,222769.63617175206
2023-06-06 16:00:00,205729.21,205623.86,187902.47,204606.03991872413,209269.61655949696,216930.77037103646
2023-06-06 17:00:00,195240.18,193987.76,180536.56,194759.25123527367,197867.35579289516,209988.38366483297
2023-06-06 18:00:00,187438.37,186922.58,177359.64,189204.19646855368,191551.10470265278,207425.42314846
2023-06-06 19:00:00,196355.2,196177.28,183158.03,197497.93137872612,199340.38252423445,215874.86051395192
2023-06-06 20:00:00,198712.69,199554.92,185984.72,200878.9811562157,202504.71368183172,216163.91250087688
2023-06-06 21:00:00,200124.97,199513.05,187198.35,201492.59726215826,202015.54125147863,215041.90440362232
2023-06-06 22:00:00,205079.14,203614.22,189804.22,205045.4915344383,206100.69350170827,216698.96257235308
2023-06-06 23:00:00,204906.76,203446.46,188399.53,204282.03810999275,205150.36625380884,214518.5224796978
2023-06-07 00:00:00,201615.71,197363.53,184372.16,198967.6832043391,202531.32454056808,202541.71253437307
2023-06-07 01:00:00,196856.63,191755.9,179810.41,193848.14263804496,196864.86455155635,199542.28882872785
2023-06-07 02:00:00,192430.4,187657.56,174942.46,189278.76723987662,192415.3813397885,196518.36244638028
2023-06-07 03:00:00,189214.79,184133.96,171050.32,185491.08504126268,189168.20399851244,194236.43598545837
2023-06-07 04:00:00,186674.38,181727.45,168943.46,183023.06959732095,186454.33895168736,193391.23735222843
2023-06-07 05:00:00,185642.55,180668.05,168658.57,182225.26534692218,185351.35183460446,195660.65525349457
2023-06-07 06:00:00,184044.13,179811.85,168646.35,181329.92171631928,184116.98445162835,197021.10994168816
2023-06-07 07:00:00,185596.86,181559.35,169810.74,182351.53370016898,185667.23429446734,199542.77150556617
2023-06-07 08:00:00,189532.41,186160.42,173678.28,186153.95342046855,189548.9935816245,203998.56213994362
2023-06-07 09:00:00,198959.77,196266.86,181220.39,194656.9327265406,199554.63173477666,212180.63084997504
2023-06-07 10:00:00,204948.12,203753.03,187327.17,201216.85351139295,206643.10415042035,217037.91734159723
2023-06-07 11:00:00,207969.13,208930.67,192485.0,205967.39626871017,211507.87261435954,219118.57316657694
2023-06-07 12:00:00,209187.83,210209.23,195438.45,207853.57271140048,213133.26606762328,219382.134820101
2023-06-07 13:00:00,210000.46,209480.64,193236.62,206461.9855885982,212505.29887912652,217382.00087876653
2023-06-07 14:00:00,214746.19,213667.35,196396.64,209482.51301830812,216049.03066067692,219835.8327206643
2023-06-07 15:00:00,215846.96,213097.54,196832.01,209268.0258863602,215539.2744975039,220516.23098533825
2023-06-07 16:00:00,210514.05,205729.21,190791.34,202372.54031391762,208371.9539036122,215153.85872530457
2023-06-07 17:00:00,199899.5,195240.18,183705.88,193079.1451811378,197171.17055877773,209044.6575081214
2023-06-07 18:00:00,191537.86,187438.37,179586.8,187305.77600443148,190197.80764300213,206315.45079804462
2023-06-07 19:00:00,197984.07,196355.2,188571.96,197118.1031148319,198730.4127123031,215159.62672049462
2023-06-07 20:00:00,201591.89,198712.69,190282.84,200019.05284597067,201496.0847984288,214985.7586863605
2023-06-07 21:00:00,202839.43,200124.97,190077.04,201051.4032088208,202346.15519206913,213141.76630604867
2023-06-07 22:00:00,207778.79,205079.14,191949.71,204830.73268323258,206942.91275730316,214216.11128168576
2023-06-07 23:00:00,207774.19,204906.76,191610.06,204810.85040854552,206827.67958032363,212430.04262595705
2023-06-08 00:00:00,204044.86,201615.71,186465.81,198886.13029606684,201648.878015859,204177.41278331797
2023-06-08 01:00:00,199357.42,196856.63,181503.25,193951.43545984305,197335.85478754784,199078.74996573577
2023-06-08 02:00:00,194881.02,192430.4,176849.04,189417.97960391786,192863.86899733433,194539.75349887233
2023-06-08 03:00:00,191345.93,189214.79,172540.52,185628.2321927008,189020.1261500893,191606.00046377443
2023-06-08 04:00:00,188502.72,186674.38,171009.57,183513.10554191115,187199.24904256078,190602.70009819616
2023-06-08 05:00:00,187050.67,185642.55,170582.39,182924.1162552703,186005.6519235837,193125.902844424
2023-06-08 06:00:00,185288.67,184044.13,169593.15,181820.82966325368,184612.27397504574,195283.42877652537
2023-06-08 07:00:00,186228.37,185596.86,170381.1,183443.5615154302,186169.15679272005,197503.60782577784
2023-06-08 08:00:00,191754.7,189532.41,172883.73,187383.80678231726,189438.2564837901,202135.72684642984
2023-06-08 09:00:00,201479.22,198959.77,180530.09,196848.1698208672,198555.49306465976,211041.67367307044
2023-06-08 10:00:00,208666.57,204948.12,188065.63,204108.5879522055,205386.00344488377,217312.95543795443
2023-06-08 11:00:00,212382.75,207969.13,192233.54,208010.54210315624,208320.27699412376,220516.5608930163
2023-06-08 12:00:00,213416.69,209187.83,192695.18,209191.53741447744,210185.06687798488,221347.48496986346
2023-06-08 13:00:00,213866.33,210000.46,190688.96,208429.59531135997,210382.97843797167,218673.68838163879
2023-06-08 14:00:00,218830.25,214746.19,194127.78,212344.305517622,214555.25522099275,220759.26448010668
2023-06-08 15:00:00,219532.43,215846.96,195827.58,213217.72331217624,213613.8577337829,220279.3596341786
2023-06-08 16:00:00,211724.39,210514.05,192342.48,208058.56806380517,208221.26352469262,215180.10148362664
2023-06-08 17:00:00,200506.5,199899.5,185755.0,198533.18735593528,198636.43727333398,208642.83362389935
2023-06-08 18:00:00,192494.95,191537.86,181072.77,191909.91649491663,190337.12856168472,206126.77607867704
2023-06-08 19:00:00,200187.53,197984.07,190201.91,200139.28954481482,197335.29516825196,214657.46091898726
2023-06-08 20:00:00,204521.99,201591.89,192539.32,203217.01450053742,200461.62550378704,216332.8051855807
2023-06-08 21:00:00,206188.77,202839.43,192467.66,203454.77495453623,201627.40427117,214481.7119887364
2023-06-08 22:00:00,211045.59,207778.79,194446.66,207057.31938110804,206527.75257939426,215847.28869167762
2023-06-08 23:00:00,210377.78,207774.19,193377.32,206533.46067592723,206198.82305526815,213968.67354510204
2023-06-09 00:00:00,206568.3,204044.86,190420.07,202847.94348945117,207403.35327470806,207182.59825633097
2023-06-09 01:00:00,202514.0,199357.42,185566.2,197791.68867831712,202481.67184940132,203103.95239666814
2023-06-09 02:00:00,196795.15,194881.02,180531.59,193049.5097146139,197766.84414715486,199540.22236806134
2023-06-09 03:00:00,194817.18,191345.93,176963.54,189482.74267756604,194102.8722453999,196879.68162146513
2023-06-09 04:00:00,191694.9,188502.72,174900.86,187067.85727228495,191812.07749552155,196065.84857176902
2023-06-09 05:00:00,189831.62,187050.67,174806.43,186492.43932673192,190845.52360419076,198358.5095914552
2023-06-09 06:00:00,188489.77,185288.67,174891.09,185896.8806446,189023.77367951872,200283.3018728192
2023-06-09 07:00:00,187959.12,186228.37,175685.64,187257.40597002796,189846.2735200213,202186.07266132542
2023-06-09 08:00:00,191312.07,191754.7,179870.25,192065.7328552959,194654.4835008524,205887.47143528477
2023-06-09 09:00:00,201428.53,201479.22,188249.52,201542.55119347697,204744.09780379775,214253.79513828974
2023-06-09 10:00:00,210367.59,208666.57,194242.07,208256.4489032635,211398.50961425185,219695.41694684175
2023-06-09 11:00:00,214707.1,212382.75,197828.91,212092.7417257462,214921.63809407892,222321.1514146102
2023-06-09 12:00:00,215936.97,213416.69,199844.95,213513.39930598022,216533.545990649,223222.77021791914
2023-06-09 13:00:00,215489.75,213866.33,197802.09,212747.98030584154,215990.80341892288,220834.0153737288
2023-06-09 14:00:00,220103.96,218830.25,202141.88,217037.04707950502,220945.85128863587,222540.77914871048
2023-06-09 15:00:00,220356.87,219532.43,203834.36,217815.84724146308,221409.22144125574,223459.79239445162
2023-06-09 16:00:00,211437.63,211724.39,199706.53,211554.41495380583,214060.00287386705,218462.2658216773
2023-06-09 17:00:00,199435.82,200506.5,191973.66,201687.9285859811,203320.3642514434,211365.5705856769
2023-06-09 18:00:00,191312.86,192494.95,186144.07,194635.81654054386,194926.45632116904,208028.80626218472
2023-06-09 19:00:00,199497.57,200187.53,194889.92,203084.80180426856,202453.84701059072,217450.42814173014
2023-06-09 20:00:00,203796.11,204521.99,197755.43,206550.30811424635,206377.47400013896,219693.68267393278
2023-06-09 21:00:00,206197.33,206188.77,198054.73,207603.13289472595,207904.0206425494,220083.241860489
2023-06-09 22:00:00,210479.74,211045.59,200432.57,211562.4149614993,212227.402792363,222484.63605769532
2023-06-09 23:00:00,210293.14,210377.78,199145.0,210772.17677838763,212295.89542197148,221213.9075156575
2023-06-10 00:00:00,206733.15,206568.3,195357.02,204728.77572256408,206836.28335334585,206188.0982401989
2023-06-10 01:00:00,202602.06,202514.0,191189.17,200312.09827240565,202550.84956469404,202090.94469408444
2023-06-10 02:00:00,198172.78,196795.15,187126.71,195420.39635990493,197165.83876447583,197762.12890778817
2023-06-10 03:00:00,193783.48,194817.18,183590.7,192443.00341990538,194573.160984994,194469.5829320249
2023-06-10 04:00:00,191131.6,191694.9,181424.64,189813.683741096,191899.61767002367,193005.42773921197
2023-06-10 05:00:00,190247.46,189831.62,180715.2,188715.56668849915,189430.7070327986,194295.48557900923
2023-06-10 06:00:00,188154.77,188489.77,180039.27,187704.097771033,187641.25537058056,194762.70737019222
2023-06-10 07:00:00,187893.77,187959.12,180006.02,187981.06432837748,187489.32475000346,194909.93397426963
2023-06-10 08:00:00,191557.08,191312.07,183679.39,191673.64395909797,191396.3062702111,197335.43736913867
2023-06-10 09:00:00,199824.2,201428.53,192778.35,201186.67302492162,200811.95896245245,204129.51294515294
2023-06-10 10:00:00,205612.56,210367.59,200246.88,208858.49402526324,208728.202726549,210135.844806262
2023-06-10 11:00:00,209079.2,214707.1,204474.6,212815.49741726273,212256.1714001999,213704.6765927683
2023-06-10 12:00:00,210663.97,215936.97,206267.6,214161.8479946941,213127.65809322466,214473.92796988998
2023-06-10 13:00:00,210588.9,215489.75,205003.93,213676.0213951087,213579.2843388654,212968.10694509922
2023-06-10 14:00:00,215313.57,220103.96,208260.32,217807.18148258733,218045.4272673677,215751.1410568143
2023-06-10 15:00:00,215948.18,220356.87,208599.08,218384.6546244094,218266.36304534847,217147.0211348768
2023-06-10 16:00:00,206777.38,211437.63,202865.92,211494.83721005885,209986.3900356758,212659.92780446963
2023-06-10 17:00:00,194979.07,199435.82,193693.74,200961.08035784497,197989.72050521878,205823.21851216775
2023-06-10 18:00:00,187415.58,191312.86,186373.82,193425.72087394167,190520.43383220196,202802.66511701664
2023-06-10 19:00:00,194268.26,199497.57,194760.58,201485.01564070347,198812.5145911098,211913.40392024105
2023-06-10 20:00:00,199013.62,203796.11,198185.43,205161.6860524744,202478.68020716982,213429.48471579677
2023-06-10 21:00:00,199629.02,206197.33,198064.2,206272.08725547683,204986.49474912012,213449.27080611038
2023-06-10 22:00:00,203980.61,210479.74,201188.93,210139.2137371519,208620.10552006072,215801.5348018732
2023-06-10 23:00:00,204440.76,210293.14,200138.35,209568.9534520175,208470.24225547374,214759.80689580488
2023-06-11 00:00:00,201331.64,206733.15,195777.47,199630.7293440267,204849.4341267429,201269.15253979142
2023-06-11 01:00:00,197041.85,202602.06,191225.5,195289.56182436275,200686.79227451253,197256.88443058028
2023-06-11 02:00:00,192183.89,198172.78,187299.42,190975.5662596474,196291.58042849755,193572.90985987804
2023-06-11 03:00:00,187656.36,193783.48,183744.11,187279.59472817616,193038.15359210395,190106.9497226615
2023-06-11 04:00:00,184723.14,191131.6,180594.91,184566.567342284,190541.04350553494,188391.05660098352
2023-06-11 05:00:00,182488.52,190247.46,178378.92,183329.50960563243,188688.18726460292,188454.0050753673
2023-06-11 06:00:00,179653.21,188154.77,174814.79,181197.70313019768,184949.25704402546,186657.1583578505
2023-06-11 07:00:00,180178.97,187893.77,172064.58,180654.2704813001,182310.9598891641,185636.30321151568
2023-06-11 08:00:00,182906.95,191557.08,171781.64,183376.26175267814,184043.6657124843,187513.57270307874
2023-06-11 09:00:00,185951.58,199824.2,175649.2,190488.0224475475,189349.98176282676,192409.22951061494
2023-06-11 10:00:00,189992.55,205612.56,179802.74,196111.74081575664,193158.8262274119,197009.00206378676
2023-06-11 11:00:00,193543.03,209079.2,183266.71,199591.0309709472,196791.1152129281,200052.0339753718
2023-06-11 12:00:00,195529.82,210663.97,184258.15,200705.64714033314,197827.31693796927,200627.0978885684
2023-06-11 13:00:00,196446.01,210588.9,182906.03,200173.4471025696,197961.51359337464,200016.93698787573
2023-06-11 14:00:00,198718.07,215313.57,182675.45,203190.64843623346,199963.38150197282,202520.2646244644
2023-06-11 15:00:00,199402.7,215948.18,181113.97,203039.85326435385,197741.95886794841,202166.89497778297
2023-06-11 16:00:00,193200.74,206777.38,173939.41,195081.97878617054,190229.85731911522,196494.54312650923
2023-06-11 17:00:00,184086.66,194979.07,165020.83,184627.08500902166,180035.5382335726,188531.47155769262
2023-06-11 18:00:00,176022.86,187415.58,160718.38,178426.7912416257,173607.51885529654,186295.21447972272
2023-06-11 19:00:00,185265.35,194268.26,173119.6,187300.67359857273,185066.07557127025,196367.6360256801
2023-06-11 20:00:00,193031.78,199013.62,180121.58,192223.33192071755,190397.8689792828,199032.69893208888
2023-06-11 21:00:00,197729.28,199629.02,184729.82,194224.6846277247,192084.9407694282,200509.12762775162
2023-06-11 22:00:00,203628.32,203980.61,190275.74,198651.49651009598,197206.5014632535,203708.42458576986
2023-06-11 23:00:00,204393.88,204440.76,192036.71,199148.93836067372,197644.87586727098,203805.3419215297
2023-06-12 00:00:00,201446.77,201331.64,188131.02,200297.15396329205,192697.6862093322,200210.7296782843
2023-06-12 01:00:00,196650.89,197041.85,184057.0,196061.98407760932,190063.4050958098,195577.02078557626
2023-06-12 02:00:00,192016.94,192183.89,179979.99,191293.81173984447,185497.921444033,191445.034876767
2023-06-12 03:00:00,187808.93,187656.36,176290.51,187529.56973237247,181711.54859933106,188083.86028216005
2023-06-12 04:00:00,186276.03,184723.14,173895.07,184860.9352453877,179174.43847215615,186375.63523296258
2023-06-12 05:00:00,184666.08,182488.52,173083.51,183577.02614413403,179044.0606420117,187751.76486771178
2023-06-12 06:00:00,184595.85,179653.21,171465.5,181838.47182910613,178324.4966219649,188936.0569118206
2023-06-12 07:00:00,187864.92,180178.97,173518.34,182847.72789462566,179853.339851617,190875.97063639344
2023-06-12 08:00:00,191770.73,182906.95,179119.71,186902.35168271835,185235.70224525427,196327.85652974216
2023-06-12 09:00:00,201168.3,185951.58,190370.83,194665.07408141665,192718.73146599458,205145.8485331116
2023-06-12 10:00:00,208184.42,189992.55,198844.91,201360.68882422408,199381.72110273739,212552.94798253337
2023-06-12 11:00:00,212102.24,193543.03,203321.12,205373.98844519962,203093.46356091756,216430.51554951124
2023-06-12 12:00:00,211996.91,195529.82,206073.93,207304.3345136818,204100.73856970004,216952.49400785545
2023-06-12 13:00:00,210676.53,196446.01,205620.02,207269.36732088221,204470.60958792188,216545.3051539951
2023-06-12 14:00:00,214301.41,198718.07,209675.41,210590.7597237495,207779.14601681856,219672.8793268592
2023-06-12 15:00:00,215990.63,199402.7,211461.0,211343.6618593233,209361.38149596864,220299.83566068622
2023-06-12 16:00:00,210297.7,193200.74,205623.86,204450.7753528719,203887.34366900087,214814.3919792359
2023-06-12 17:00:00,200831.82,184086.66,193987.76,194006.86724938496,192562.82162323585,207073.96385103994
2023-06-12 18:00:00,192023.2,176022.86,186922.58,186645.16985483395,185795.4626500542,202634.4046773522
2023-06-12 19:00:00,197614.82,185265.35,196177.28,195492.41731381722,193473.35951538323,210687.0776360211
2023-06-12 20:00:00,202943.82,193031.78,199554.92,200490.88419847898,197785.4538905446,211539.99150890857
2023-06-12 21:00:00,206269.29,197729.28,199513.05,202531.4155075572,199265.3295343032,211528.31621584948
2023-06-12 22:00:00,209878.52,203628.32,203614.22,207130.43291006458,203688.9474670275,213364.99479539035
2023-06-12 23:00:00,209509.13,204393.88,203446.46,207214.8368751091,203777.026826755,211734.77622003492
2023-06-13 00:00:00,206462.8,201446.77,197363.53,203787.85954362922,205748.3199580431,205484.2963467305
2023-06-13 01:00:00,202618.46,196650.89,191755.9,198857.03059089129,201350.77029391556,201141.98688856247
2023-06-13 02:00:00,197588.89,192016.94,187657.56,194422.04288289117,196669.83011083558,196724.5079506764
2023-06-13 03:00:00,193984.34,187808.93,184133.96,190339.0907694565,192576.59238019775,192134.92448556755
2023-06-13 04:00:00,191679.84,186276.03,181727.45,188219.55793380237,191094.0565382414,190087.12917625153
2023-06-13 05:00:00,190738.37,184666.08,180668.05,187064.89733487062,189630.2509532599,190588.86383507433
2023-06-13 06:00:00,189169.52,184595.85,179811.85,186304.7786206818,188977.83240990085,190732.2585480584
2023-06-13 07:00:00,189812.56,187864.92,181559.35,188293.83947600762,191227.53035179983,192194.536704665
2023-06-13 08:00:00,194369.28,191770.73,186160.42,192404.5860984067,195033.29168136566,196772.7636064261
2023-06-13 09:00:00,202428.84,201168.3,196266.86,201349.00803589265,204446.68142254194,205564.8582080162
2023-06-13 10:00:00,209213.93,208184.42,203753.03,208037.2937623147,210194.75177214455,211833.44778243164
2023-06-13 11:00:00,209387.53,212102.24,208930.67,212127.84053326212,214540.42473606754,214615.6758897414
2023-06-13 12:00:00,209000.1,211996.91,210209.23,212829.66461653914,214400.71522525634,215197.89384286132
2023-06-13 13:00:00,206780.75,210676.53,209480.64,212036.326799924,213379.2742574945,214476.28415249544
2023-06-13 14:00:00,210962.71,214301.41,213667.35,215793.81505817588,216562.83589025334,216878.0287116602
2023-06-13 15:00:00,213276.4,215990.63,213097.54,216431.13030917814,218258.3495822895,218097.9772406259
2023-06-13 16:00:00,209182.42,210297.7,205729.21,209589.81229438612,212021.603946357,211705.87140894085
2023-06-13 17:00:00,200328.92,200831.82,195240.18,199520.53273247875,201986.47431617536,203298.46842918204
2023-06-13 18:00:00,192439.96,192023.2,187438.37,191751.93823144006,194045.00648202677,199256.9438620155
2023-06-13 19:00:00,197566.76,197614.82,196355.2,199045.6206916975,200124.06634724382,206800.7277099467
2023-06-13 20:00:00,202423.18,202943.82,198712.69,203230.77462146024,204559.83525316216,208558.99420154744
2023-06-13 21:00:00,204361.36,206269.29,200124.97,205313.15091417808,207386.61428127805,208676.58239413513
2023-06-13 22:00:00,209958.96,209878.52,205079.14,209498.31888400484,211074.53905002336,211383.303435678
2023-06-13 23:00:00,211182.62,209509.13,204906.76,209293.49721921928,210736.768734797,209710.7634517007
2023-06-14 00:00:00,207906.35,206462.8,201615.71,204539.57754723477,204640.4302050112,209186.80206638775
2023-06-14 01:00:00,203446.1,202618.46,196856.63,200184.73911038082,200306.06170844354,206477.09869592745
2023-06-14 02:00:00,198354.71,197588.89,192430.4,195404.55763781455,195430.56069111347,203299.75530161316
2023-06-14 03:00:00,194223.65,193984.34,189214.79,191696.84226641688,192611.19459957452,200725.16726467857
2023-06-14 04:00:00,192118.62,191679.84,186674.38,189330.53236494283,190164.16200066495,199419.54704053057
2023-06-14 05:00:00,191241.96,190738.37,185642.55,188261.3398871465,188981.22362546562,200758.64167074236
2023-06-14 06:00:00,189847.65,189169.52,184044.13,186890.03996994442,187738.62977286498,201013.44702898813
2023-06-14 07:00:00,190722.45,189812.56,185596.86,188235.0445659083,188685.1269738334,203044.6409407478
2023-06-14 08:00:00,192484.84,194369.28,189532.41,192233.30422526327,192893.96501505945,207645.04282019695
2023-06-14 09:00:00,198630.2,202428.84,198959.77,199942.24494182944,199638.85542187357,216456.24643011205
2023-06-14 10:00:00,202763.13,209213.93,204948.12,205950.73101975274,206226.6505918261,222184.73953696986
2023-06-14 11:00:00,204072.68,209387.53,207969.13,208167.9448975214,206908.3398499436,225459.62385247543
2023-06-14 12:00:00,203716.51,209000.1,209187.83,208843.28899941614,207876.88320215823,226773.50141078143
2023-06-14 13:00:00,203646.46,206780.75,210000.46,208088.40458002096,207048.62155795816,225688.48772201996
2023-06-14 14:00:00,208832.29,210962.71,214746.19,211880.2297684738,209565.94324599352,229180.02952691418
2023-06-14 15:00:00,211999.02,213276.4,215846.96,213308.0627795451,211804.5283073666,229907.31047639926
2023-06-14 16:00:00,208031.16,209182.42,210514.05,208211.88559441819,207366.69349480106,223652.62551726215
2023-06-14 17:00:00,197845.04,200328.92,199899.5,198882.81279458175,198442.29205237795,216234.86850753316
2023-06-14 18:00:00,189892.87,192439.96,191537.86,191151.52796862752,190561.6520317014,211828.69658892235
2023-06-14 19:00:00,195711.91,197566.76,197984.07,197738.2357652827,196903.0516341453,220692.80643758384
2023-06-14 20:00:00,201410.25,202423.18,201591.89,202396.18709262685,201005.09723558192,221730.35306297685
2023-06-14 21:00:00,204159.21,204361.36,202839.43,204451.44946894946,203029.0026641689,220834.2810693497
2023-06-14 22:00:00,208633.87,209958.96,207778.79,209371.91161946094,207796.74224076167,222729.3985027067
2023-06-14 23:00:00,209854.96,211182.62,207774.19,209817.9802096199,208741.0555755275,221651.46457840683
2023-06-15 00:00:00,206213.22,207906.35,204044.86,202941.58779818084,203400.90579432112,204484.15429538666
2023-06-15 01:00:00,202011.5,203446.1,199357.42,198429.44000540805,198634.26419363252,197838.4431105903
2023-06-15 02:00:00,197492.65,198354.71,194881.02,193706.64440536112,194205.02744542068,192014.47451557207
2023-06-15 03:00:00,192387.63,194223.65,191345.93,189854.0359122895,190771.13700633412,187789.69771579828
2023-06-15 04:00:00,189620.5,192118.62,188502.72,187733.8924874559,188481.61778040527,185828.3995431037
2023-06-15 05:00:00,189180.21,191241.96,187050.67,186744.14342449006,188024.19398810738,186617.02926968032
2023-06-15 06:00:00,188387.0,189847.65,185288.67,185739.73094216562,187241.10057111338,186658.0128491494
2023-06-15 07:00:00,189740.44,190722.45,186228.37,187222.48363010894,188655.89329841442,188086.91866805
2023-06-15 08:00:00,191628.83,192484.84,191754.7,190788.6475350622,190576.88840597912,192308.30855774446
2023-06-15 09:00:00,196301.75,198630.2,201479.22,198751.13578928265,198282.1540173968,201367.1982408476
2023-06-15 10:00:00,199878.92,202763.13,208666.57,204614.8120443653,203396.42349762205,208661.33102914388
2023-06-15 11:00:00,201316.08,204072.68,212382.75,207105.07564083167,205298.7204146458,212510.4072432308
2023-06-15 12:00:00,200759.24,203716.51,213416.69,207193.04063001563,205161.02005476886,213602.4682378172
2023-06-15 13:00:00,200434.08,203646.46,213866.33,206642.70279557738,204234.58554294787,211364.926200831
2023-06-15 14:00:00,204855.61,208832.29,218830.25,211079.59411625064,209100.75882870684,214036.294346872
2023-06-15 15:00:00,208530.15,211999.02,219532.43,212981.09432708606,210309.09974050813,213545.10793655776
2023-06-15 16:00:00,204773.86,208031.16,211724.39,207670.55448104467,206249.6193799397,208391.0530190838
2023-06-15 17:00:00,196825.18,197845.04,200506.5,197871.94860833042,196881.2689891124,200567.17285335495
2023-06-15 18:00:00,188263.83,189892.87,192494.95,190273.1715765884,189291.57808879315,196332.5333246526
2023-06-15 19:00:00,195636.23,195711.91,200187.53,196684.1533755181,194874.5666047738,204654.4639565403
2023-06-15 20:00:00,201173.42,201410.25,204521.99,201354.15428930154,200353.61456807298,207413.68082008994
2023-06-15 21:00:00,203854.08,204159.21,206188.77,203452.03395833934,202738.4683350268,206395.7259460852
2023-06-15 22:00:00,207860.36,208633.87,211045.59,207607.8608131723,207242.62965597364,208514.6220646053
2023-06-15 23:00:00,206380.5,209854.96,210377.78,207753.05532024152,208089.81341070816,207304.12041008484
2023-06-16 00:00:00,203103.0,206213.22,206568.3,203312.33602772286,200394.52126376634,202295.92747341233
2023-06-16 01:00:00,201003.53,202011.5,202514.0,199221.7386806502,195995.086390386,197651.93793046448
2023-06-16 02:00:00,197589.5,197492.65,196795.15,194287.24892031378,191170.86950367806,192996.29397723294
2023-06-16 03:00:00,194339.99,192387.63,194817.18,190638.0357533592,187350.19757004373,189519.48514276303
2023-06-16 04:00:00,192995.81,189620.5,191694.9,188064.2399136281,184768.04057427845,187732.00008546404
2023-06-16 05:00:00,191777.23,189180.21,189831.62,187269.31400564662,183886.04541099994,188676.4882374545
2023-06-16 06:00:00,190562.88,188387.0,188489.77,186419.56384084074,183864.78244887813,189363.4818804558
2023-06-16 07:00:00,191822.61,189740.44,187959.12,187204.75596734651,185068.50242784532,190548.2781621618
2023-06-16 08:00:00,194066.19,191628.83,191312.07,190142.07327018847,187303.08093293436,194254.63328522712
2023-06-16 09:00:00,200263.1,196301.75,201428.53,197276.0693861047,193881.0589162694,202845.54872750593
2023-06-16 10:00:00,205722.17,199878.92,210367.59,203062.71505323198,199662.88970584792,208758.74616020732
2023-06-16 11:00:00,206712.07,201316.08,214707.1,205150.56836583262,201430.4738692809,211752.95046128833
2023-06-16 12:00:00,205623.59,200759.24,215936.97,205245.32112629584,202157.25085832068,213024.21423926426
2023-06-16 13:00:00,203689.21,200434.08,215489.75,204358.83557653736,201225.58114034287,211205.7732126732
2023-06-16 14:00:00,208940.32,204855.61,220103.96,208619.43383501197,205484.8658237951,213605.731589541
2023-06-16 15:00:00,208918.62,208530.15,220356.87,210758.52161796988,206596.20272663777,215117.18579506018
2023-06-16 16:00:00,204746.57,204773.86,211437.63,205514.74845514935,201484.0742523499,210045.67236593572
2023-06-16 17:00:00,193578.06,196825.18,199435.82,196307.44656722178,193280.60512080975,201888.2902643735
2023-06-16 18:00:00,187337.35,188263.83,191312.86,188588.1551523324,185717.0387854686,196555.64576647387
2023-06-16 19:00:00,196920.71,195636.23,199497.57,195628.0177386464,192060.55612222457,205489.41452324382
2023-06-16 20:00:00,202039.81,201173.42,203796.11,200221.04034194918,197218.5615031596,208744.7787852998
2023-06-16 21:00:00,204897.45,203854.08,206197.33,202330.96750782648,199247.2330404922,209691.6826781661
2023-06-16 22:00:00,208287.73,207860.36,210479.74,206415.94047117862,203606.51650517542,212812.20175584633
2023-06-16 23:00:00,206994.85,206380.5,210293.14,205982.45434909803,202877.11487133146,211957.5704115384
2023-06-17 00:00:00,203281.01,203103.0,206733.15,203241.1664360069,202230.6657470836,202267.19214464395
2023-06-17 01:00:00,199928.76,201003.53,202602.06,199832.45419284177,199108.5698725519,197552.37285822906
2023-06-17 02:00:00,196861.23,197589.5,198172.78,195737.14228707293,195274.84254026474,192660.042542279
2023-06-17 03:00:00,193366.51,194339.99,193783.48,191903.0294317735,191476.49920363404,188768.47209766315
2023-06-17 04:00:00,192032.76,192995.81,191131.6,189951.01440730697,189645.63750734754,186455.089181126
2023-06-17 05:00:00,191816.39,191777.23,190247.46,189161.68854318094,188350.38849419804,186457.29179159715
2023-06-17 06:00:00,189381.12,190562.88,188154.77,187978.37348501166,187266.45499388606,185821.7567225725
2023-06-17 07:00:00,188732.24,191822.61,187893.77,188843.45937369502,188650.30033654376,185669.70800705516
2023-06-17 08:00:00,190860.34,194066.19,191557.08,191496.91680482336,189852.7022053243,188244.44117350824
2023-06-17 09:00:00,197071.06,200263.1,199824.2,198263.10100260307,196059.03467540586,196012.35700329577
2023-06-17 10:00:00,202860.56,205722.17,205612.56,203425.1916701373,201522.5187842584,202629.10979705193
2023-06-17 11:00:00,205989.78,206712.07,209079.2,205364.78298138612,203138.1596261158,206534.8300309315
2023-06-17 12:00:00,207594.96,205623.59,210663.97,205351.18482211314,202437.930712853,207957.68914827716
2023-06-17 13:00:00,206898.02,203689.21,210588.9,204384.84737794063,200605.45056173776,207027.45026646464
2023-06-17 14:00:00,208832.79,208940.32,215313.57,209064.21286722273,204808.24671639112,210440.23229148675
2023-06-17 15:00:00,208000.45,208918.62,215948.18,210083.69213599156,205820.38035257216,211604.5356768823
2023-06-17 16:00:00,204337.68,204746.57,206777.38,204536.76935202675,201587.435737157,206583.17079427198
2023-06-17 17:00:00,195855.68,193578.06,194979.07,194027.8119444815,191786.78638199862,198170.9100464542
2023-06-17 18:00:00,188699.7,187337.35,187415.58,187146.39553931472,185870.82972643786,192999.36812038143
2023-06-17 19:00:00,196544.47,196920.71,194268.26,194873.67287998804,193073.9587699254,201785.56789489888
2023-06-17 20:00:00,201052.73,202039.81,199013.62,199631.06782137483,199191.4729086088,204306.6482234827
2023-06-17 21:00:00,203011.13,204897.45,199629.02,201426.45743205803,201454.12544170677,204776.448956562
2023-06-17 22:00:00,206610.32,208287.73,203980.61,205129.2015524036,204651.35723160836,207860.91335967384
2023-06-17 23:00:00,205489.38,206994.85,204440.76,204742.36337041055,203811.34669952816,207106.25602268975
2023-06-18 00:00:00,201254.48,203281.01,201331.64,197695.84184875854,201094.15514640533,200983.98943638068
2023-06-18 01:00:00,197546.11,199928.76,197041.85,194052.09989616045,197887.21063289928,196088.86335642132
2023-06-18 02:00:00,193865.28,196861.23,192183.89,190240.6753098571,194811.2900040584,191615.7082148975
2023-06-18 03:00:00,189641.52,193366.51,187656.36,186326.48711757665,191433.91325939778,187390.31935242945
2023-06-18 04:00:00,187430.75,192032.76,184723.14,184290.85878183562,189726.27366762827,184695.6925857619
2023-06-18 05:00:00,186279.28,191816.39,182488.52,183448.45248305297,188042.09291458002,183702.12070329968
2023-06-18 06:00:00,182868.69,189381.12,179653.21,181563.53966849632,184694.96494568288,181054.86321213222
2023-06-18 07:00:00,180541.91,188732.24,180178.97,181879.62490572545,182485.32616223802,179471.2677070813
2023-06-18 08:00:00,181733.56,190860.34,182906.95,184023.02569790243,184226.97656172878,180605.98606861816
2023-06-18 09:00:00,185644.4,197071.06,185951.58,188826.84691837503,186538.71273627947,185332.19650899462
2023-06-18 10:00:00,191052.8,202860.56,189992.55,193432.88475317464,190609.78975773547,190137.77631777935
2023-06-18 11:00:00,195135.73,205989.78,193543.03,196080.58161046862,192998.46984808458,193366.4517725722
2023-06-18 12:00:00,196992.41,207594.96,195529.82,197026.48749290188,194320.70563858043,194037.99262561198
2023-06-18 13:00:00,196318.38,206898.02,196446.01,196612.2582507134,195016.65066479787,193553.60157550257
2023-06-18 14:00:00,197281.55,208832.79,198718.07,199107.8323537379,196901.70002885137,196024.51957227322
2023-06-18 15:00:00,197789.43,208000.45,199402.7,199532.25370515694,198139.4171454633,195431.9600807713
2023-06-18 16:00:00,190042.76,204337.68,193200.74,195032.99215879696,192338.29121973275,188775.35402857958
2023-06-18 17:00:00,178548.09,195855.68,184086.66,186560.21053621484,184491.52013336867,179690.15690423065
2023-06-18 18:00:00,171282.26,188699.7,176022.86,179542.15435585726,178266.64233194085,175669.87963518355
2023-06-18 19:00:00,182341.47,196544.47,185265.35,187844.1437837474,186424.43620676544,185912.22884080012
2023-06-18 20:00:00,189502.04,201052.73,193031.78,193254.38436205278,193987.42779985414,190004.81759127398
2023-06-18 21:00:00,193233.72,203011.13,197729.28,196060.08775934484,197269.48161440575,192582.05278114288
2023-06-18 22:00:00,197888.07,206610.32,203628.32,200169.5773142895,201056.24213637828,196541.69546411
2023-06-18 23:00:00,197427.75,205489.38,204393.88,199595.92842967674,200428.22013717002,197294.70608369948
2023-06-19 00:00:00,189147.3,201254.48,201446.77,203596.32665481596,194993.35181997827,193453.25371221802
2023-06-19 01:00:00,185148.42,197546.11,196650.89,199804.9832554991,190939.3880053335,188588.0409726672
2023-06-19 02:00:00,184729.49,193865.28,192016.94,195872.86195681393,187949.79708398433,184091.28543173417
2023-06-19 03:00:00,180656.52,189641.52,187808.93,191924.4477943376,184511.88755325566,180275.50820679942
2023-06-19 04:00:00,178118.56,187430.75,186276.03,190182.15833962674,183139.62637881303,178109.64461906484
2023-06-19 05:00:00,177614.53,186279.28,184666.08,189122.94179728147,182534.72850411135,178608.4257858162
2023-06-19 06:00:00,179060.75,182868.69,184595.85,187562.4054484881,182620.27126455936,178420.52780941105
2023-06-19 07:00:00,181647.16,180541.91,187864.92,188213.6434174134,185298.97118741358,180235.63810912476
2023-06-19 08:00:00,186512.85,181733.56,191770.73,190832.98766372463,187696.3890089455,185833.48062204305
2023-06-19 09:00:00,193876.05,185644.4,201168.3,197516.6495148181,192421.4575271468,195508.00490276527
2023-06-19 10:00:00,202291.83,191052.8,208184.42,203615.8777816383,198136.68744035333,203382.48140614203
2023-06-19 11:00:00,207111.91,195135.73,212102.24,206984.75380689805,201324.05322130662,207850.15395751415
2023-06-19 12:00:00,209186.22,196992.41,211996.91,207658.59786897755,203486.7194830882,208931.52641937925
2023-06-19 13:00:00,207825.9,196318.38,210676.53,206451.51223763594,203244.22029309743,208943.25595776117
2023-06-19 14:00:00,210225.97,197281.55,214301.41,209171.40436885104,203973.6754634696,212547.76791572198
2023-06-19 15:00:00,209843.98,197789.43,215990.63,209855.95150640557,204148.7907196689,213365.1094294339
2023-06-19 16:00:00,202444.17,190042.76,210297.7,203841.74679400705,199328.6604666606,207450.21013502454
2023-06-19 17:00:00,193324.14,178548.09,200831.82,193360.9007630229,190054.1772851271,197886.75973554153
2023-06-19 18:00:00,186819.8,171282.26,192023.2,186018.23950191608,182845.16958379635,191720.7983432147
2023-06-19 19:00:00,196391.73,182341.47,197614.82,194781.6090205078,191535.7134060332,200062.59046011095
2023-06-19 20:00:00,200003.8,189502.04,202943.82,200362.85352632063,198045.5527700584,201984.55429361085
2023-06-19 21:00:00,200609.23,193233.72,206269.29,203277.4937199493,200556.24809930645,202332.84581146835
2023-06-19 22:00:00,204485.86,197888.07,209878.52,207116.9048049215,204426.83995667298,205101.00895758465
2023-06-19 23:00:00,203753.53,197427.75,209509.13,206415.63508717652,203537.85783776082,203828.690860342
2023-06-20 00:00:00,199082.55,189147.3,206462.8,198930.12399621046,199736.15453149244,199313.8330542963
2023-06-20 01:00:00,194139.86,185148.42,202618.46,195034.6381976559,195920.8294711695,194550.08191945337
2023-06-20 02:00:00,189269.53,184729.49,197588.89,192244.744247571,193254.47109645602,190136.14053537126
2023-06-20 03:00:00,186459.27,180656.52,193984.34,188483.81126719486,189295.76368527045,185451.27452407868
2023-06-20 04:00:00,184341.67,178118.56,191679.84,186342.6853878319,187203.2213854229,183110.8120894229
2023-06-20 05:00:00,184165.69,177614.53,190738.37,185832.3856961419,186547.53602654755,182964.09427004596
2023-06-20 06:00:00,184329.1,179060.75,189169.52,185353.41597446305,186398.33243494137,182520.93959712324
2023-06-20 07:00:00,185577.08,181647.16,189812.56,186494.13588103864,186619.2225006821,184099.0371077561
2023-06-20 08:00:00,189617.1,186512.85,194369.28,190464.5699966125,190422.3324107837,188729.65185092462
2023-06-20 09:00:00,198106.13,193876.05,202428.84,197671.444577821,198362.4996386197,198030.54380861865
2023-06-20 10:00:00,204778.43,202291.83,209213.93,204707.302011864,205519.99994541268,204776.4783273857
2023-06-20 11:00:00,208746.38,207111.91,209387.53,207696.343843645,208273.85550248166,208264.6355602952
2023-06-20 12:00:00,210925.02,209186.22,209000.1,208794.04559629966,209757.7648753783,209094.225831522
2023-06-20 13:00:00,209083.69,207825.9,206780.75,207293.24996451833,208054.97369549447,209033.5258342635
2023-06-20 14:00:00,211373.96,210225.97,210962.71,210007.0673002643,210912.1109795279,212022.0736977036
2023-06-20 15:00:00,211029.15,209843.98,213276.4,210377.6161669943,210938.9293265563,212819.94666558463
2023-06-20 16:00:00,204592.02,202444.17,209182.42,204696.79925387094,205640.4971273658,206002.18334323124
2023-06-20 17:00:00,194093.01,193324.14,200328.92,195654.56707875512,197152.46891412386,196465.55101153854
2023-06-20 18:00:00,187338.41,186819.8,192439.96,188744.63049736986,189579.83294195688,190582.61747221043
2023-06-20 19:00:00,195904.92,196391.73,197566.76,196700.66933330006,197448.81980471077,198047.7410924026
2023-06-20 20:00:00,200064.03,200003.8,202423.18,200842.28864092036,201401.7504722519,200466.96741930608
2023-06-20 21:00:00,202671.98,200609.23,204361.36,202228.08157418607,202437.5644138348,201155.81702984945
2023-06-20 22:00:00,206104.27,204485.86,209958.96,206496.74947366156,206815.28760036634,204686.91938486608
2023-06-20 23:00:00,205417.68,203753.53,211182.62,206248.62655268077,207012.84042464095,203502.39641540358
2023-06-21 00:00:00,201909.65,199082.55,207906.35,202738.70604439537,201758.5756009117,201836.53081070143
2023-06-21 01:00:00,197679.44,194139.86,203446.1,198255.92069120187,197224.58492058289,197509.89708867768
2023-06-21 02:00:00,192998.05,189269.53,198354.71,193936.07457293436,193220.44415697447,193166.98741463013
2023-06-21 03:00:00,188693.7,186459.27,194223.65,190363.85232747966,189056.28241147616,189608.50815307064
2023-06-21 04:00:00,186639.98,184341.67,192118.62,188237.3192492743,187079.21582898317,187329.94128697782
2023-06-21 05:00:00,186954.43,184165.69,191241.96,187750.36178215203,186524.64346842992,187370.3058342821
2023-06-21 06:00:00,187086.29,184329.1,189847.65,187031.00768643056,186566.2505453331,186681.34600932794
2023-06-21 07:00:00,188476.11,185577.08,190722.45,187844.59859016794,187688.13399191888,188382.65938894794
2023-06-21 08:00:00,191868.21,189617.1,192484.84,190781.96468266618,191252.90059434142,192992.38825038204
2023-06-21 09:00:00,198951.04,198106.13,198630.2,197695.0669324639,198548.78523958003,201879.4254407198
2023-06-21 10:00:00,205704.03,204778.43,202763.13,203428.4395379105,204161.47249407225,207603.6045382281
2023-06-21 11:00:00,209692.2,208746.38,204072.68,206567.97603702452,208285.3186465805,211033.82481325854
2023-06-21 12:00:00,211842.89,210925.02,203716.51,207771.79184950152,210433.5358068418,212754.98507048527
2023-06-21 13:00:00,211504.13,209083.69,203646.46,206758.33563595908,208722.51741883266,212558.9873238857
2023-06-21 14:00:00,213853.2,211373.96,208832.29,209725.28200548765,211707.5568251371,216444.57168910606
2023-06-21 15:00:00,214831.34,211029.15,211999.02,210626.53887169433,210975.7459459586,216989.30859348472
2023-06-21 16:00:00,206756.43,204592.02,208031.16,204721.53526402076,205329.95370536117,210695.49588633285
2023-06-21 17:00:00,197876.51,194093.01,197845.04,194383.8480877621,195070.421526661,201840.95886793287
2023-06-21 18:00:00,191211.72,187338.41,189892.87,187337.0774152594,188196.46044456374,195662.92264458188
2023-06-21 19:00:00,199363.83,195904.92,195711.91,195484.1825484673,196404.98928232546,203234.51095756775
2023-06-21 20:00:00,203628.47,200064.03,201410.25,200351.84631163665,200640.47845634428,205081.14402313504
2023-06-21 21:00:00,204662.11,202671.98,204159.21,202776.74664711635,202863.34344905018,204658.61107677934
2023-06-21 22:00:00,208196.17,206104.27,208633.87,206697.21386297204,206840.70755583295,207270.60447267097
2023-06-21 23:00:00,207160.5,205417.68,209854.96,206575.50542144015,206460.61759549406,206537.83137688425
2023-06-22 00:00:00,202886.41,201909.65,206213.22,202022.1554115562,203769.6460747375,202182.79032944515
2023-06-22 01:00:00,197913.5,197679.44,202011.5,197751.51855042705,199456.1977740909,195914.00292981334
2023-06-22 02:00:00,193049.39,192998.05,197492.65,193888.67363271982,195541.13881759052,190364.8290294531
2023-06-22 03:00:00,188912.92,188693.7,192387.63,189590.41505877563,191321.71038701347,186131.92356095067
2023-06-22 04:00:00,187066.78,186639.98,189620.5,187247.7154060355,189292.15802639283,183943.6152233511
2023-06-22 05:00:00,186765.89,186954.43,189180.21,187190.12636802034,189360.81489119216,183954.70028839045
2023-06-22 06:00:00,188157.04,187086.29,188387.0,187391.97865385693,188849.5270122998,183395.46578387436
2023-06-22 07:00:00,189339.83,188476.11,189740.44,189137.88542077012,189957.1928981989,184829.15443472576
2023-06-22 08:00:00,191745.51,191868.21,191628.83,192545.36856169757,193426.04394762608,189162.90640302593
2023-06-22 09:00:00,199211.51,198951.04,196301.75,199220.6212792405,199830.48005956184,198668.47694195175
2023-06-22 10:00:00,206370.48,205704.03,199878.92,205273.29848397934,206054.16042313006,206368.4736082115
2023-06-22 11:00:00,210887.77,209692.2,201316.08,208557.29138946437,210095.14593790742,210763.3088296121
2023-06-22 12:00:00,211925.64,211842.89,200759.24,209728.59863672892,211389.0482795091,212037.0997046493
2023-06-22 13:00:00,210757.59,211504.13,200434.08,209010.4898476477,211447.0665537946,210669.83352372664
2023-06-22 14:00:00,212930.12,213853.2,204855.61,212033.76542555663,214455.32577878083,213759.77219505998
2023-06-22 15:00:00,212188.31,214831.34,208530.15,213399.22242489725,214812.52057208453,213089.7085502814
2023-06-22 16:00:00,206839.15,206756.43,204773.86,206969.4718939998,207862.09987486145,207295.30246035138
2023-06-22 17:00:00,200107.75,197876.51,196825.18,198172.0910292748,198502.942324691,198436.47947828833
2023-06-22 18:00:00,194837.13,191211.72,188263.83,191104.34590305845,191981.3696115662,192761.20037984027
2023-06-22 19:00:00,203757.68,199363.83,195636.23,199287.54859097177,199411.1300047929,200476.08524542704
2023-06-22 20:00:00,208083.38,203628.47,201173.42,203593.57905039846,203341.41533016172,204291.9500739084
2023-06-22 21:00:00,209664.39,204662.11,203854.08,205047.83234540725,204643.96863594605,203855.2586971101
2023-06-22 22:00:00,212086.25,208196.17,207860.36,208687.53262791366,208517.06785628514,206432.84911501672
2023-06-22 23:00:00,210290.21,207160.5,206380.5,207558.50279958275,207655.21621705013,205228.89437940158
2023-06-23 00:00:00,205911.4,202886.41,203103.0,204432.6241029655,204595.77430818847,206330.6046657692
2023-06-23 01:00:00,201442.91,197913.5,201003.53,200426.94825124924,199824.02574791698,201946.36237272882
2023-06-23 02:00:00,196423.22,193049.39,197589.5,195969.44483453227,194956.19626242988,197088.7293627012
2023-06-23 03:00:00,192984.2,188912.92,194339.99,192457.44619127776,191244.39731829506,194007.02526420297
2023-06-23 04:00:00,190288.91,187066.78,192995.81,190679.02433651066,189331.8501524872,191839.47773689244
2023-06-23 05:00:00,188853.98,186765.89,191777.23,190237.4742088916,189161.390413485,191967.4012001631
2023-06-23 06:00:00,185350.8,188157.04,190562.88,190561.8534471014,190015.34643351592,192120.44912107722
2023-06-23 07:00:00,183629.62,189339.83,191822.61,191908.30940859637,191111.4435159786,192873.8338075109
2023-06-23 08:00:00,192259.58,191745.51,194066.19,194760.9179500511,193574.28845068414,196502.4255760031
2023-06-23 09:00:00,201116.35,199211.51,200263.1,202167.8238043635,200382.05234466397,205412.80871847543
2023-06-23 10:00:00,207427.4,206370.48,205722.17,208740.12547826592,207652.66047231614,211850.95157620328
2023-06-23 11:00:00,210834.08,210887.77,206712.07,211967.26395619314,211041.77059334816,215372.147009707
2023-06-23 12:00:00,212952.02,211925.64,205623.59,212592.85807971092,212172.66451659324,217045.6519175219
2023-06-23 13:00:00,211500.58,210757.59,203689.21,211068.13378555252,210666.62363331032,215413.99263990473
2023-06-23 14:00:00,213165.49,212930.12,208940.32,214258.96526250205,213735.54761959412,218034.0849008467
2023-06-23 15:00:00,213337.14,212188.31,208918.62,213980.22506697712,213147.2197656295,219022.7009030527
2023-06-23 16:00:00,207564.5,206839.15,204746.57,208389.21213517222,207292.58407071265,212861.81152326986
2023-06-23 17:00:00,200736.22,200107.75,193578.06,199206.47422223227,199463.58518089,203691.3048944436
2023-06-23 18:00:00,196144.12,194837.13,187337.35,193276.74584434464,194643.26691909306,197406.86395001353
2023-06-23 19:00:00,204825.63,203757.68,196920.71,202264.05226100818,202162.14548868826,205901.03573464806
2023-06-23 20:00:00,207223.38,208083.38,202039.81,206590.0451072118,206497.38447241826,209903.37594955805
2023-06-23 21:00:00,208038.23,209664.39,204897.45,208575.25753439075,208397.74015456837,211632.74381791463
2023-06-23 22:00:00,209934.0,212086.25,208287.73,211537.22560111422,210756.82319687857,215042.42168700462
2023-06-23 23:00:00,208852.66,210290.21,206994.85,210184.1336111862,209578.8279666889,214363.72152394333
2023-06-24 00:00:00,204005.5,205911.4,203281.01,205903.7626822394,205122.51581638728,204402.08290748857
2023-06-24 01:00:00,198726.35,201442.91,199928.76,201771.9103323797,201179.88716516196,199622.93832231956
2023-06-24 02:00:00,194279.67,196423.22,196861.23,197450.4508475957,197184.73673825664,194679.163241982
2023-06-24 03:00:00,191073.01,192984.2,193366.51,193747.92194599885,193742.19008538683,190396.1462178905
2023-06-24 04:00:00,189325.09,190288.91,192032.76,191715.24089523792,191098.29658604963,187720.08721766493
2023-06-24 05:00:00,189083.99,188853.98,191816.39,191250.508185661,190122.4569070006,187182.05834188923
2023-06-24 06:00:00,188797.37,185350.8,189381.12,189470.04808363656,187031.3356226401,185830.48408055434
2023-06-24 07:00:00,189386.06,183629.62,188732.24,189188.16916382726,186378.8410405483,185271.52216999838
2023-06-24 08:00:00,191976.34,192259.58,190860.34,194102.40493849406,191387.0478652764,188050.08478143456
2023-06-24 09:00:00,198031.25,201116.35,197071.06,201703.95352799524,198772.86367674844,195883.85159677398
2023-06-24 10:00:00,203802.2,207427.4,202860.56,207949.60229683013,205052.63491519622,202430.90312345026
2023-06-24 11:00:00,207102.64,210834.08,205989.78,211420.61996613338,208508.63029838924,206219.68214092226
2023-06-24 12:00:00,207247.41,212952.02,207594.96,213181.7230743489,210281.1252950244,207983.1809903165
2023-06-24 13:00:00,204397.03,211500.58,206898.02,212149.38823071247,209478.66611346105,207448.0374403676
2023-06-24 14:00:00,205456.89,213165.49,208832.79,214145.97047108976,211332.50824989728,211040.5156376109
2023-06-24 15:00:00,204516.54,213337.14,208000.45,214073.4761489143,211704.74570141148,212113.68215820316
2023-06-24 16:00:00,197795.1,207564.5,204337.68,208402.3351633622,205213.1516447584,206263.41590741504
2023-06-24 17:00:00,191209.72,200736.22,195855.68,200489.4043035988,198371.35236814927,196986.10086809407
2023-06-24 18:00:00,187780.38,196144.12,188699.7,194699.0453065927,193294.42400160243,190700.74363872063
2023-06-24 19:00:00,196084.4,204825.63,196544.47,202973.5862998085,201615.61783870688,198890.98347129332
2023-06-24 20:00:00,197824.08,207223.38,201052.73,206448.93332202517,204636.0973986284,202273.39570193476
2023-06-24 21:00:00,197959.1,208038.23,203011.13,207552.54167660177,205744.7204127497,202819.30849537652
2023-06-24 22:00:00,200221.08,209934.0,206610.32,210314.05672744985,207623.04518464327,206380.7872137609
2023-06-24 23:00:00,199140.29,208852.66,205489.38,209185.1291214188,206578.79036959074,206062.7892093017
2023-06-25 00:00:00,194768.29,204005.5,201254.48,196890.53194765496,197280.3354931977,194210.83879218218
2023-06-25 01:00:00,189474.96,198726.35,197546.11,192398.68609663766,192443.06283475694,189138.87608356072
2023-06-25 02:00:00,183506.37,194279.67,193865.28,188177.45805496076,188445.35458889627,184477.53488392552
2023-06-25 03:00:00,176975.48,191073.01,189641.52,184581.20007688258,185555.88824895883,179998.62780516967
2023-06-25 04:00:00,173153.05,189325.09,187430.75,182667.43910062697,183605.55462649858,177141.97554543885
2023-06-25 05:00:00,170613.61,189083.99,186279.28,182125.53317721334,182570.8218324962,175618.40058438038
2023-06-25 06:00:00,169731.41,188797.37,182868.69,181135.9980534195,180905.12227859738,172540.1701080931
2023-06-25 07:00:00,169950.61,189386.06,180541.91,181031.53900703278,179732.81867216545,171642.93804700376
2023-06-25 08:00:00,171157.48,191976.34,181733.56,183679.76449935537,180367.26351360467,173236.11692491802
2023-06-25 09:00:00,175581.22,198031.25,185644.4,189317.52648747194,183848.50509472127,177487.41188290418
2023-06-25 10:00:00,177868.64,203802.2,191052.8,194966.89608533296,188408.99395451476,181577.2434192336
2023-06-25 11:00:00,180528.75,207102.64,195135.73,198550.96547974012,191238.85443180363,184940.73324502326
2023-06-25 12:00:00,180360.98,207247.41,196992.41,199511.4508243428,193120.26780730908,185970.4510699408
2023-06-25 13:00:00,178848.0,204397.03,196318.38,197884.10732209345,192212.0647302399,185815.98583731527
2023-06-25 14:00:00,177719.65,205456.89,197281.55,199135.7906987719,192819.82779630262,187822.96292204814
2023-06-25 15:00:00,176391.94,204516.54,197789.43,198813.25922865552,192484.45525051662,186979.39179072736
2023-06-25 16:00:00,171512.25,197795.1,190042.76,192445.41749842413,186928.42368968835,180137.63188567068
2023-06-25 17:00:00,166491.13,191209.72,178548.09,184621.95669231637,178635.5544329989,171012.43310448248
2023-06-25 18:00:00,165088.54,187780.38,171282.26,179739.56247996577,174700.9973770243,166023.77178637718
2023-06-25 19:00:00,175843.44,196084.4,182341.47,188707.28311006082,183380.28299874446,175962.05076016675
2023-06-25 20:00:00,180880.56,197824.08,189502.04,192513.84475785051,189094.57880232972,181273.29996896032
2023-06-25 21:00:00,181927.18,197959.1,193233.72,194021.8606438215,191766.1598444634,184732.92399373327
2023-06-25 22:00:00,183199.37,200221.08,197888.07,196907.5408113242,195377.15629893157,189241.4820200992
2023-06-25 23:00:00,180794.74,199140.29,197427.75,195935.5707796103,194792.94125934798,190164.32590101342
2023-06-26 00:00:00,175804.94,194768.29,189147.3,190599.7650778453,190257.3993577765,175001.10985761916
2023-06-26 01:00:00,170529.17,189474.96,185148.42,186020.2170827922,185822.63199363358,168762.68000396385
2023-06-26 02:00:00,166479.0,183506.37,184729.49,182133.72137216834,177067.37227512052,162827.16010020624
2023-06-26 03:00:00,162952.39,176975.48,180656.52,177513.99999498145,173141.383567868,157752.6940388073
2023-06-26 04:00:00,161625.89,173153.05,178118.56,174745.10864886822,171761.43496560087,154729.18888611672
2023-06-26 05:00:00,161520.02,170613.61,177614.53,173452.2008641371,172232.28088771045,153728.6197862857
2023-06-26 06:00:00,165387.99,169731.41,179060.75,173065.18929054393,172508.13144857236,152675.9198665399
2023-06-26 07:00:00,170645.65,169950.61,181647.16,173954.19845527306,173548.0529408163,154292.25984592183
2023-06-26 08:00:00,174493.12,171157.48,186512.85,177761.74750811586,178379.59513961687,159228.46081454644
2023-06-26 09:00:00,181066.66,175581.22,193876.05,184063.59675289987,184982.263885408,168807.74156266043
2023-06-26 10:00:00,186534.39,177868.64,202291.83,189175.27505521898,191890.02628554485,176398.53677722305
2023-06-26 11:00:00,188341.52,180528.75,207111.91,192513.90998168115,193515.4827329267,180654.97837149218
2023-06-26 12:00:00,187021.26,180360.98,209186.22,193331.45767677695,194838.79139405992,181916.02366030033
2023-06-26 13:00:00,183696.02,178848.0,207825.9,191731.70107522403,193025.98213859033,181289.81643747783
2023-06-26 14:00:00,183874.16,177719.65,210225.97,192480.3499766021,194162.55832247465,184799.50689880314
2023-06-26 15:00:00,184316.34,176391.94,209843.98,191903.423499824,194004.64567901246,185314.18314881576
2023-06-26 16:00:00,181350.1,171512.25,202444.17,186203.9834106193,190635.08084805968,178983.64806846873
2023-06-26 17:00:00,178372.0,166491.13,193324.14,179615.13967474597,183596.06870509643,169450.55778841733
2023-06-26 18:00:00,177787.18,165088.54,186819.8,175901.56868024403,179524.48964462988,162640.90010009042
2023-06-26 19:00:00,187739.61,175843.44,196391.73,185064.2853304665,188897.9036966544,170180.93369794084
2023-06-26 20:00:00,191319.85,180880.56,200003.8,188577.54515457043,191008.5320476157,172912.84261044735
2023-06-26 21:00:00,191657.44,181927.18,200609.23,189315.8734962516,191651.14082911727,174086.07746961925
2023-06-26 22:00:00,191842.01,183199.37,204485.86,191438.20252972105,194760.1579000476,177267.25682868296
2023-06-26 23:00:00,188507.29,180794.74,203753.53,189978.60698369896,193224.58496876818,176552.68023260054
2023-06-27 00:00:00,182548.33,175804.94,199082.55,183677.18904716833,185432.61425652177,182420.24420340912
2023-06-27 01:00:00,177179.28,170529.17,194139.86,178811.02492631972,180615.7993614492,176701.16261581503
2023-06-27 02:00:00,172757.88,166479.0,189269.53,174455.87032140887,175718.15087292859,171093.11040526355
2023-06-27 03:00:00,168884.55,162952.39,186459.27,171102.97964210468,172716.85171638272,165932.23895973904
2023-06-27 04:00:00,166987.67,161625.89,184341.67,169345.1998821669,171164.89226632108,162719.0519089742
2023-06-27 05:00:00,167865.67,161520.02,184165.69,169098.39384425813,171843.50298003762,161384.38405854086
2023-06-27 06:00:00,171589.51,165387.99,184329.1,170560.87079294774,174345.76362449714,159696.53604456328
2023-06-27 07:00:00,175417.79,170645.65,185577.08,173175.73732732574,175163.11718010728,160405.664786655
2023-06-27 08:00:00,178352.33,174493.12,189617.1,176533.00819900574,177915.53935579755,164619.60301247126
2023-06-27 09:00:00,185842.64,181066.66,198106.13,183138.1231088814,183727.43000654856,173368.30900086235
2023-06-27 10:00:00,190560.9,186534.39,204778.43,188494.03113252594,189252.20420802606,180035.88538681332
2023-06-27 11:00:00,192093.38,188341.52,208746.38,190994.90818832195,190460.307531841,182607.11203575262
2023-06-27 12:00:00,191309.95,187021.26,210925.02,191004.3649552669,190726.206180426,182906.9835766303
2023-06-27 13:00:00,187247.38,183696.02,209083.69,188445.04423489273,188531.9400049271,182395.75169474914
2023-06-27 14:00:00,187436.77,183874.16,211373.96,189364.14896060657,190069.98592590523,185634.32855382745
2023-06-27 15:00:00,186838.97,184316.34,211029.15,189250.3014818902,190264.41166219555,186332.02198900684
2023-06-27 16:00:00,183259.86,181350.1,204592.02,184627.24372299897,187068.81187054137,180388.70009726938
2023-06-27 17:00:00,179386.09,178372.0,194093.01,178724.9839227093,179685.70747818143,170441.81747822466
2023-06-27 18:00:00,178004.53,177787.18,187338.41,175726.63429584377,178823.42303931512,164129.34330263175
2023-06-27 19:00:00,186380.17,187739.61,195904.92,184356.9194683722,187551.65375148287,170477.9825618598
2023-06-27 20:00:00,188979.7,191319.85,200064.03,187569.5184699332,191359.31384792543,173615.94034126605
2023-06-27 21:00:00,189565.17,191657.44,202671.98,188431.39929786042,192332.1796746112,174694.03042491007
2023-06-27 22:00:00,190272.04,191842.01,206104.27,190091.15651818167,193582.1658316359,179119.3018281348
2023-06-27 23:00:00,186725.3,188507.29,205417.68,188282.70661186782,191305.87895004093,178487.41504000034
2023-06-28 00:00:00,181431.13,182548.33,201909.65,185814.69594018918,183974.24604672042,180587.34593973553
2023-06-28 01:00:00,176399.16,177179.28,197679.44,181022.82772863895,178617.36982190472,173873.38948023034
2023-06-28 02:00:00,171728.58,172757.88,192998.05,176417.99641890053,174035.66897434258,167262.94467877154
2023-06-28 03:00:00,168247.96,168884.55,188693.7,172141.84654499326,170109.8096050189,162286.56167905833
2023-06-28 04:00:00,166594.01,166987.67,186639.98,170015.39501551446,167393.16760229538,159029.6954937488
2023-06-28 05:00:00,166947.71,167865.67,186954.43,170050.14752588852,167445.6914335601,157859.4767819425
2023-06-28 06:00:00,171122.13,171589.51,187086.29,171744.16773417787,170690.36888790524,156516.9360792891
2023-06-28 07:00:00,174793.3,175417.79,188476.11,174242.7057477413,174901.6344786031,157520.66477536832
2023-06-28 08:00:00,177297.32,178352.33,191868.21,176955.86727926714,177453.36565895664,161010.8702679483
2023-06-28 09:00:00,184271.2,185842.64,198951.04,183389.32877687964,184608.83464128777,168950.42156337565
2023-06-28 10:00:00,188258.04,190560.9,205704.03,188057.97737573253,189622.19962424328,174026.11858299904
2023-06-28 11:00:00,189753.92,192093.38,209692.2,190376.00158475092,192244.54060593515,176855.05239669344
2023-06-28 12:00:00,189781.6,191309.95,211842.89,190447.60147451432,191729.6555694612,178052.653541971
2023-06-28 13:00:00,187300.69,187247.38,211504.13,188193.98217872076,189847.5266806799,177598.15160117327
2023-06-28 14:00:00,187822.96,187436.77,213853.2,188919.73784827927,190643.78584461357,181664.4867068725
2023-06-28 15:00:00,189105.83,186838.97,214831.34,188883.56700208064,191200.14326851186,182822.79192370627
2023-06-28 16:00:00,184609.46,183259.86,206756.43,184040.2754569555,186505.50152781955,177260.5530703833
2023-06-28 17:00:00,178863.3,179386.09,197876.51,178517.51304529357,182467.1563300864,168005.54452164113
2023-06-28 18:00:00,177522.27,178004.53,191211.72,175618.83794151832,179587.5235887288,161524.33374689167
2023-06-28 19:00:00,186852.79,186380.17,199363.83,184046.72580087092,187476.57050151934,168848.75002422056
2023-06-28 20:00:00,190302.99,188979.7,203628.47,187475.00289483325,190480.19376255025,171901.2435989156
2023-06-28 21:00:00,190950.44,189565.17,204662.11,188182.40218919833,191433.9207613929,172281.72736868684
2023-06-28 22:00:00,191743.83,190272.04,208196.17,189768.90647259538,193703.18453640773,175497.5349954884
2023-06-28 23:00:00,188972.44,186725.3,207160.5,187472.95977691835,191403.7974770452,175400.3646921268
2023-06-29 00:00:00,183582.43,181431.13,202886.41,178809.86601241987,183618.84971314913,182538.2777181133
2023-06-29 01:00:00,177518.91,176399.16,197913.5,174054.80158459896,178886.6215613477,176050.6422543459
2023-06-29 02:00:00,172596.73,171728.58,193049.39,169748.36300850526,174346.4127212782,170169.1474934301
2023-06-29 03:00:00,169207.54,168247.96,188912.92,166200.35671529104,170780.07258443028,164904.34004518672
2023-06-29 04:00:00,167952.19,166594.01,187066.78,164619.67900686778,169270.40022984505,161965.12536365475
2023-06-29 05:00:00,170655.09,166947.71,186765.89,164841.31940843616,169615.33746423764,160908.08769239084
2023-06-29 06:00:00,174254.66,171122.13,188157.04,167874.66843433664,172855.87439234758,159384.27101503703
2023-06-29 07:00:00,175884.75,174793.3,189339.83,171044.84503690095,174259.81556188935,160189.60153598536
2023-06-29 08:00:00,177874.55,177297.32,191745.51,173692.45540048252,176480.26341779355,163292.49553193653
2023-06-29 09:00:00,184273.55,184271.2,199211.51,180273.7425407197,183260.16906311072,171034.60557234977
2023-06-29 10:00:00,187499.22,188258.04,206370.48,185117.32251894844,189210.6246054411,177321.94642424205
2023-06-29 11:00:00,187796.04,189753.92,210887.77,187302.3586968208,191777.6949345996,180455.37436645784
2023-06-29 12:00:00,186182.32,189781.6,211925.64,187186.0198911818,191980.0477372893,180730.32330298115
2023-06-29 13:00:00,181330.58,187300.69,210757.59,184922.02118807947,189932.03192656598,179445.0875916383
2023-06-29 14:00:00,181122.39,187822.96,212930.12,185876.20692573063,190504.8502923599,182697.52575853674
2023-06-29 15:00:00,180777.11,189105.83,212188.31,186353.27092253225,190451.8555903623,182559.9308358035
2023-06-29 16:00:00,178933.69,184609.46,206839.15,182292.14735503672,186608.86449075202,177100.0780587596
2023-06-29 17:00:00,175572.51,178863.3,200107.75,177189.90771372648,181571.80135386734,168328.93214615135
2023-06-29 18:00:00,173903.16,177522.27,194837.13,174836.86546761394,179456.22188245188,161932.41661737004
2023-06-29 19:00:00,182608.63,186852.79,203757.68,183442.13296781428,188269.63810358866,169667.01037015405
2023-06-29 20:00:00,186723.44,190302.99,208083.38,186755.60624937282,192076.82283478027,174289.74548344777
2023-06-29 21:00:00,186524.52,190950.44,209664.39,187482.69020881216,193144.99294757374,174464.61434878633
2023-06-29 22:00:00,186893.94,191743.83,212086.25,188581.82361348707,193808.93760402323,177562.54914634756
2023-06-29 23:00:00,183272.76,188972.44,210290.21,186087.17675689535,191239.81241018433,176502.22696540566
2023-06-30 00:00:00,176981.06,183582.43,205911.4,186593.56275761916,186996.24688373166,177399.02316029728
2023-06-30 01:00:00,170553.26,177518.91,201442.91,181590.5876359475,182113.8129606695,171774.0892713046
2023-06-30 02:00:00,165759.32,172596.73,196423.22,177001.0087434799,177363.00514531747,165629.9116309358
2023-06-30 03:00:00,161283.88,169207.54,192984.2,173637.24102182785,174205.96723395865,161648.60600284388
2023-06-30 04:00:00,159338.76,167952.19,190288.91,171920.2525063483,172026.67355295477,158871.86821158053
2023-06-30 05:00:00,161351.69,170655.09,188853.98,172783.85178507658,172892.5847161576,158085.44408663452
2023-06-30 06:00:00,166531.34,174254.66,185350.8,174300.82357875776,173683.31173819167,157483.3154692379
2023-06-30 07:00:00,171084.61,175884.75,183629.62,175682.67290861544,174509.74878204797,158015.87985017293
2023-06-30 08:00:00,173821.22,177874.55,192259.58,179726.1962014853,180114.80233098473,160870.66349843796
2023-06-30 09:00:00,180424.04,184273.55,201116.35,186860.56669251458,188613.236435657,168858.4665411449
2023-06-30 10:00:00,184333.65,187499.22,207427.4,191277.71806872476,193376.40220065057,174759.30119887213
2023-06-30 11:00:00,186757.41,187796.04,210834.08,192764.28717893845,195407.08777772327,177383.3872552466
2023-06-30 12:00:00,186666.33,186182.32,212952.02,192495.74559381005,196323.94245896256,178299.55849115556
2023-06-30 13:00:00,184413.22,181330.58,211500.58,189173.0557836043,194012.2463744204,176716.18260590787
2023-06-30 14:00:00,186289.58,181122.39,213165.49,189850.2329511763,194439.91913008367,179989.24863187375
2023-06-30 15:00:00,187581.68,180777.11,213337.14,189733.85515088812,195586.8995711461,180479.58595996888
2023-06-30 16:00:00,184655.21,178933.69,207564.5,186192.84625147,190683.9027660421,175084.63181381507
2023-06-30 17:00:00,180257.18,175572.51,200736.22,181293.43689791916,185946.90045562878,165332.75938140586
2023-06-30 18:00:00,176379.31,173903.16,196144.12,178851.3926449535,184037.1913645401,159176.9963067057
2023-06-30 19:00:00,184743.93,182608.63,204825.63,187295.2315825294,192186.32139740998,168165.11866514562
2023-06-30 20:00:00,188742.75,186723.44,207223.38,190317.30910209025,195447.16119056704,172959.2324951617
2023-06-30 21:00:00,189996.95,186524.52,208038.23,190629.64715456046,195630.5369598888,174917.05122214716
2023-06-30 22:00:00,190491.46,186893.94,209934.0,191565.63120636364,197231.33729346324,178342.50183826403
2023-06-30 23:00:00,187314.56,183272.76,208852.66,188938.44049351965,195044.42507291024,177575.88814764758
2023-07-01 00:00:00,182664.79,176981.06,204005.5,184010.9980728741,185225.29596378191,181335.2193849337
2023-07-01 01:00:00,176666.85,170553.26,198726.35,178566.999196926,179656.122967482,175499.7193714789
2023-07-01 02:00:00,171970.53,165759.32,194279.67,174126.14587216228,175148.64877023257,170061.535053115
2023-07-01 03:00:00,168722.87,161283.88,191073.01,170487.78138058944,172845.92636090078,165142.8391852272
2023-07-01 04:00:00,166742.19,159338.76,189325.09,168846.1208176566,170883.5475292144,162197.6944631628
2023-07-01 05:00:00,168539.39,161351.69,189083.99,169921.40090589147,171381.73931997293,161010.4343174351
2023-07-01 06:00:00,172162.58,166531.34,188797.37,172861.6752314329,172714.8173403028,158812.94410672094
2023-07-01 07:00:00,175074.38,171084.61,189386.06,175658.78219603826,176057.9850383525,157790.02487663206
2023-07-01 08:00:00,176915.34,173821.22,191976.34,178198.1772877423,178319.29598475827,159983.78868778318
2023-07-01 09:00:00,183874.69,180424.04,198031.25,184513.06718203367,184301.06100533795,166995.96063254937
2023-07-01 10:00:00,189001.65,184333.65,203802.2,188868.7853733148,188253.1262391292,173005.87174377096
2023-07-01 11:00:00,192032.33,186757.41,207102.64,191116.01493521922,190659.16549418605,176415.76188828945
2023-07-01 12:00:00,193393.56,186666.33,207247.41,191029.05976000428,190695.81761936538,177914.983389197
2023-07-01 13:00:00,190613.55,184413.22,204397.03,188434.72500402675,186873.3263296543,177389.91735164716
2023-07-01 14:00:00,192271.19,186289.58,205456.89,189548.5801150709,188697.4337314722,180786.056465734
2023-07-01 15:00:00,191440.03,187581.68,204516.54,189896.9550486525,187923.38858932417,181503.65814558923
2023-07-01 16:00:00,186548.09,184655.21,197795.1,185762.63616999736,184522.59736696808,176097.83590861555
2023-07-01 17:00:00,179932.21,180257.18,191209.72,180519.7677339534,180300.9683029813,166962.87447133646
2023-07-01 18:00:00,176809.27,176379.31,187780.38,177494.66641062032,177682.9971122381,160503.91403278726
2023-07-01 19:00:00,187232.36,184743.93,196084.4,185770.133555967,184880.45321697014,168509.67848384453
2023-07-01 20:00:00,192162.59,188742.75,197824.08,188766.20558081468,187832.15699066647,172395.62250875516
2023-07-01 21:00:00,193065.48,189996.95,197959.1,189338.43912514276,188386.06050630205,173171.87450795245
2023-07-01 22:00:00,193579.89,190491.46,200221.08,190425.32271644875,189654.55981101462,176450.6922721796
2023-07-01 23:00:00,191268.09,187314.56,199140.29,188037.5580633165,187136.98521160003,175837.6677915914
2023-07-02 00:00:00,186578.08,182664.79,194768.29,184699.02362593316,184826.8828743599,185392.98210324894
2023-07-02 01:00:00,180715.56,176666.85,189474.96,179129.7847056387,180012.0905495114,179859.8415791604
2023-07-02 02:00:00,175741.31,171970.53,183506.37,174194.83012721542,175527.41092002357,174789.5928369729
2023-07-02 03:00:00,171903.56,168722.87,176975.48,169933.3709655423,171558.0328165252,169880.5492479848
2023-07-02 04:00:00,170059.41,166742.19,173153.05,167642.9806824422,168665.4494365367,166785.37557173482
2023-07-02 05:00:00,170407.6,168539.39,170613.61,168289.34099468798,170381.6760405089,164928.46144323482
2023-07-02 06:00:00,171875.51,172162.58,169731.41,170439.37600847942,170849.9656353749,161557.45232198242
2023-07-02 07:00:00,171664.93,175074.38,169950.61,172298.35959512152,172407.63640178632,160261.41619908766
2023-07-02 08:00:00,172165.57,176915.34,171157.48,174055.95220208887,173019.06465576062,161421.85900017666
2023-07-02 09:00:00,176226.43,183874.69,175581.22,179892.923515165,176682.47853762654,165135.1737455121
2023-07-02 10:00:00,181464.82,189001.65,177868.64,183670.25701672706,178851.3148131523,169365.1258602328
2023-07-02 11:00:00,185249.19,192032.33,180528.75,186011.2317302287,181806.9734922286,172829.510452307
2023-07-02 12:00:00,185974.8,193393.56,180360.98,186215.66039765344,183479.90631634826,173946.76544888306
2023-07-02 13:00:00,185452.04,190613.55,178848.0,183567.78846204048,180690.7557794501,173367.5768166796
2023-07-02 14:00:00,186518.1,192271.19,177719.65,183985.39170646292,182060.3927987256,174632.51090050017
2023-07-02 15:00:00,185453.28,191440.03,176391.94,183346.90393791153,183078.07351104263,174223.3790842233
2023-07-02 16:00:00,178337.19,186548.09,171512.25,179104.25542622086,176649.43100822237,167401.64787227323
2023-07-02 17:00:00,172116.79,179932.21,166491.13,173600.40834746955,168938.5278027704,157738.70784616555
2023-07-02 18:00:00,169675.51,176809.27,165088.54,171132.7308312381,165901.25874354923,152092.73869135082
2023-07-02 19:00:00,180155.93,187232.36,175843.44,180988.06148828412,175976.1845370297,162837.7789910109
2023-07-02 20:00:00,187322.02,192162.59,180880.56,185544.42026698473,181438.63494251,168946.2455551438
2023-07-02 21:00:00,189902.7,193065.48,181927.18,186315.9805390623,182817.19161077298,172519.26362192634
2023-07-02 22:00:00,192083.59,193579.89,183199.37,187153.15375908944,185282.5429376071,176947.72943844754
2023-07-02 23:00:00,191530.5,191268.09,180794.74,184620.57700527037,182826.6593987986,177649.67102172403
2023-07-03 00:00:00,186255.54,186578.08,175804.94,186578.0894417116,182893.3844852622,185714.77677614312
2023-07-03 01:00:00,181756.24,180715.56,170529.17,180780.37140617557,176897.2791901555,180505.89158434997
2023-07-03 02:00:00,177311.42,175741.31,166479.0,176299.84683926534,172326.9092064377,176327.67285354636
2023-07-03 03:00:00,173286.86,171903.56,162952.39,172420.03561803812,168755.02838010498,171840.54561741435
2023-07-03 04:00:00,172611.67,170059.41,161625.89,170679.4387924409,167352.9180864896,169363.2258195784
2023-07-03 05:00:00,174467.97,170407.6,161520.02,171367.2465820428,167898.6144210581,168577.67339053677
2023-07-03 06:00:00,179130.17,171875.51,165387.99,174653.76060466026,172790.3040940197,168329.61717944668
2023-07-03 07:00:00,183131.14,171664.93,170645.65,177677.83589308668,175963.15851410048,170466.1238564061
2023-07-03 08:00:00,186178.59,172165.57,174493.12,180111.86302096423,178952.57890774065,175233.44190333123
2023-07-03 09:00:00,193152.81,176226.43,181066.66,186012.68444789975,185770.60623397908,184398.23480218067
2023-07-03 10:00:00,198824.18,181464.82,186534.39,191329.33885145816,190233.5563933714,192286.34041590427
2023-07-03 11:00:00,201768.72,185249.19,188341.52,194239.12589827646,192355.05661729173,196686.42416283535
2023-07-03 12:00:00,203048.07,185974.8,187021.26,194231.93752457804,193026.82720223704,198009.16095799915
2023-07-03 13:00:00,202047.61,185452.04,183696.02,192147.39871774215,191723.31372668056,197047.90340305874
2023-07-03 14:00:00,204348.18,186518.1,183874.16,193158.16337949623,194059.45582556716,199817.7341983924
2023-07-03 15:00:00,204135.21,185453.28,184316.34,193031.1664747602,192550.98007799822,199968.65197156393
2023-07-03 16:00:00,198794.64,178337.19,181350.1,188073.83999980154,187637.50230827843,193261.60994159017
2023-07-03 17:00:00,191069.22,172116.79,178372.0,182945.34561877046,183937.48080903693,184129.0570214784
2023-07-03 18:00:00,188283.3,169675.51,177787.18,180650.43248223653,180095.2766601863,177380.00775235458
2023-07-03 19:00:00,193723.97,180155.93,187739.61,190695.35428772483,189739.72126342845,185378.84030877886
2023-07-03 20:00:00,195713.35,187322.02,191319.85,195646.59141601872,194650.63343632387,188821.73870213382
2023-07-03 21:00:00,196284.45,189902.7,191657.44,196905.02791876296,195427.93521102337,189672.5866385473
2023-07-03 22:00:00,197289.09,192083.59,191842.01,198031.19304932863,195902.15340512965,193136.01637904224
2023-07-03 23:00:00,196148.56,191530.5,188507.29,195883.83680863737,194867.57960053778,192476.19424584674
2023-07-04 00:00:00,193430.5,186255.54,182548.33,193566.81996099945,194376.5775216202,191280.1475884556
2023-07-04 01:00:00,190272.34,181756.24,177179.28,188191.24187363792,190175.81972337002,186074.34554106038
2023-07-04 02:00:00,187355.25,177311.42,172757.88,183476.3949012848,185588.08793077758,181327.16918215592
2023-07-04 03:00:00,184446.7,173286.86,168884.55,179593.70735365798,181536.7720904338,177391.4087386234
2023-07-04 04:00:00,183456.59,172611.67,166987.67,178091.386676158,180525.32272138624,174924.60089995028
2023-07-04 05:00:00,183378.88,174467.97,167865.67,179531.4687439457,182083.66295771635,174035.8809594865
2023-07-04 06:00:00,186896.3,179130.17,171589.51,183480.6909736045,186371.21193158263,172974.87001666197
2023-07-04 07:00:00,189558.24,183131.14,175417.79,187024.12478053977,189501.32502988828,173890.21757418072
2023-07-04 08:00:00,191091.99,186178.59,178352.33,189826.8424573589,192524.80037047356,178205.12924365146
2023-07-04 09:00:00,196850.66,193152.81,185842.64,197100.6448336665,199316.79306642784,186840.97242967202
2023-07-04 10:00:00,202262.83,198824.18,190560.9,202544.23206737,204621.26946790123,193552.53863910958
2023-07-04 11:00:00,202868.83,201768.72,192093.38,205208.06431111047,206768.67442772072,196366.80587996013
2023-07-04 12:00:00,203852.6,203048.07,191309.95,205777.6272399287,207384.54862100608,196815.50216290855
2023-07-04 13:00:00,200806.92,202047.61,187247.38,203275.16233409202,206937.72086785114,195500.44345392412
2023-07-04 14:00:00,201930.33,204348.18,187436.77,204650.18200853307,209941.21007369563,198796.5903228863
2023-07-04 15:00:00,199661.67,204135.21,186838.97,204090.6555151992,209097.03972342334,199380.82070820453
2023-07-04 16:00:00,193661.42,198794.64,183259.86,199042.87433068798,203682.761973606,193764.30392818636
2023-07-04 17:00:00,187396.75,191069.22,179386.09,192571.97509393108,194750.46851344607,184416.8423143596
2023-07-04 18:00:00,185031.95,188283.3,178004.53,190046.62885585416,192632.68876513976,177967.48920076233
2023-07-04 19:00:00,194595.04,193723.97,186380.17,198207.788580254,198304.01882638835,185022.32387499436
2023-07-04 20:00:00,199100.27,195713.35,188979.7,201376.8784416281,201011.20889740463,188526.44263718295
2023-07-04 21:00:00,199969.65,196284.45,189565.17,202169.41307571292,201576.67628549758,190272.78764623438
2023-07-04 22:00:00,200853.92,197289.09,190272.04,203160.38363613305,202440.21558701879,194374.64260632996
2023-07-04 23:00:00,198620.72,196148.56,186725.3,200967.2864421888,200429.2020624601,194069.0286953234
2023-07-05 00:00:00,193790.37,193430.5,181431.13,195092.49495465984,194194.14279232916,193510.93469031592
2023-07-05 01:00:00,188233.31,190272.34,176399.16,190531.93837451714,191954.28151077492,187581.80963002765
2023-07-05 02:00:00,183648.65,187355.25,171728.58,186329.97113281896,188970.14020696527,181779.42341046812
2023-07-05 03:00:00,180139.81,184446.7,168247.96,182817.73159987773,185018.1146618108,177063.54231930673
2023-07-05 04:00:00,178532.68,183456.59,166594.01,181418.53498156444,183621.90339731667,174171.24982586002
2023-07-05 05:00:00,178759.92,183378.88,166947.71,181856.85876781045,184017.67410577764,173167.1526432179
2023-07-05 06:00:00,181533.64,186896.3,171122.13,185377.20599175268,186552.83100772038,172035.11086582675
2023-07-05 07:00:00,183464.72,189558.24,174793.3,188134.14151013308,189854.5803853559,172878.19215733767
2023-07-05 08:00:00,184733.98,191091.99,177297.32,190147.1636300789,191492.4109506012,175826.92833430768
2023-07-05 09:00:00,189971.13,196850.66,184271.2,196387.08346550184,197055.21043500156,183156.6288777137
2023-07-05 10:00:00,193411.37,202262.83,188258.04,201515.67097333042,203058.71684162668,188678.10840371653
2023-07-05 11:00:00,194190.57,202868.83,189753.92,203370.89821190838,204599.03450320766,191916.66409553346
2023-07-05 12:00:00,194391.41,203852.6,189781.6,204036.7772939572,205666.4081211235,193301.08437052852
2023-07-05 13:00:00,191726.61,200806.92,187300.69,201788.92584268676,202707.48226964564,192738.2561159235
2023-07-05 14:00:00,193418.16,201930.33,187822.96,202839.12559106533,204208.05734433202,196490.96608133544
2023-07-05 15:00:00,193062.83,199661.67,189105.83,202251.8559414399,201121.71342913035,197878.46909717988
2023-07-05 16:00:00,189958.13,193661.42,184609.46,196348.70065665687,195322.05630113592,191972.16116646575
2023-07-05 17:00:00,184445.76,187396.75,178863.3,189855.75314868824,188877.60621806316,182755.91604288173
2023-07-05 18:00:00,182217.88,185031.95,177522.27,187607.67166256768,186700.94198701173,175955.1174668292
2023-07-05 19:00:00,191772.4,194595.04,186852.79,197106.48526870864,195434.65025164987,183218.06868155996
2023-07-05 20:00:00,194595.17,199100.27,190302.99,201442.904032681,199222.07204228017,186986.5590381683
2023-07-05 21:00:00,195040.48,199969.65,190950.44,202415.78156267447,199825.84684767533,188200.472614452
2023-07-05 22:00:00,195622.38,200853.92,191743.83,203594.1145755102,200779.86170630335,191895.68389775165
2023-07-05 23:00:00,192585.29,198620.72,188972.44,201536.8645437702,199151.41592476878,191864.53933023362
2023-07-06 00:00:00,185940.35,193790.37,183582.43,190641.49387528124,189073.54235601402,186020.6603414105
2023-07-06 01:00:00,180258.87,188233.31,177518.91,185371.77833829352,183653.2056629115,179421.5435658974
2023-07-06 02:00:00,175202.23,183648.65,172596.73,180843.07586965093,179424.10474890508,173282.21444563055
2023-07-06 03:00:00,171493.74,180139.81,169207.54,177315.6061323446,175858.40844807384,167805.99011895063
2023-07-06 04:00:00,169941.27,178532.68,167952.19,176059.74795017947,174620.9465206571,164596.16226781326
2023-07-06 05:00:00,170788.8,178759.92,170655.09,177391.64157208827,175673.21149824376,163168.41992810392
2023-07-06 06:00:00,174092.34,181533.64,174254.66,180879.67873141277,178123.86827350833,162008.7500659754
2023-07-06 07:00:00,176007.7,183464.72,175884.75,183272.70376862434,179743.6378118041,162576.3031726483
2023-07-06 08:00:00,178410.73,184733.98,177874.55,185237.14014504282,181570.40355594133,165255.98310889254
2023-07-06 09:00:00,184614.78,189971.13,184273.55,191335.6840031109,186331.17272064244,172310.3073613598
2023-07-06 10:00:00,188523.75,193411.37,187499.22,195467.28180750762,190792.0146014714,178416.10654063668
2023-07-06 11:00:00,189723.42,194190.57,187796.04,196668.00597407063,191825.92391354986,181670.40415284122
2023-07-06 12:00:00,189606.29,194391.41,186182.32,196572.05130207923,192581.98192508722,182003.1867155441
2023-07-06 13:00:00,185640.59,191726.61,181330.58,193534.04992709425,189949.11527069175,181113.34832397153
2023-07-06 14:00:00,184768.38,193418.16,181122.39,194674.3711890524,192072.94403280978,184761.21852499832
2023-07-06 15:00:00,182329.95,193062.83,180777.11,194155.84554618245,191581.02884800787,186013.71889920844
2023-07-06 16:00:00,179381.15,189958.13,178933.69,190653.12373192003,186755.32335903685,180849.24403978902
2023-07-06 17:00:00,176740.77,184445.76,175572.51,185290.99837881792,181941.75459134902,172677.25797830732
2023-07-06 18:00:00,176759.92,182217.88,173903.16,183078.13072003936,179911.0090638633,166004.422177788
2023-07-06 19:00:00,186637.99,191772.4,182608.63,191565.56850601686,188087.15078351137,174245.06383840274
2023-07-06 20:00:00,189499.22,194595.17,186723.44,194662.3412350059,191113.98035007657,178346.16841572596
2023-07-06 21:00:00,189372.03,195040.48,186524.52,194902.81556497212,191016.30217354937,179786.60594665702
2023-07-06 22:00:00,189598.95,195622.38,186893.94,195543.2750096904,191565.4958347067,183087.38946883444
2023-07-06 23:00:00,186327.91,192585.29,183272.76,192791.69101765932,189441.03586906948,181826.8376952271
2023-07-07 00:00:00,179429.17,185940.35,176981.06,182586.35571917015,180851.90929020187,181092.13433212612
2023-07-07 01:00:00,174617.19,180258.87,170553.26,177395.73249406705,174916.07608436767,175925.26590643104
2023-07-07 02:00:00,170660.06,175202.23,165759.32,172984.21641414738,170229.70370398447,170096.31574110818
2023-07-07 03:00:00,167677.27,171493.74,161283.88,169354.60049623164,165975.9137534082,166214.5122191251
2023-07-07 04:00:00,167121.34,169941.27,159338.76,167805.9024560681,164488.68710812772,163247.88971112086
2023-07-07 05:00:00,169001.56,170788.8,161351.69,168720.96142275416,165542.77164727772,161563.26511449832
2023-07-07 06:00:00,173723.33,174092.34,166531.34,172226.66707768012,170781.51273911475,159640.1818015193
2023-07-07 07:00:00,176599.18,176007.7,171084.61,174928.48794697912,174127.42912498597,159242.94337631774
2023-07-07 08:00:00,179211.75,178410.73,173821.22,177494.4495392146,176635.81501996168,163563.5951356105
2023-07-07 09:00:00,185575.9,184614.78,180424.04,183651.25092381894,183252.8526443805,171721.94439619716
2023-07-07 10:00:00,189940.73,188523.75,184333.65,187810.1973367368,187224.4273082541,178213.62100645027
2023-07-07 11:00:00,191112.49,189723.42,186757.41,189277.56847541075,188750.2581956788,181149.1140686264
2023-07-07 12:00:00,191195.53,189606.29,186666.33,189466.13335385435,188857.40785470427,182104.5098962278
2023-07-07 13:00:00,187271.2,185640.59,184413.22,186444.8157730335,185511.52040604205,180547.34428286934
2023-07-07 14:00:00,188491.52,184768.38,186289.58,187033.2062657066,185226.66140430994,184446.17641113818
2023-07-07 15:00:00,189077.46,182329.95,187581.68,186043.43380563744,183772.48767539815,184916.1053414441
2023-07-07 16:00:00,183755.09,179381.15,184655.21,182443.466031645,180544.09941686585,179125.32694912815
2023-07-07 17:00:00,178878.46,176740.77,180257.18,178254.90847101013,176816.8515363569,169657.82148303877
2023-07-07 18:00:00,177536.13,176759.92,176379.31,176424.40091409694,176508.45405109838,163429.55344305723
2023-07-07 19:00:00,187919.93,186637.99,184743.93,185426.9610687604,185087.20916480734,172196.36699571312
2023-07-07 20:00:00,190980.04,189499.22,188742.75,188608.13533713474,188664.4880031908,175838.16506684257
2023-07-07 21:00:00,190452.64,189372.03,189996.95,189017.18310988863,189197.30518366315,177408.6290405891
2023-07-07 22:00:00,190732.97,189598.95,190491.46,189477.2512185569,189573.40033022757,180377.21482167576
2023-07-07 23:00:00,187474.21,186327.91,187314.56,186636.15506392682,186668.26887760137,179401.23477441387
2023-07-08 00:00:00,181816.67,179429.17,182664.79,180392.6125846596,177759.81188467998,181659.16207046204
2023-07-08 01:00:00,176631.0,174617.19,176666.85,175186.18257476026,172984.31576179306,175958.2513056132
2023-07-08 02:00:00,172174.06,170660.06,171970.53,170920.35770308718,168556.03638749899,170786.6294229008
2023-07-08 03:00:00,168361.97,167677.27,168722.87,167801.9802490902,166329.01593882675,166197.76470839756
2023-07-08 04:00:00,167178.25,167121.34,166742.19,166563.19711572674,165390.8866581831,163479.16682965212
2023-07-08 05:00:00,167048.96,169001.56,168539.39,167956.07257875998,166953.9910603113,162369.75859213193
2023-07-08 06:00:00,170050.52,173723.33,172162.58,171609.758710547,170724.2913445676,160516.74241580622
2023-07-08 07:00:00,171204.18,176599.18,175074.38,174184.68551236382,172697.98589168137,160040.64327980523
2023-07-08 08:00:00,173321.19,179211.75,176915.34,176299.73048235735,175672.17839428334,162742.0929412425
2023-07-08 09:00:00,178368.9,185575.9,183874.69,182420.30068639322,180953.60168126115,169899.8794025352
2023-07-08 10:00:00,180461.56,189940.73,189001.65,186712.53352291402,184885.9704048764,175905.18401204553
2023-07-08 11:00:00,180673.78,191112.49,192032.33,188379.5954204224,186418.87344940414,179279.5496118562
2023-07-08 12:00:00,180157.33,191195.53,193393.56,188761.08726797826,186351.19716398357,180438.88396372853
2023-07-08 13:00:00,177631.17,187271.2,190613.55,185513.37854430272,182589.76684566934,179121.27166546448
2023-07-08 14:00:00,177470.48,188491.52,192271.19,186659.36016103692,184184.99625547117,181789.46462000805
2023-07-08 15:00:00,176584.11,189077.46,191440.03,186315.0039062313,185149.80154569304,181529.58382292854
2023-07-08 16:00:00,172317.56,183755.09,186548.09,181815.40539534064,180304.126999671,175159.75278199118
2023-07-08 17:00:00,168211.51,178878.46,179932.21,176607.95488027477,175562.2491350993,166112.00895965795
2023-07-08 18:00:00,168075.04,177536.13,176809.27,174765.70251492385,173966.27254928625,159711.21941369612
2023-07-08 19:00:00,179017.79,187919.93,187232.36,184480.41850825635,184093.0713221018,167526.29722633143
2023-07-08 20:00:00,182142.85,190980.04,192162.59,187630.4558939237,187595.61180470348,171103.2904645349
2023-07-08 21:00:00,181179.64,190452.64,193065.48,187634.1347059615,187688.49252498822,171728.3098690858
2023-07-08 22:00:00,181139.98,190732.97,193579.89,188052.08328203956,187656.36034391125,175046.18748201217
2023-07-08 23:00:00,179015.63,187474.21,191268.09,185296.71917939148,184280.09541604415,174338.66106193667
2023-07-09 00:00:00,173859.26,181816.67,186578.08,171943.80474225554,172122.91170614728,173860.52639172247
2023-07-09 01:00:00,169167.86,176631.0,180715.56,166940.5916554564,167443.79137467672,168494.59128511147
2023-07-09 02:00:00,165234.2,172174.06,175741.31,162558.7859327458,163412.03585242573,163166.06557631082
2023-07-09 03:00:00,162193.9,168361.97,171903.56,158994.0981469205,159702.6159258748,157884.05570867506
2023-07-09 04:00:00,161052.54,167178.25,170059.41,157625.7405893066,158351.3154821943,154397.68677587598
2023-07-09 05:00:00,161131.98,167048.96,170407.6,157951.2617703882,157082.5356353059,151996.25974570808
2023-07-09 06:00:00,162342.45,170050.52,171875.51,160505.61904624122,159877.590525011,149028.94166175244
2023-07-09 07:00:00,163262.03,171204.18,171664.93,161663.29673220296,160412.8067580171,147709.229572564
2023-07-09 08:00:00,164849.07,173321.19,172165.57,163356.84624239514,160710.05720401174,148729.7678506181
2023-07-09 09:00:00,168592.03,178368.9,176226.43,168139.62668541126,164444.67518613528,152387.5028078828
2023-07-09 10:00:00,171444.2,180461.56,181464.82,171356.8809761545,168263.710722041,156236.95448202785
2023-07-09 11:00:00,172069.74,180673.78,185249.19,172762.66624970527,169841.77035922505,159580.335354082
2023-07-09 12:00:00,171969.41,180157.33,185974.8,172669.94132621825,168741.24750754656,160672.74237910632
2023-07-09 13:00:00,168801.58,177631.17,185452.04,170403.40897331902,168720.67857217524,159959.32860031622
2023-07-09 14:00:00,167495.31,177470.48,186518.1,170438.33050961795,169937.588900276,160384.3011085341
2023-07-09 15:00:00,166416.36,176584.11,185453.28,169387.76194569195,168890.77902047228,159925.59016421557
2023-07-09 16:00:00,163870.46,172317.56,178337.19,164901.96704053934,162083.83011715682,153397.4770873322
2023-07-09 17:00:00,158901.0,168211.51,172116.79,160753.1053148278,159198.28843519257,144736.86708415882
2023-07-09 18:00:00,157713.76,168075.04,169675.51,160030.450478501,159090.02909848484,139454.10250870345
2023-07-09 19:00:00,170307.16,179017.79,180155.93,169761.29223521944,170030.8033537752,150294.5344673868
2023-07-09 20:00:00,175552.14,182142.85,187322.02,173441.00420730168,174763.55171352017,157015.08333939294
2023-07-09 21:00:00,176908.5,181179.64,189902.7,173541.31102882265,177167.4878388758,160519.06042509314
2023-07-09 22:00:00,177348.37,181139.98,192083.59,174083.60466004125,180323.0234871065,164851.14419335566
2023-07-09 23:00:00,176053.85,179015.63,191530.5,172123.6057525699,179009.7396238892,164763.5204564776
2023-07-10 00:00:00,171455.89,173859.26,186255.54,174461.26925923044,166454.70151004347,170060.32447163295
2023-07-10 01:00:00,166855.25,169167.86,181756.24,169893.09988462777,162412.44013193325,164759.26745857584
2023-07-10 02:00:00,163122.86,165234.2,177311.42,165903.56809353945,158365.07351395098,160859.50939128487
2023-07-10 03:00:00,160625.74,162193.9,173286.86,162639.95776455614,155249.51458491155,156509.01056542827
2023-07-10 04:00:00,160262.43,161052.54,172611.67,161785.74805470507,153994.55265535938,154184.3006327192
2023-07-10 05:00:00,161408.57,161131.98,174467.97,162757.20280897993,154819.50799375013,153125.85318655195
2023-07-10 06:00:00,167914.25,162342.45,179130.17,165937.2846367094,161129.0793207955,153790.7330897372
2023-07-10 07:00:00,173514.62,163262.03,183131.14,168433.35255513748,165705.4233874217,156889.59767448774
2023-07-10 08:00:00,177066.89,164849.07,186178.59,170773.13751398833,168782.71710996522,161291.7679613358
2023-07-10 09:00:00,183106.61,168592.03,193152.81,176041.91033418977,175296.15561388788,169816.56131879048
2023-07-10 10:00:00,187521.44,171444.2,198824.18,179901.47957737258,179076.73992843155,177065.77965058756
2023-07-10 11:00:00,188915.78,172069.74,201768.72,181240.88188834678,181560.62121492985,180750.82692316803
2023-07-10 12:00:00,188671.06,171969.41,203048.07,181393.1299436393,182064.40524653776,181552.0064927205
2023-07-10 13:00:00,184786.43,168801.58,202047.61,178763.72738136796,180715.16969275955,179904.83722425537
2023-07-10 14:00:00,186536.88,167495.31,204348.18,179068.09017776488,181811.61930763116,182448.9177395428
2023-07-10 15:00:00,187625.36,166416.36,204135.21,178646.82359716875,182134.55780307893,183321.16454611794
2023-07-10 16:00:00,184030.43,163870.46,198794.64,174765.80993465066,178021.4969840706,177843.05119971142
2023-07-10 17:00:00,177370.45,158901.0,191069.22,169457.80223846942,172807.6932223364,169542.75064758622
2023-07-10 18:00:00,174795.58,157713.76,188283.3,168082.01949362247,172264.1155252885,163800.75129665982
2023-07-10 19:00:00,184174.02,170307.16,193723.97,177550.04701825505,178357.36779218144,172389.07243794252
2023-07-10 20:00:00,186558.9,175552.14,195713.35,180856.117997813,180915.69866192425,176360.5402527544
2023-07-10 21:00:00,185565.51,176908.5,196284.45,181223.55066395618,181448.04371431054,177418.5634793063
2023-07-10 22:00:00,184933.44,177348.37,197289.09,181640.69404133665,182486.0247463239,180367.49428971446
2023-07-10 23:00:00,183243.37,176053.85,196148.56,179851.53277794964,181465.2891308996,179226.3231047077
2023-07-11 00:00:00,177573.1,171455.89,193430.5,180761.12879230586,177661.0847125861,177877.9090835785
2023-07-11 01:00:00,172476.16,166855.25,190272.34,176469.26357670268,173411.79638886335,172601.78576048944
2023-07-11 02:00:00,168610.8,163122.86,187355.25,172819.29494634568,169555.118257855,167734.66194279204
2023-07-11 03:00:00,165790.22,160625.74,184446.7,169877.07098233834,166553.82160312578,164078.43806422933
2023-07-11 04:00:00,165177.46,160262.43,183456.59,169061.92572376647,165681.29185793363,161738.616020903
2023-07-11 05:00:00,167293.91,161408.57,183378.88,169619.3021550914,165922.91999519433,161288.4270707657
2023-07-11 06:00:00,172156.56,167914.25,186896.3,174059.13981440038,171363.10579055586,161553.6457618464
2023-07-11 07:00:00,176746.1,173514.62,189558.24,177576.3831483811,175531.4675693217,163342.1088084609
2023-07-11 08:00:00,178905.15,177066.89,191091.99,180091.850785945,178104.7177697711,167315.01007164537
2023-07-11 09:00:00,184065.92,183106.61,196850.66,185730.17910032187,183732.95316397288,175804.4933470739
2023-07-11 10:00:00,188577.33,187521.44,202262.83,189843.6494357329,187733.3785066259,182185.69801057153
2023-07-11 11:00:00,190302.16,188915.78,202868.83,190711.67188403185,189534.4267898377,184876.70068631007
2023-07-11 12:00:00,189360.94,188671.06,203852.6,190713.10883851326,189028.45773574783,185436.04060517473
2023-07-11 13:00:00,186006.15,184786.43,200806.92,187367.61808978338,184952.92979999952,183218.93663401646
2023-07-11 14:00:00,188324.37,186536.88,201930.33,188172.32831633886,186397.3797321184,185933.58703744694
2023-07-11 15:00:00,188453.55,187625.36,199661.67,187611.64038159655,186704.0548893814,186140.63237953658
2023-07-11 16:00:00,184902.55,184030.43,193661.42,183305.96771585685,183464.9163507195,180780.4925341607
2023-07-11 17:00:00,181630.39,177370.45,187396.75,177614.69734855258,177840.31635898474,172361.6575298838
2023-07-11 18:00:00,180339.96,174795.58,185031.95,175867.34524919646,176004.45772171704,166411.8519818194
2023-07-11 19:00:00,189034.75,184174.02,194595.04,185657.1332350685,184697.52918335365,174161.4325389036
2023-07-11 20:00:00,190807.15,186558.9,199100.27,188826.48418426304,188010.00770643607,177658.15662891624
2023-07-11 21:00:00,190088.53,185565.51,199969.65,188555.20045140927,186782.05775247543,179301.69170300965
2023-07-11 22:00:00,190616.03,184933.44,200853.92,188579.01566982508,186605.21982909285,182986.14197805818
2023-07-11 23:00:00,187931.01,183243.37,198620.72,186561.04387095562,185359.03925173107,182205.63493916843
2023-07-12 00:00:00,181886.22,177573.1,193790.37,184040.6348039183,180365.9392251227,182581.76079862984
2023-07-12 01:00:00,177382.5,172476.16,188233.31,178915.46728318703,175909.75694049028,176761.10473958004
2023-07-12 02:00:00,173344.48,168610.8,183648.65,174769.0403764222,171775.36140111566,171089.85937299492
2023-07-12 03:00:00,170356.27,165790.22,180139.81,171687.65856460607,169020.46180786318,166550.45186246498
2023-07-12 04:00:00,169815.64,165177.46,178532.68,170661.49190770203,168301.88272497634,163862.15368737432
2023-07-12 05:00:00,171862.85,167293.91,178759.92,171757.18723193932,169527.62232702467,163074.50590920655
2023-07-12 06:00:00,176943.47,172156.56,181533.64,175544.77652686357,173196.01662479358,163020.29452000567
2023-07-12 07:00:00,181336.2,176746.1,183464.72,178829.06240706358,176813.39054930434,164585.17867203784
2023-07-12 08:00:00,184789.96,178905.15,184733.98,180815.23062447718,178386.37898791776,167237.805359735
2023-07-12 09:00:00,190726.49,184065.92,189971.13,185980.4233830623,183657.0085068624,174448.58666822608
2023-07-12 10:00:00,194749.99,188577.33,193411.37,189833.75632882133,188284.69778439408,179509.42353644752
2023-07-12 11:00:00,196632.51,190302.16,194190.57,191018.1676936393,189837.29749160656,181844.28029590557
2023-07-12 12:00:00,196825.39,189360.94,194391.41,190650.8242951163,189058.42302935597,182513.1042763887
2023-07-12 13:00:00,194655.97,186006.15,191726.61,187480.88492373674,185094.85193466506,181924.61989678713
2023-07-12 14:00:00,196725.73,188324.37,193418.16,188742.86009577825,187385.11579654284,185074.66332911776
2023-07-12 15:00:00,196929.76,188453.55,193062.83,188615.96484381356,187939.97879022366,186670.51954819652
2023-07-12 16:00:00,192045.17,184902.55,189958.13,185295.1835539,184994.02939424466,181176.2110963762
2023-07-12 17:00:00,187546.1,181630.39,184445.76,180593.4391964343,180598.31746588615,172298.9377128962
2023-07-12 18:00:00,186285.31,180339.96,182217.88,179024.4751978741,179292.19790034357,166199.66354777882
2023-07-12 19:00:00,194295.1,189034.75,191772.4,188782.56110774796,187480.77138873725,173617.1301338397
2023-07-12 20:00:00,195215.34,190807.15,194595.17,191479.69300652653,189614.37071668849,177854.80164078364
2023-07-12 21:00:00,195222.28,190088.53,195040.48,191426.4907860652,188897.23748415595,179259.41184038637
2023-07-12 22:00:00,194769.16,190616.03,195622.38,191801.55186265416,189511.0668943684,182681.8554658424
2023-07-12 23:00:00,191248.32,187931.01,192585.29,189304.15247614885,186626.43091788839,182022.4950626358
2023-07-13 00:00:00,186159.73,181886.22,185940.35,186182.18669592155,185895.9825658486,184690.3865099538
2023-07-13 01:00:00,181424.61,177382.5,180258.87,181063.4355706337,181596.19292579035,177868.70646183702
2023-07-13 02:00:00,177664.09,173344.48,175202.23,176638.22839352503,177093.5858419581,171698.87925370072
2023-07-13 03:00:00,174634.42,170356.27,171493.74,173447.86714534715,173896.90685055853,166475.59799314407
2023-07-13 04:00:00,173519.63,169815.64,169941.27,172576.8609181267,173755.49145717945,163350.53888797257
2023-07-13 05:00:00,174589.08,171862.85,170788.8,174237.40547791118,175234.04771108882,162716.92386276394
2023-07-13 06:00:00,179420.32,176943.47,174092.34,179102.21493132526,179623.9133097966,162711.87259110893
2023-07-13 07:00:00,183564.79,181336.2,176007.7,182985.43440796243,183859.2168086113,163494.89008866588
2023-07-13 08:00:00,185538.19,184789.96,178410.73,186042.0695581756,187382.82863465123,166051.57716855666
2023-07-13 09:00:00,192035.33,190726.49,184614.78,192196.67034924243,191926.24485615233,172799.76476104071
2023-07-13 10:00:00,196863.24,194749.99,188523.75,196325.5332967586,196093.7065535888,177835.28791092086
2023-07-13 11:00:00,199068.64,196632.51,189723.42,197816.54755224875,198527.95745181348,180128.92364511063
2023-07-13 12:00:00,198771.81,196825.39,189606.29,197598.09807975046,198034.57338924325,179948.2016089506
2023-07-13 13:00:00,196056.2,194655.97,185640.59,194192.57297822263,195465.69317141685,178351.23612883204
2023-07-13 14:00:00,196238.31,196725.73,184768.38,195125.77420033808,196840.55241148223,181091.3848057491
2023-07-13 15:00:00,196510.17,196929.76,182329.95,194577.0587525144,196514.39736452297,181837.2157145447
2023-07-13 16:00:00,195633.08,192045.17,179381.15,190722.03695110613,192494.84284853737,177086.54038949782
2023-07-13 17:00:00,190631.21,187546.1,176740.77,186499.03374329233,188178.2757074078,169719.96762053177
2023-07-13 18:00:00,189374.99,186285.31,176759.92,185463.67659491257,186897.72191016225,163793.64907648988
2023-07-13 19:00:00,197820.82,194295.1,186637.99,194566.86638845658,194800.361747058,171920.4493677444
2023-07-13 20:00:00,198982.29,195215.34,189499.22,196488.31997981732,196264.04968186122,176459.6092852719
2023-07-13 21:00:00,199075.2,195222.28,189372.03,196084.99907702312,196116.18198203086,177863.4892698891
2023-07-13 22:00:00,199394.73,194769.16,189598.95,195879.64821553667,195929.41167014462,180758.08541085667
2023-07-13 23:00:00,196132.96,191248.32,186327.91,192758.6966412604,192335.2527709176,178854.47790845216
2023-07-14 00:00:00,190095.36,186159.73,179429.17,187750.6769543471,188339.38539789125,190599.61951115946
2023-07-14 01:00:00,185018.08,181424.61,174617.19,182730.6651668193,183836.02476567499,185464.11440077564
2023-07-14 02:00:00,181451.03,177664.09,170660.06,178701.22911415668,179559.11829166606,180031.78902675427
2023-07-14 03:00:00,178100.48,174634.42,167677.27,175580.91687089723,176965.3628276924,176193.86277218006
2023-07-14 04:00:00,177015.54,173519.63,167121.34,174742.6641325532,175481.1103641008,173478.19271048496
2023-07-14 05:00:00,178929.36,174589.08,169001.56,176522.5062274243,176367.39642849597,172499.89285755748
2023-07-14 06:00:00,184212.45,179420.32,173723.33,181587.6382540243,180964.0988807536,171993.44932938216
2023-07-14 07:00:00,186921.89,183564.79,176599.18,185663.07307361372,185115.7664380653,172654.41867202043
2023-07-14 08:00:00,188135.23,185538.19,179211.75,188155.2339194446,187773.75329547163,176715.7684854168
2023-07-14 09:00:00,195293.88,192035.33,185575.9,194516.93418334,193938.70852907526,184516.98192690773
2023-07-14 10:00:00,201614.52,196863.24,189940.73,199123.6966423324,198360.47744972026,190560.95817563616
2023-07-14 11:00:00,203412.41,199068.64,191112.49,200912.92689248157,200054.68141254794,193266.79311360698
2023-07-14 12:00:00,202807.53,198771.81,191195.53,200625.82508749655,199705.38539102676,193741.80096428128
2023-07-14 13:00:00,198955.15,196056.2,187271.2,197338.69706531544,196857.77723692745,192163.9648683326
2023-07-14 14:00:00,199157.72,196238.31,188491.52,198451.42986250858,197201.5200926595,195468.6781031808
2023-07-14 15:00:00,200358.91,196510.17,189077.46,198821.87843116774,197478.0728643579,195853.79991278556
2023-07-14 16:00:00,196235.85,195633.08,183755.09,195485.4290628301,195487.20899273755,190373.79231285036
2023-07-14 17:00:00,190313.25,190631.21,178878.46,190787.09203870952,190252.9092447686,181746.62058855692
2023-07-14 18:00:00,189137.94,189374.99,177536.13,189424.08837521926,188881.48956649067,176011.15389364597
2023-07-14 19:00:00,198358.12,197820.82,187919.93,198710.85065399596,197493.23409936135,184687.66633831247
2023-07-14 20:00:00,200100.28,198982.29,190980.04,200615.0654382272,198974.06252991897,188618.9460946409
2023-07-14 21:00:00,199494.61,199075.2,190452.64,200295.30690678846,198791.451380646,190436.69840416792
2023-07-14 22:00:00,199308.71,199394.73,190732.97,200525.7029163738,199021.29930207896,192945.01811488482
2023-07-14 23:00:00,195778.74,196132.96,187474.21,197263.05527659785,195772.80166020012,191509.72943702975
2023-07-15 00:00:00,190250.19,190095.36,181816.67,190644.40942773235,190009.3664959815,189914.3626597734
2023-07-15 01:00:00,185875.76,185018.08,176631.0,185509.71015887914,185241.44364205372,183890.69663801807
2023-07-15 02:00:00,181585.22,181451.03,172174.06,181402.14982547014,181646.67215430457,178670.13724620902
2023-07-15 03:00:00,177888.29,178100.48,168361.97,177938.512398017,178531.54563462237,174243.64731163083
2023-07-15 04:00:00,176460.1,177015.54,167178.25,176874.12923882875,177692.5665894498,171645.55793837307
2023-07-15 05:00:00,177589.45,178929.36,167048.96,178197.91752637082,179867.4857117183,171223.46408560016
2023-07-15 06:00:00,182534.21,184212.45,170050.52,182787.6769013486,183909.63911207457,170492.59796320324
2023-07-15 07:00:00,184813.09,186921.89,171204.18,185623.84507757882,187089.93458391857,170790.83459802385
2023-07-15 08:00:00,187981.79,188135.23,173321.19,187734.55106075306,188450.23013934173,173065.5055636184
2023-07-15 09:00:00,195693.05,195293.88,178368.9,194095.0703877007,193498.40896894637,179712.7475116893
2023-07-15 10:00:00,199882.65,201614.52,180461.56,198539.1871543817,198717.46306831407,185154.46115050314
2023-07-15 11:00:00,201129.68,203412.41,180673.78,199951.69438288905,199680.62782470588,188249.6364752447
2023-07-15 12:00:00,200514.0,202807.53,180157.33,199599.26933144088,199041.51927725368,189318.61107134746
2023-07-15 13:00:00,197504.74,198955.15,177631.17,196501.45125831143,195916.110819957,187637.83970358685
2023-07-15 14:00:00,198719.78,199157.72,177470.48,196965.40660933923,195930.66948651132,189921.09694122357
2023-07-15 15:00:00,197790.48,200358.91,176584.11,197104.89148940932,195575.79102919664,189382.93082805912
2023-07-15 16:00:00,193832.05,196235.85,172317.56,192913.17625860803,191705.62988756195,183236.6894613371
2023-07-15 17:00:00,187916.63,190313.25,168211.51,187760.96609124236,186395.75567440494,174839.62466111427
2023-07-15 18:00:00,186153.85,189137.94,168075.04,186864.6475854844,185707.9906775969,169498.395195936
2023-07-15 19:00:00,195143.52,198358.12,179017.79,196621.63942131854,195369.59761979352,177833.76481873385
2023-07-15 20:00:00,196498.17,200100.28,182142.85,198677.4394938801,196818.8110407386,181800.42422084115
2023-07-15 21:00:00,196723.22,199494.61,181179.64,198086.2461638318,196530.29097420056,182698.10613984845
2023-07-15 22:00:00,196364.09,199308.71,181139.98,197918.9488241417,196476.95986503668,185382.7674533281
2023-07-15 23:00:00,193584.0,195778.74,179015.63,194847.73562306838,193350.45305082455,184378.33580619513
2023-07-16 00:00:00,187817.73,190250.19,173859.26,184194.40710078136,189004.7557844416,188075.28895351232
2023-07-16 01:00:00,183031.28,185875.76,169167.86,179545.34791588967,183960.45702153954,182168.62056317064
2023-07-16 02:00:00,178727.19,181585.22,165234.2,175504.7096748291,180088.3835018037,176413.46135089727
2023-07-16 03:00:00,175448.55,177888.29,162193.9,172186.71875946096,176832.8290028342,170934.92648107858
2023-07-16 04:00:00,173437.13,176460.1,161052.54,170948.7579560276,175366.93792961337,167679.43190814034
2023-07-16 05:00:00,173715.77,177589.45,161131.98,171864.5670186237,175396.56188624352,165843.81050276587
2023-07-16 06:00:00,175622.58,182534.21,162342.45,175584.3734204141,177489.00084719213,164072.7323844187
2023-07-16 07:00:00,176684.87,184813.09,163262.03,177830.03355243456,177422.87542561375,163336.6179150386
2023-07-16 08:00:00,178478.77,187981.79,164849.07,180037.27319491026,178582.956185294,164513.57398090354
2023-07-16 09:00:00,182625.22,195693.05,168592.03,186068.26991832117,183934.74336446836,168192.87487972647
2023-07-16 10:00:00,185325.71,199882.65,171444.2,190172.32397762153,186899.32216206763,172298.1373904515
2023-07-16 11:00:00,187303.05,201129.68,172069.74,191565.5582403626,187158.1544414126,175715.2519213529
2023-07-16 12:00:00,187198.88,200514.0,171969.41,191203.86107504583,187210.68848437286,176742.18795827645
2023-07-16 13:00:00,186369.69,197504.74,168801.58,188223.84167272606,185603.9671339467,176242.94313007715
2023-07-16 14:00:00,186845.51,198719.78,167495.31,188352.6641077901,185910.79199182938,177002.2057764463
2023-07-16 15:00:00,185681.65,197790.48,166416.36,187756.03038004242,184248.7541707219,176681.35407508924
2023-07-16 16:00:00,179468.79,193832.05,163870.46,184599.80479243258,179792.12004423878,170183.62544614647
2023-07-16 17:00:00,173550.5,187916.63,158901.0,179161.61816659113,174411.30315063545,162214.80198942078
2023-07-16 18:00:00,172920.36,186153.85,157713.76,177776.4573067125,173061.21069825251,157416.12426570695
2023-07-16 19:00:00,185426.74,195143.52,170307.16,187790.38456918058,182756.61472051943,167795.72818792632
2023-07-16 20:00:00,191068.24,196498.17,175552.14,190462.2905987535,187921.40001797452,174579.34482570185
2023-07-16 21:00:00,192183.1,196723.22,176908.5,190937.64460437995,187671.8081589845,177602.7660600294
2023-07-16 22:00:00,193100.42,196364.09,177348.37,191035.92886909415,187942.4083171604,181121.37851475333
2023-07-16 23:00:00,189599.68,193584.0,176053.85,188661.94346070255,185648.9282617572,180481.67318537773
2023-07-17 00:00:00,183995.39,187817.73,171455.89,186059.84185930723,182545.4652044923,181965.6022391374
2023-07-17 01:00:00,179236.73,183031.28,166855.25,181275.74995930746,177833.4071398238,175525.403333649
2023-07-17 02:00:00,175007.44,178727.19,163122.86,177231.14638262894,173789.0763109357,170715.61376431782
2023-07-17 03:00:00,171947.78,175448.55,160625.74,174090.2068912685,171360.11233806837,165635.26672046
2023-07-17 04:00:00,171481.25,173437.13,160262.43,172903.6306154508,170697.58009650387,163228.6076568023
2023-07-17 05:00:00,173359.99,173715.77,161408.57,174012.7789882656,173127.33414543452,162427.2543895071
2023-07-17 06:00:00,179525.5,175622.58,167914.25,178530.83894866475,179039.421495819,164331.41402567097
2023-07-17 07:00:00,183832.09,176684.87,173514.62,181749.8991789102,183311.25930893607,167650.3139920425
2023-07-17 08:00:00,187518.6,178478.77,177066.89,184250.7523932154,186017.60854935515,171203.04483269926
2023-07-17 09:00:00,195479.79,182625.22,183106.61,190068.2713969602,192949.6236147161,178495.76078945087
2023-07-17 10:00:00,200757.73,185325.71,187521.44,194272.416335421,197252.98030462558,184920.4952423522
2023-07-17 11:00:00,202509.61,187303.05,188915.78,196017.66875001753,199012.333922971,188129.5510531851
2023-07-17 12:00:00,201198.63,187198.88,188671.06,195765.52769268685,198514.273447097,188491.90499947048
2023-07-17 13:00:00,198808.9,186369.69,184786.43,193152.66731779635,197629.8940173409,186655.0538737607
2023-07-17 14:00:00,199895.01,186845.51,186536.88,194092.09064895366,197849.8886904178,188720.21079164525
2023-07-17 15:00:00,200290.04,185681.65,187625.36,194107.05066920936,197142.08296797145,189063.1916176196
2023-07-17 16:00:00,195554.57,179468.79,184030.43,189292.42742140335,192147.12706543703,183687.16675310142
2023-07-17 17:00:00,190043.76,173550.5,177370.45,183024.97183049278,186408.04217187155,176346.89998946307
2023-07-17 18:00:00,190522.11,172920.36,174795.58,181564.14004720357,185339.91081355503,171661.10710533807
2023-07-17 19:00:00,199763.72,185426.74,184174.02,191872.35278977902,196539.7425277181,179286.6261760143
2023-07-17 20:00:00,201583.26,191068.24,186558.9,195082.24158676062,198240.7983723451,182905.2880664839
2023-07-17 21:00:00,201698.08,192183.1,185565.51,195004.59492493945,198025.5120666286,184114.81096427617
2023-07-17 22:00:00,201185.27,193100.42,184933.44,195075.33413322657,197779.15905835148,186293.63378995052
2023-07-17 23:00:00,196923.11,189599.68,183243.37,192276.1360244468,195697.66189998688,184918.59468590663
2023-07-18 00:00:00,191138.41,183995.39,177573.1,188190.1508392119,189932.1890400411,190539.95457374761
2023-07-18 01:00:00,185864.22,179236.73,172476.16,183388.32394314403,185337.36538014543,184394.36952012888
2023-07-18 02:00:00,181852.09,175007.44,168610.8,179250.82430986778,180778.9481942778,178644.14527931728
2023-07-18 03:00:00,178508.73,171947.78,165790.22,176098.1619637701,177146.26313177214,174203.65223339418
2023-07-18 04:00:00,177032.6,171481.25,165177.46,175268.46910191822,176696.2237225928,171469.7581701676
2023-07-18 05:00:00,178190.18,173359.99,167293.91,176974.5687665677,178658.8929958381,170665.96730351492
2023-07-18 06:00:00,182906.13,179525.5,172156.56,182203.93979647904,184424.45545407064,171542.15358191894
2023-07-18 07:00:00,185610.25,183832.09,176746.1,186082.04895303285,188678.36784742214,173169.67650493977
2023-07-18 08:00:00,188213.67,187518.6,178905.15,189016.28387054137,190704.43050154785,176064.76253829693
2023-07-18 09:00:00,194723.0,195479.79,184065.92,195742.76720994024,196266.4668446804,183223.94836498264
2023-07-18 10:00:00,199268.68,200757.73,188577.33,200439.10695926304,200952.22801081397,188898.14491025978
2023-07-18 11:00:00,199871.01,202509.61,190302.16,202056.01970956786,202455.6959101898,190300.490685172
2023-07-18 12:00:00,199404.59,201198.63,189360.94,201163.5008162822,201705.2019124656,190674.42949706604
2023-07-18 13:00:00,195840.5,198808.9,186006.15,198337.22219913048,198557.31262726773,187792.48686503366
2023-07-18 14:00:00,196753.27,199895.01,188324.37,199753.7870935342,200131.63055082323,189675.35404809818
2023-07-18 15:00:00,196751.1,200290.04,188453.55,199533.7984155837,200035.7964073225,189407.57150139508
2023-07-18 16:00:00,192457.88,195554.57,184902.55,195057.1326504537,195815.6850618969,184351.37393129454
2023-07-18 17:00:00,188408.05,190043.76,181630.39,190042.61123614048,192215.29962381444,176961.4657993212
2023-07-18 18:00:00,189255.55,190522.11,180339.96,189388.44954940066,190976.96199060883,172352.9139291592
2023-07-18 19:00:00,198676.35,199763.72,189034.75,198810.06932886122,200036.945885446,180253.36973660105
2023-07-18 20:00:00,199783.13,201583.26,190807.15,200850.6479037698,201678.58132109558,184282.674483745
2023-07-18 21:00:00,198544.96,201698.08,190088.53,200721.08688789798,201143.4299322499,185791.04844068634
2023-07-18 22:00:00,197825.33,201185.27,190616.03,200694.88591174543,201716.52301860895,188463.8607044537
2023-07-18 23:00:00,193602.03,196923.11,187931.01,197309.9006655034,198508.33385559288,187179.2936970152
2023-07-19 00:00:00,187415.24,191138.41,181886.22,188704.91380430816,191284.7700213071,187056.7135510083
2023-07-19 01:00:00,182447.13,185864.22,177382.5,183778.06752889822,186221.13951077207,180394.50570014725
2023-07-19 02:00:00,177799.22,181852.09,173344.48,179644.8941309953,182306.7375013187,174178.53519029173
2023-07-19 03:00:00,174968.52,178508.73,170356.27,176443.6031992648,179070.09271032384,169170.44774074064
2023-07-19 04:00:00,174189.67,177032.6,169815.64,175264.90465318385,177797.53861794248,166402.966127826
2023-07-19 05:00:00,175102.82,178190.18,171862.85,176647.33790646892,179015.0678835393,165679.24263213712
2023-07-19 06:00:00,180276.98,182906.13,176943.47,181098.44876419177,182157.8716206736,166515.80208856222
2023-07-19 07:00:00,183971.9,185610.25,181336.2,184266.38294355688,184368.01315936653,168012.9212147142
2023-07-19 08:00:00,186394.66,188213.67,184789.96,187057.6224868567,186284.65670857538,169872.49486087388
2023-07-19 09:00:00,193254.46,194723.0,190726.49,193047.64975337457,192332.1748498274,175941.56486559924
2023-07-19 10:00:00,197727.03,199268.68,194749.99,197092.99343445973,197023.6816816095,180296.92470420097
2023-07-19 11:00:00,198838.4,199871.01,196632.51,198430.97840519727,197242.20634096593,182023.1472119871
2023-07-19 12:00:00,197820.49,199404.59,196825.39,198155.96393422064,197191.13403792607,182405.95386553742
2023-07-19 13:00:00,193855.53,195840.5,194655.97,195595.86960161582,194092.95292129493,180928.65491010388
2023-07-19 14:00:00,194920.96,196753.27,196725.73,196778.55630328375,195628.53379753997,183302.74690647135
2023-07-19 15:00:00,194818.53,196751.1,196929.76,196615.70622724775,195678.91810380653,184526.74299612484
2023-07-19 16:00:00,191499.09,192457.88,192045.17,191823.85322576252,191030.74450477498,179585.8574958238
2023-07-19 17:00:00,187565.05,188408.05,187546.1,187096.70258004093,186500.8160305548,171985.03106284488
2023-07-19 18:00:00,186619.5,189255.55,186285.31,186909.41137700612,186645.5619749388,167424.78485991416
2023-07-19 19:00:00,196750.91,198676.35,194295.1,196417.4915373101,196226.55186428502,175630.26018626004
2023-07-19 20:00:00,199467.55,199783.13,195215.34,198283.25766529358,197617.50888645215,179688.03924793197
2023-07-19 21:00:00,198284.29,198544.96,195222.28,197942.80592398517,196566.88498844695,180911.4464064957
2023-07-19 22:00:00,197631.81,197825.33,194769.16,197635.80128047316,195747.24114683588,183266.73801727526
2023-07-19 23:00:00,193712.84,193602.03,191248.32,193823.90860359714,192053.12507891486,181876.8085618513
2023-07-20 00:00:00,188976.63,187415.24,186159.73,185134.58762871064,183854.43071231784,186724.2658043549
2023-07-20 01:00:00,184882.24,182447.13,181424.61,180285.97235431185,179148.6303709596,179904.94801185082
2023-07-20 02:00:00,180858.8,177799.22,177664.09,176074.0146071607,175484.8259223089,173806.29569897856
2023-07-20 03:00:00,178065.83,174968.52,174634.42,173104.4758335335,172852.30381716054,168727.6719826093
2023-07-20 04:00:00,176858.38,174189.67,173519.63,172223.40703784712,172011.72197571117,166085.481339871
2023-07-20 05:00:00,178632.36,175102.82,174589.08,173464.01432837168,172663.61807931977,166161.72855484704
2023-07-20 06:00:00,183783.23,180276.98,179420.32,178602.5997717176,177592.09418125183,167536.05103516125
2023-07-20 07:00:00,186602.71,183971.9,183564.79,182441.93248872072,181147.27327846037,168654.581729234
2023-07-20 08:00:00,188896.77,186394.66,185538.19,184997.49687494538,183240.40284526235,170509.12861633743
2023-07-20 09:00:00,195342.27,193254.46,192035.33,191797.76861646044,189963.04243774203,176450.0677301869
2023-07-20 10:00:00,199882.09,197727.03,196863.24,196407.83039385415,194056.1374195713,180734.3673382307
2023-07-20 11:00:00,200552.94,198838.4,199068.64,197881.49271343029,196002.9314807179,182462.98974192768
2023-07-20 12:00:00,199987.56,197820.49,198771.81,197097.27488577968,195001.71042802176,182054.1337467305
2023-07-20 13:00:00,197565.65,193855.53,196056.2,193828.4322986083,191620.57387639562,179409.11368866797
2023-07-20 14:00:00,199305.26,194920.96,196238.31,194458.59963441684,192119.75393754258,180741.72337436082
2023-07-20 15:00:00,199778.25,194818.53,196510.17,194413.8175862662,192181.05552929742,180749.12392499842
2023-07-20 16:00:00,196810.95,191499.09,195633.08,191502.13208255364,188939.89117476385,177257.02448306803
2023-07-20 17:00:00,192793.85,187565.05,190631.21,187089.67685392482,185201.48475763825,172077.4642256547
2023-07-20 18:00:00,191664.14,186619.5,189374.99,186617.47611009568,184536.2637866058,168199.99007775972
2023-07-20 19:00:00,200357.65,196750.91,197820.82,195821.93418333604,194300.6799931196,176912.88319099136
2023-07-20 20:00:00,202872.99,199467.55,198982.29,197585.5821171943,196058.66544401887,181120.7784762195
2023-07-20 21:00:00,201632.92,198284.29,199075.2,196969.14973359677,195508.54451244837,182110.283688033
2023-07-20 22:00:00,200576.48,197631.81,199394.73,196619.41064240367,194605.49427507882,183880.20556432902
2023-07-20 23:00:00,198509.44,193712.84,196132.96,192905.51673885164,190874.84646013117,181358.7927379849
2023-07-21 00:00:00,194370.85,188976.63,190095.36,189722.08363322803,188152.30882358656,193686.2508987339
2023-07-21 01:00:00,190102.74,184882.24,185018.08,185015.77143789543,184238.97975523808,189554.047761699
2023-07-21 02:00:00,186578.37,180858.8,181451.03,181092.16835420203,180258.02128607954,185524.26214344014
2023-07-21 03:00:00,184189.73,178065.83,178100.48,178035.4473456271,177680.2373282064,182210.52761311873
2023-07-21 04:00:00,183147.12,176858.38,177015.54,176922.10252370615,176743.78837965918,180761.00060493307
2023-07-21 05:00:00,183019.8,178632.36,178929.36,178648.201534772,178268.38211970474,181223.87410552736
2023-07-21 06:00:00,186849.4,183783.23,184212.45,183819.90119689578,182750.78327953396,182642.8915711814
2023-07-21 07:00:00,190540.17,186602.71,186921.89,186803.41537501503,185555.2118328701,184481.84417168077
2023-07-21 08:00:00,193922.07,188896.77,188135.23,188911.12400965867,187266.12258494872,188619.08899612795
2023-07-21 09:00:00,200629.31,195342.27,195293.88,195607.27007854416,193837.2259764526,195699.34570985235
2023-07-21 10:00:00,205183.43,199882.09,201614.52,200623.6020879498,198228.8852051838,200782.44939928423
2023-07-21 11:00:00,206302.58,200552.94,203412.41,201673.164390372,199522.72613492838,202848.97671392496
2023-07-21 12:00:00,205006.14,199987.56,202807.53,201076.66438277822,199009.0460064407,203169.6892114709
2023-07-21 13:00:00,202055.76,197565.65,198955.15,197763.71376763875,195856.336644705,200842.25219760288
2023-07-21 14:00:00,202794.48,199305.26,199157.72,198738.07795143686,197378.0406088001,203404.97987668702
2023-07-21 15:00:00,200307.57,199778.25,200358.91,199258.53654753047,197680.68523965753,203966.96765834722
2023-07-21 16:00:00,194458.43,196810.95,196235.85,195540.6180065816,194456.995297441,199469.24310688965
2023-07-21 17:00:00,190788.91,192793.85,190313.25,190919.93840756774,189963.55554199702,192696.51235262837
2023-07-21 18:00:00,190271.3,191664.14,189137.94,190240.3023820957,189049.00458790938,188719.73723433836
2023-07-21 19:00:00,200392.28,200357.65,198358.12,199365.6546628409,197766.13975046203,198000.54036292064
2023-07-21 20:00:00,201253.33,202872.99,200100.28,201252.03570123474,199928.24322862615,201669.79356667938
2023-07-21 21:00:00,199735.22,201632.92,199494.61,200151.18236069483,198757.7677727202,202798.04907165063
2023-07-21 22:00:00,199365.29,200576.48,199308.71,199480.45806438255,198106.8603130373,204344.90032681808
2023-07-21 23:00:00,197507.15,198509.44,195778.74,196356.69910548933,195232.94855860513,202174.07436815443
2023-07-22 00:00:00,192546.65,194370.85,190250.19,190829.3349110924,192746.655883721,193070.7052954473
2023-07-22 01:00:00,188690.2,190102.74,185875.76,186384.54854083236,188774.89181718373,188348.47850024104
2023-07-22 02:00:00,185025.37,186578.37,181585.22,182349.71819670417,184808.62917594818,184375.07704919507
2023-07-22 03:00:00,181276.45,184189.73,177888.29,179398.36444504058,182308.87127792486,181099.03973806067
2023-07-22 04:00:00,179893.24,183147.12,176460.1,178303.9793123093,180854.65182558214,179677.2024427246
2023-07-22 05:00:00,179075.22,183019.8,177589.45,179019.15074766107,181011.24583326123,180094.3067731224
2023-07-22 06:00:00,181709.26,186849.4,182534.21,183586.26771192634,185081.06897366652,181158.95042940494
2023-07-22 07:00:00,184052.41,190540.17,184813.09,186770.2321562121,187083.6956160973,182228.42959401428
2023-07-22 08:00:00,186701.8,193922.07,187981.79,189782.06900999718,190044.75594986463,184454.75656855895
2023-07-22 09:00:00,192978.51,200629.31,195693.05,196679.3578370699,197069.571733676,190575.9903118851
2023-07-22 10:00:00,196456.47,205183.43,199882.65,200933.79364336215,201135.23846595536,195323.05849702226
2023-07-22 11:00:00,195216.58,206302.58,201129.68,201987.7495433386,202343.27978742978,197794.522030251
2023-07-22 12:00:00,193809.86,205006.14,200514.0,201029.06952883388,201471.62938840452,198497.1699848102
2023-07-22 13:00:00,190632.55,202055.76,197504.74,197903.9679589805,198946.4981841912,196336.3942070885
2023-07-22 14:00:00,191564.14,202794.48,198719.78,198818.6082575144,199256.53595864068,197508.36572628023
2023-07-22 15:00:00,190851.47,200307.57,197790.48,197584.0792032715,197326.9437095285,196681.03812169307
2023-07-22 16:00:00,185850.73,194458.43,193832.05,193128.72101097513,192042.53680530834,191836.8041689758
2023-07-22 17:00:00,182662.43,190788.91,187916.63,188702.91127259852,188244.27386420887,185426.1606094805
2023-07-22 18:00:00,183842.7,190271.3,186153.85,187800.9343897516,187494.40896413947,181993.53479908663
2023-07-22 19:00:00,193494.31,200392.28,195143.52,197403.79256465967,196924.9761626131,191392.406548093
2023-07-22 20:00:00,195551.74,201253.33,196498.17,198847.95638693767,198636.5320739243,194983.82650830998
2023-07-22 21:00:00,195195.65,199735.22,196723.22,197873.98783298786,196686.67312579442,195506.03023094786
2023-07-22 22:00:00,195177.52,199365.29,196364.09,197367.34169967205,196303.11205202766,197103.7112284034
2023-07-22 23:00:00,192084.55,197507.15,193584.0,194808.54862015782,194357.35988300116,195457.22570940354
2023-07-23 00:00:00,187519.11,192546.65,187817.73,182300.3701462055,185429.34387974138,186325.89475846692
2023-07-23 01:00:00,183489.19,188690.2,183031.28,178240.9088510384,181711.98288592207,180524.00770775188
2023-07-23 02:00:00,179508.41,185025.37,178727.19,174498.49504369934,178842.1828245461,175160.53343771558
2023-07-23 03:00:00,176674.14,181276.45,175448.55,171381.7272539811,174756.1008355376,170180.70735799606
2023-07-23 04:00:00,175358.55,179893.24,173437.13,170007.13392606884,174024.7250996821,167475.6394957085
2023-07-23 05:00:00,175041.99,179075.22,173715.77,170217.44805031296,172608.93534187775,166300.5791776047
2023-07-23 06:00:00,175685.61,181709.26,175622.58,173166.19906857554,174017.51506771156,165604.28572966927
2023-07-23 07:00:00,175655.53,184052.41,176684.87,175350.64094769445,173722.7617147784,165015.94866328518
2023-07-23 08:00:00,177316.21,186701.8,178478.77,177653.4206256128,175073.91278739448,165949.2177958922
2023-07-23 09:00:00,181027.4,192978.51,182625.22,183061.5437102876,179083.61296251876,169839.92112578734
2023-07-23 10:00:00,185178.31,196456.47,185325.71,186437.6003481695,181415.44895099726,173679.3572480368
2023-07-23 11:00:00,188217.09,195216.58,187303.05,186752.68662719362,182705.95116855917,176392.45547172922
2023-07-23 12:00:00,189325.57,193809.86,187198.88,185954.7587145821,182419.85932861373,176920.32834383793
2023-07-23 13:00:00,188022.67,190632.55,186369.69,183623.73679907687,180533.77890744494,175417.6150373582
2023-07-23 14:00:00,187895.86,191564.14,186845.51,184357.61163278314,181197.67755009342,175295.49720913873
2023-07-23 15:00:00,186477.34,190851.47,185681.65,183600.72202824373,179966.7726766865,174541.88675757506
2023-07-23 16:00:00,180596.64,185850.73,179468.79,178942.45852565285,174880.3212989973,168962.44984275266
2023-07-23 17:00:00,175306.96,182662.43,173550.5,174874.38214750178,170127.72104849314,162032.84288232334
2023-07-23 18:00:00,177145.87,183842.7,172920.36,174904.70249921593,170408.5133508379,158955.3113988013
2023-07-23 19:00:00,189356.68,193494.31,185426.74,184856.61501755283,182533.82984680738,170171.90082061462
2023-07-23 20:00:00,194145.78,195551.74,191068.24,187731.5690946197,187734.56807266004,176319.88977026768
2023-07-23 21:00:00,194502.55,195195.65,192183.1,187491.42267238474,188246.48946408767,178495.7687127282
2023-07-23 22:00:00,193850.15,195177.52,193100.42,187459.7856127774,188852.73024682413,180629.48217919664
2023-07-23 23:00:00,190988.47,192084.55,189599.68,184768.15767627576,185384.88857197633,179448.43438094278
2023-07-24 00:00:00,186134.54,187519.11,183995.39,187538.65354181206,185087.19783455355,183843.4710367437
2023-07-24 01:00:00,182440.45,183489.19,179236.73,183235.74624348068,180048.9822164628,178164.67371008545
2023-07-24 02:00:00,178966.01,179508.41,175007.44,179313.47558045053,176063.9963798452,174140.85650649696
2023-07-24 03:00:00,176409.98,176674.14,171947.78,176453.49141708727,173082.75126043372,169928.36963648326
2023-07-24 04:00:00,175694.93,175358.55,171481.25,175524.15293724235,172447.51296123344,168160.3526583295
2023-07-24 05:00:00,177645.1,175041.99,173359.99,176064.24602192492,175485.7669940894,168323.48016955645
2023-07-24 06:00:00,183083.61,175685.61,179525.5,179574.78238117034,180579.30031812817,172090.64570383567
2023-07-24 07:00:00,186531.99,175655.53,183832.09,182195.97585398573,183316.85168134913,176163.8389541757
2023-07-24 08:00:00,189846.31,177316.21,187518.6,185009.72876318166,186510.64420917697,179763.49817647153
2023-07-24 09:00:00,195481.02,181027.4,195479.79,190900.9371470162,193087.03400067962,186323.5016807963
2023-07-24 10:00:00,200608.04,185178.31,200757.73,195379.61546539023,198926.0046830551,192179.50171491085
2023-07-24 11:00:00,202353.9,188217.09,202509.61,197191.9024170541,199271.5514637815,194817.9220948811
2023-07-24 12:00:00,201589.53,189325.57,201198.63,196803.95631933064,197899.25564464467,195188.7745685001
2023-07-24 13:00:00,199735.79,188022.67,198808.9,194511.35592025163,195272.9047804295,192742.78791793107
2023-07-24 14:00:00,202190.95,187895.86,199895.01,195048.37788776154,196339.77467634826,194364.08003199965
2023-07-24 15:00:00,201815.18,186477.34,200290.04,194171.83613824582,196860.19553836493,194574.1621012307
2023-07-24 16:00:00,196933.02,180596.64,195554.57,188896.41780272062,191572.70814683344,189734.40070006793
2023-07-24 17:00:00,192385.6,175306.96,190043.76,183979.59314066573,187064.62916145675,183104.29014759004
2023-07-24 18:00:00,192101.88,177145.87,190522.11,184735.6595128699,188030.97719238355,179981.54504786967
2023-07-24 19:00:00,200307.97,189356.68,199763.72,195162.19376447465,197732.15745842678,188556.1502999386
2023-07-24 20:00:00,202045.72,194145.78,201583.26,197763.33522871876,199973.6265605336,191440.1451742128
2023-07-24 21:00:00,200324.29,194502.55,201698.08,197447.61645653946,199531.34884449124,191565.87239803694
2023-07-24 22:00:00,198919.68,193850.15,201185.27,196895.15083701452,199013.83972968344,192671.01609822718
2023-07-24 23:00:00,195507.36,190988.47,196923.11,193849.15504198163,195634.76438323624,190944.07305093893
2023-07-25 00:00:00,191534.9,186134.54,191138.41,191140.86937215432,192634.9803945993,189402.6077516824
2023-07-25 01:00:00,186964.04,182440.45,185864.22,186782.76476932294,188240.42673687832,183682.72729015455
2023-07-25 02:00:00,183247.23,178966.01,181852.09,183006.5836602834,184831.3387040743,178807.95289230486
2023-07-25 03:00:00,180205.42,176409.98,178508.73,179939.36832150634,182178.89922191104,175024.79605654988
2023-07-25 04:00:00,178493.2,175694.93,177032.6,178844.3945241408,180705.9101649815,173078.26025868097
2023-07-25 05:00:00,179032.46,177645.1,178190.18,179980.74005921828,181617.57364503533,173328.29220530952
2023-07-25 06:00:00,182632.89,183083.61,182906.13,184408.4995773627,185950.46456368416,176041.075967491
2023-07-25 07:00:00,184947.63,186531.99,185610.25,187373.5930039119,188328.78710515797,178836.4931923633
2023-07-25 08:00:00,186041.18,189846.31,188213.67,190218.98287561102,191226.45592216728,181276.4199553113
2023-07-25 09:00:00,192930.45,195481.02,194723.0,196136.92847969098,196797.67306727025,187824.74855534497
2023-07-25 10:00:00,196221.62,200608.04,199268.68,200681.8342235526,201570.26960876703,193018.520766775
2023-07-25 11:00:00,196777.85,202353.9,199871.01,201631.46175964718,203253.4113026825,194874.99104234664
2023-07-25 12:00:00,195391.5,201589.53,199404.59,200947.36541900487,202309.88466670853,195159.3752247342
2023-07-25 13:00:00,192497.15,199735.79,195840.5,198200.7297549485,200763.31434711182,192028.95702514297
2023-07-25 14:00:00,195529.48,202190.95,196753.27,199621.71004692247,203056.8184038102,193471.51982400403
2023-07-25 15:00:00,195500.37,201815.18,196751.1,199221.18502743825,202654.10789162974,192676.21443069182
2023-07-25 16:00:00,192054.39,196933.02,192457.88,194466.0195893349,197930.66794115806,187769.31285892674
2023-07-25 17:00:00,187927.41,192385.6,188408.05,190290.803985738,193389.58540877205,181783.576757044
2023-07-25 18:00:00,188633.98,192101.88,189255.55,190815.64131373938,193025.7910875762,178827.0044668861
2023-07-25 19:00:00,197371.69,200307.97,198676.35,200040.78619373776,201323.11460175834,187615.4986368496
2023-07-25 20:00:00,199270.67,202045.72,199783.13,201737.1313127339,203411.9043289902,190864.0049178119
2023-07-25 21:00:00,198213.57,200324.29,198544.96,200533.5666068235,202135.0092141716,191690.72177431028
2023-07-25 22:00:00,195831.48,198919.68,197825.33,199710.2234644371,200378.48587838424,193071.69910626972
2023-07-25 23:00:00,192080.83,195507.36,193602.03,196163.20852131827,197442.23182026585,190781.64651335886
2023-07-26 00:00:00,186493.95,191534.9,187415.24,187871.32901162107,189060.97429435162,185963.55293110994
2023-07-26 01:00:00,181811.23,186964.04,182447.13,183398.10731930498,185265.89994123977,180179.6091391349
2023-07-26 02:00:00,177249.9,183247.23,177799.22,179391.85810704928,181188.0869331701,174928.09111894772
2023-07-26 03:00:00,173883.75,180205.42,174968.52,176530.45312778212,178120.78202355243,170754.81208077414
2023-07-26 04:00:00,171998.29,178493.2,174189.67,175363.56467458434,177104.36032432536,168812.0517311877
2023-07-26 05:00:00,172070.25,179032.46,175102.82,176160.24759385106,177316.20285354488,169165.9724574709
2023-07-26 06:00:00,175218.88,182632.89,180276.98,180008.40043763642,180741.41429169476,171897.56632718796
2023-07-26 07:00:00,178719.47,184947.63,183971.9,182644.24828366205,183015.5860406525,174493.61301819969
2023-07-26 08:00:00,181475.96,186041.18,186394.66,184603.95935079988,185086.52359503813,176950.3572683305
2023-07-26 09:00:00,186042.77,192930.45,193254.46,190704.00517889074,191900.82714251577,183104.04453599468
2023-07-26 10:00:00,189588.09,196221.62,197727.03,194652.16217148415,195038.6484000558,187537.65718643554
2023-07-26 11:00:00,190106.97,196777.85,198838.4,195975.22738218112,196045.0092997879,189486.9159094668
2023-07-26 12:00:00,189723.88,195391.5,197820.49,195272.6148345572,194877.88082797494,190065.86165723705
2023-07-26 13:00:00,185215.5,192497.15,193855.53,192445.88390705647,191952.7870843455,188106.8404608104
2023-07-26 14:00:00,186810.44,195529.48,194920.96,194111.210247599,194390.2492005538,189733.9893429548
2023-07-26 15:00:00,185509.17,195500.37,194818.53,193769.73456517007,194409.72615376388,190240.7791064084
2023-07-26 16:00:00,182904.48,192054.39,191499.09,189748.15203792212,190813.4161051597,185087.63961806413
2023-07-26 17:00:00,181484.62,187927.41,187565.05,185449.96554720437,186838.68035019565,178920.8440645911
2023-07-26 18:00:00,183455.68,188633.98,186619.5,185748.91885772493,187085.07957006097,176040.22060693175
2023-07-26 19:00:00,192814.46,197371.69,196750.91,195313.34053423096,195858.0895618156,184792.8246726495
2023-07-26 20:00:00,194325.41,199270.67,199467.55,197713.35467578738,198407.59188337246,187648.6649475451
2023-07-26 21:00:00,195034.66,198213.57,198284.29,196788.76319424956,197095.48438637346,188175.5370677592
2023-07-26 22:00:00,192323.86,195831.48,197631.81,195415.32731722292,194863.83008594264,189287.19739934718
2023-07-26 23:00:00,188439.58,192080.83,193712.84,191860.49603710297,191215.12886807168,186698.9151661056
2023-07-27 00:00:00,182677.47,186493.95,188976.63,181547.33903745175,181936.4662199968,182006.88522198558
2023-07-27 01:00:00,177776.7,181811.23,184882.24,177381.68567071785,177175.64097857804,175781.19527915062
2023-07-27 02:00:00,173823.26,177249.9,180858.8,173450.75552604927,173447.31298633397,170443.80271327554
2023-07-27 03:00:00,171018.92,173883.75,178065.83,170571.7061879722,170636.07576570965,166333.26356831356
2023-07-27 04:00:00,169768.09,171998.29,176858.38,169249.52617675447,169346.70163532917,164458.8661139511
2023-07-27 05:00:00,170041.2,172070.25,178632.36,170318.99427268284,170337.87927025295,165190.93059093732
2023-07-27 06:00:00,174096.93,175218.88,183783.23,174545.8400890661,174274.01357519155,168187.39000734774
2023-07-27 07:00:00,176496.16,178719.47,186602.71,177798.99776604565,177123.65405261292,170172.12093184513
2023-07-27 08:00:00,179583.78,181475.96,188896.77,180303.21722907203,179731.86411612897,172177.69178602635
2023-07-27 09:00:00,185208.21,186042.77,195342.27,185723.75947883472,185688.3127073552,178671.69908544276
2023-07-27 10:00:00,189617.05,189588.09,199882.09,189722.4753407873,190351.66022845724,183338.6977687259
2023-07-27 11:00:00,190879.69,190106.97,200552.94,190574.8857940354,190579.7032790768,185308.69925106672
2023-07-27 12:00:00,190223.39,189723.88,199987.56,189974.07668019444,189940.02473869373,184995.5603030108
2023-07-27 13:00:00,187629.63,185215.5,197565.65,186863.04390788072,187324.4211550904,181768.2418112327
2023-07-27 14:00:00,189527.09,186810.44,199305.26,188556.7618057336,189042.16628257316,182050.2137886436
2023-07-27 15:00:00,190680.57,185509.17,199778.25,188120.6738912952,189471.30071528495,181211.93595836987
2023-07-27 16:00:00,186873.64,182904.48,196810.95,185098.29127213822,186596.9662717462,178437.87567778188
2023-07-27 17:00:00,183078.86,181484.62,192793.85,182022.82933455482,183437.35119044944,173987.58345479955
2023-07-27 18:00:00,186236.8,183455.68,191664.14,182465.30617674894,183776.38727545898,171926.3922165923
2023-07-27 19:00:00,196492.56,192814.46,200357.65,190932.2948826875,192177.80855724288,180896.0999105503
2023-07-27 20:00:00,197832.96,194325.41,202872.99,192535.0459974675,194333.15835976446,183996.8877383357
2023-07-27 21:00:00,196115.82,195034.66,201632.92,191958.87061109077,194003.71012891908,184321.78613002837
2023-07-27 22:00:00,194287.73,192323.86,200576.48,190206.74321360188,192001.29354811242,185148.07679576345
2023-07-27 23:00:00,190482.13,188439.58,198509.44,187082.28548001204,190087.62186755537,182158.66305454195
2023-07-28 00:00:00,184665.57,182677.47,194370.85,184019.3369586153,185684.7734549227,183872.60993268693
2023-07-28 01:00:00,180046.01,177776.7,190102.74,179512.5905870043,181664.90381845643,178115.1346344974
2023-07-28 02:00:00,175992.32,173823.26,186578.37,175806.08466976526,178326.06363082034,173336.08592042528
2023-07-28 03:00:00,173112.95,171018.92,184189.73,173090.45844743794,175674.6449649172,169421.73761958382
2023-07-28 04:00:00,171999.88,169768.09,183147.12,171845.61414940492,174578.04177059088,167569.89750521758
2023-07-28 05:00:00,172235.65,170041.2,183019.8,172245.6120604414,175149.17369880652,168435.47054074082
2023-07-28 06:00:00,175884.18,174096.93,186849.4,176146.9819540762,178866.316776769,171167.4859755019
2023-07-28 07:00:00,178946.05,176496.16,190540.17,179075.3250789354,182265.85236415997,173116.16485633948
2023-07-28 08:00:00,181185.17,179583.78,193922.07,181708.49763680866,185175.8114180274,176790.27873674777
2023-07-28 09:00:00,186187.53,185208.21,200629.31,187706.76993799602,191836.77249078348,183937.63328500898
2023-07-28 10:00:00,190450.74,189617.05,205183.43,191827.12662850707,195430.6639746294,189088.8053430051
2023-07-28 11:00:00,190436.72,190879.69,206302.58,192838.10377446082,196018.3555616102,191234.76093036565
2023-07-28 12:00:00,189667.34,190223.39,205006.14,191890.46058980466,194907.13733576002,191572.72501412564
2023-07-28 13:00:00,185944.05,187629.63,202055.76,188941.78695987,191846.67701826218,188675.051190103
2023-07-28 14:00:00,187482.8,189527.09,202794.48,190479.72053660106,193457.05287946152,189896.2258975727
2023-07-28 15:00:00,187648.99,190680.57,200307.57,190161.22321859444,192937.96674148156,190695.14705069776
2023-07-28 16:00:00,184181.56,186873.64,194458.43,186057.01104872438,187901.7227409346,186150.1792473204
2023-07-28 17:00:00,181822.73,183078.86,190788.91,182416.82341304692,184323.83899255356,180637.52926008566
2023-07-28 18:00:00,183564.31,186236.8,190271.3,183729.90666497085,185245.9287098754,177883.2121061106
2023-07-28 19:00:00,193499.03,196492.56,200392.28,193169.16133120895,195717.17236048586,187036.4381023377
2023-07-28 20:00:00,193678.25,197832.96,201253.33,194318.39814036747,196387.62958547618,189828.8991750294
2023-07-28 21:00:00,192393.78,196115.82,199735.22,192996.6098922491,194415.08537984558,190059.84083183575
2023-07-28 22:00:00,190698.52,194287.73,199365.29,191512.61214631627,194004.4146317876,190682.34324051597
2023-07-28 23:00:00,186654.76,190482.13,197507.15,188369.2839014807,191096.26594928515,187927.0705006321
2023-07-29 00:00:00,180952.51,184665.57,192546.65,178198.2787027879,181974.1410524983,180446.26482532444
2023-07-29 01:00:00,176447.32,180046.01,188690.2,174000.66133118747,178698.94723930766,174413.06014735112
2023-07-29 02:00:00,172517.32,175992.32,185025.37,170172.00032940408,174857.3411780209,169287.3062079488
2023-07-29 03:00:00,169462.82,173112.95,181276.45,167125.95816382233,171769.29162163765,165278.8804521959
2023-07-29 04:00:00,167470.08,171999.88,179893.24,165875.46062664702,170351.44581221018,163282.1306448982
2023-07-29 05:00:00,167091.87,172235.65,179075.22,165984.2972438595,170089.83264573332,163589.40951477218
2023-07-29 06:00:00,169845.66,175884.18,181709.26,169320.13917476634,172796.22885074725,166136.91994148528
2023-07-29 07:00:00,173470.21,178946.05,184052.41,172166.25459992967,175497.73768369236,167645.87651552333
2023-07-29 08:00:00,178205.16,181185.17,186701.8,174653.38352116643,177461.03212670027,169896.61101557885
2023-07-29 09:00:00,185620.26,186187.53,192978.51,179855.6193742151,182000.08723670922,176201.87827608228
2023-07-29 10:00:00,188794.9,190450.74,196456.47,183555.65091959012,185839.724808647,180393.0954483487
2023-07-29 11:00:00,188482.54,190436.72,195216.58,183522.3896510554,186112.49642019917,182265.1945166958
2023-07-29 12:00:00,186967.1,189667.34,193809.86,182694.82821926055,184920.9978731821,182305.88214538596
2023-07-29 13:00:00,183635.12,185944.05,190632.55,179258.44751526322,182345.8731697055,179478.66309270513
2023-07-29 14:00:00,184112.81,187482.8,191564.14,180518.1875947474,182948.10515227716,180397.96009097647
2023-07-29 15:00:00,181751.62,187648.99,190851.47,180188.18464482116,182690.1313637516,179485.6397569766
2023-07-29 16:00:00,178467.16,184181.56,185850.73,176615.49636074962,178701.18267079513,174515.88862868183
2023-07-29 17:00:00,174975.77,181822.73,182662.43,174000.64523095838,176566.1708655281,168704.57836198062
2023-07-29 18:00:00,174637.41,183564.31,183842.7,175515.7104194983,178260.5386947028,166586.61283342176
2023-07-29 19:00:00,186303.41,193499.03,193494.31,184652.03430649365,187811.73130007903,176244.73901824432
2023-07-29 20:00:00,190212.39,193678.25,195551.74,185549.15761040343,188327.23618974967,179027.42865713348
2023-07-29 21:00:00,190626.65,192393.78,195195.65,184871.84410232506,187599.16655511464,179100.96583284557
2023-07-29 22:00:00,190241.99,190698.52,195177.52,183534.8529636734,187062.62021768608,179697.77048169577
2023-07-29 23:00:00,187656.91,186654.76,192084.55,180073.33788765734,184232.99798851108,177631.30867591785
2023-07-30 00:00:00,182910.66,180952.51,187519.11,175496.26413822963,176043.16746568616,182250.9044194969
2023-07-30 01:00:00,178903.94,176447.32,183489.19,171246.09785135998,171570.0207213468,176773.3624251174
2023-07-30 02:00:00,174855.67,172517.32,179508.41,167471.31403035505,168044.01002584893,171731.28743213398
2023-07-30 03:00:00,171885.53,169462.82,176674.14,164690.36108921623,165456.47672527554,167369.0530998464
2023-07-30 04:00:00,170384.01,167470.08,175358.55,163223.9746295219,164128.16541464848,165015.00272782845
2023-07-30 05:00:00,170131.58,167091.87,175041.99,163215.9332368871,163889.65355142255,164435.37219772997
2023-07-30 06:00:00,171942.61,169845.66,175685.61,165703.62611108704,165477.24881183179,165259.918796859
2023-07-30 07:00:00,173342.28,173470.21,175655.53,167954.3831128313,167810.8326295228,165673.07030727816
2023-07-30 08:00:00,175152.66,178205.16,177316.21,171032.32868344735,170765.2016985444,166878.35730111823
2023-07-30 09:00:00,179627.91,185620.26,181027.4,176452.2304761727,176273.98448346992,170922.20867126156
2023-07-30 10:00:00,182673.7,188794.9,185178.31,180006.5021389856,178739.16032445844,174158.43799858776
2023-07-30 11:00:00,183803.49,188482.54,188217.09,180995.77802337342,179711.54861910513,176401.34891394997
2023-07-30 12:00:00,184689.25,186967.1,189325.57,180486.87140142973,179836.2819068382,176480.60301613095
2023-07-30 13:00:00,183466.6,183635.12,188022.67,178016.52386184144,177279.96866668778,174968.90952343072
2023-07-30 14:00:00,183286.25,184112.81,187895.86,178616.3278875427,177501.43932878313,174745.6516542637
2023-07-30 15:00:00,181487.53,181751.62,186477.34,177534.14067401818,176144.55490781975,173588.88648356518
2023-07-30 16:00:00,176563.27,178467.16,180596.64,173484.03299301202,171460.43981106766,168403.86072807657
2023-07-30 17:00:00,171851.44,174975.77,175306.96,169606.17681691132,168385.4666975053,162875.5448646761
2023-07-30 18:00:00,174246.38,174637.41,177145.87,170688.83189293652,170191.93009217604,161461.82191626652
2023-07-30 19:00:00,187779.5,186303.41,189356.68,181453.00052022914,182706.69036653545,173044.71458176352
2023-07-30 20:00:00,192940.66,190212.39,194145.78,184495.97390811838,187290.246855761,178816.35466293796
2023-07-30 21:00:00,193114.92,190626.65,194502.55,184260.0188615579,187092.51698995428,180342.03230875137
2023-07-30 22:00:00,192814.18,190241.99,193850.15,183481.6516962669,186649.1019342497,181549.1456976666
2023-07-30 23:00:00,190322.48,187656.91,190988.47,180557.9974998127,183405.04906286992,179620.88942918737
2023-07-31 00:00:00,184710.59,182910.66,186134.54,185499.8405777512,180761.86190283025,184722.995711386
2023-07-31 01:00:00,180032.07,178903.94,182440.45,181381.09247050277,176940.2346652642,179558.65803527102
2023-07-31 02:00:00,176526.47,174855.67,178966.01,177501.67628770607,173795.13715087067,175144.88902512233
2023-07-31 03:00:00,173763.49,171885.53,176409.98,174670.28624985617,171211.00846961793,171631.62915430628
2023-07-31 04:00:00,172652.03,170384.01,175694.93,173529.8622561389,170105.0711666561,170735.92691720935
2023-07-31 05:00:00,174101.31,170131.58,177645.1,174262.98023586295,171498.0576477308,171779.04586899903
2023-07-31 06:00:00,179143.1,171942.61,183083.61,177966.045815716,176258.39757241658,176956.2990958974
2023-07-31 07:00:00,184066.95,173342.28,186531.99,180793.17580563945,181229.11139334366,181647.8756222332
2023-07-31 08:00:00,188489.3,175152.66,189846.31,183535.18232978994,185086.14278067142,185103.93789474736
2023-07-31 09:00:00,197299.35,179627.91,195481.02,188929.30008282527,190981.51774063185,191933.94253458173
2023-07-31 10:00:00,202441.92,182673.7,200608.04,192952.39313030965,195631.2363817679,197102.83730266214
2023-07-31 11:00:00,203244.78,183803.49,202353.9,193964.23105582566,196988.79802370936,199051.74919540843
2023-07-31 12:00:00,203296.62,184689.25,201589.53,193681.5791850068,196386.95263798954,198635.6369662045
2023-07-31 13:00:00,200375.7,183466.6,199735.79,191494.0520702939,194171.92635030343,195975.19679016504
2023-07-31 14:00:00,202327.76,183286.25,202190.95,192494.1908499834,195310.60278867045,197297.8173367975
2023-07-31 15:00:00,201957.05,181487.53,201815.18,191558.46859349264,193880.46961485117,197722.29818366724
2023-07-31 16:00:00,195199.13,176563.27,196933.02,187073.49213376397,190015.54558611423,193560.79886514545
2023-07-31 17:00:00,188821.78,171851.44,192385.6,182902.10954180974,185868.19724855392,187840.6327818166
2023-07-31 18:00:00,188890.96,174246.38,192101.88,184078.6109697351,188358.8304154884,186468.0489997949
2023-07-31 19:00:00,199718.28,187779.5,200307.97,194840.73837130854,196947.38630416052,194957.88396617136
2023-07-31 20:00:00,201229.76,192940.66,202045.72,197558.1186834761,198885.1791800643,197389.25863323148
2023-07-31 21:00:00,200629.47,193114.92,200324.29,196795.01508521245,197369.71927235174,197391.30877648617
2023-07-31 22:00:00,199841.69,192814.18,198919.68,195844.3002084339,196951.04144351135,197400.7390669375
2023-07-31 23:00:00,196988.5,190322.48,195507.36,192678.68692993594,193657.7800281989,194795.96296822984
2023-08-01 00:00:00,192465.51,184710.59,191534.9,194822.01463481082,192107.85114020496,191734.57027938662
2023-08-01 01:00:00,188212.41,180032.07,186964.04,190065.6869203844,188052.1857049839,186838.7520031446
2023-08-01 02:00:00,183623.18,176526.47,183247.23,186201.6086089444,184559.49527031556,182902.16269694714
2023-08-01 03:00:00,180258.13,173763.49,180205.42,183151.2656450189,181808.77435044711,179565.2482609473
2023-08-01 04:00:00,179101.27,172652.03,178493.2,181618.46337312702,180918.99683344254,178246.42795581417
2023-08-01 05:00:00,180244.66,174101.31,179032.46,182425.978829829,181200.14213538927,179206.72359589534
2023-08-01 06:00:00,185493.65,179143.1,182632.89,186573.9534397646,185024.31751022098,183363.10978776295
2023-08-01 07:00:00,189692.91,184066.95,184947.63,190264.44923206978,188804.8101893913,186768.4682788778
2023-08-01 08:00:00,190747.49,188489.3,186041.18,193479.9165418106,192186.87004787882,189045.27507178954
2023-08-01 09:00:00,196642.93,197299.35,192930.45,201214.08463492047,199601.57382036315,195254.7658422112
2023-08-01 10:00:00,200957.05,202441.92,196221.62,205330.5726650213,204371.14934966443,200040.96804752224
2023-08-01 11:00:00,202224.18,203244.78,196777.85,205888.60767010806,205227.34416985518,201153.90786886058
2023-08-01 12:00:00,201524.19,203296.62,195391.5,205160.72234158343,204908.11170752457,200853.2300767446
2023-08-01 13:00:00,199570.27,200375.7,192497.15,202112.21402849475,201997.15563679626,197349.7846230501
2023-08-01 14:00:00,202119.53,202327.76,195529.48,203942.86488841346,204566.15800275607,198489.96013055797
2023-08-01 15:00:00,202156.81,201957.05,195500.37,203201.7492531543,203301.31192462659,197811.1723726623
2023-08-01 16:00:00,197925.31,195199.13,192054.39,198272.8122503319,196883.99020960182,193463.10422151
2023-08-01 17:00:00,193338.9,188821.78,187927.41,193241.62359308786,191474.12836083717,189107.27746528434
2023-08-01 18:00:00,193197.76,188890.96,188633.98,193762.75383154946,191866.3974080426,188068.52865613758
2023-08-01 19:00:00,202298.14,199718.28,197371.69,204495.7805496741,201573.97463326546,197088.0332753169
2023-08-01 20:00:00,204365.24,201229.76,199270.67,206735.59649379147,203030.28918199177,199589.2570642348
2023-08-01 21:00:00,202730.87,200629.47,198213.57,206060.11027567927,202428.75617399946,199469.33268463647
2023-08-01 22:00:00,201937.25,199841.69,195831.48,204771.15505961742,201206.12767956563,199826.61154245157
2023-08-01 23:00:00,198121.29,196988.5,192080.83,201498.539821581,198627.28189417353,196667.49695491302
2023-08-02 00:00:00,192444.41,192465.51,186493.95,196200.098793282,195061.7045541331,192550.87680463
2023-08-02 01:00:00,188004.06,188212.41,181811.23,191607.17747877337,191357.37208343597,187555.6723774688
2023-08-02 02:00:00,183548.64,183623.18,177249.9,187046.4753786325,186903.870277135,183090.73063256784
2023-08-02 03:00:00,180215.13,180258.13,173883.75,183719.51479890154,183740.74885354054,179908.91631489422
2023-08-02 04:00:00,178180.21,179101.27,171998.29,182261.1123106316,181744.39759179094,178782.6061975725
2023-08-02 05:00:00,178488.1,180244.66,172070.25,182938.0834659053,182101.17337279386,179682.95458829307
2023-08-02 06:00:00,182752.76,185493.65,175218.88,187115.53289898607,187008.7934021841,183992.75191982652
2023-08-02 07:00:00,186707.51,189692.91,178719.47,190879.51511271283,190363.62477375273,187419.86327312762
2023-08-02 08:00:00,188039.12,190747.49,181475.96,193117.66359044513,192114.65543576574,189835.7118778698
2023-08-02 09:00:00,192877.07,196642.93,186042.77,198835.32014417206,197931.18782631974,196091.0807263859
2023-08-02 10:00:00,195590.23,200957.05,189588.09,202882.16680539268,201767.99027127557,200077.46040331858
2023-08-02 11:00:00,196206.73,202224.18,190106.97,203855.3803647462,202293.32687422895,201403.49001468954
2023-08-02 12:00:00,195452.65,201524.19,189723.88,203534.74728630998,201673.1128575172,201264.79203510087
2023-08-02 13:00:00,194190.76,199570.27,185215.5,200504.62355120687,199684.6846211728,198454.4042300422
2023-08-02 14:00:00,195931.93,202119.53,186810.44,202125.91013760335,201417.50705665012,199798.873685536
2023-08-02 15:00:00,196286.34,202156.81,185509.17,201306.45177865482,201506.53604347736,200059.1474050138
2023-08-02 16:00:00,192523.33,197925.31,182904.48,197187.5647723709,196927.40635840452,196106.2467384575
2023-08-02 17:00:00,188319.83,193338.9,181484.62,193385.81929676724,193101.48849909985,191178.19327167666
2023-08-02 18:00:00,188796.97,193197.76,183455.68,194479.8819860202,193563.87141216404,189726.44930425633
2023-08-02 19:00:00,198593.4,202298.14,192814.46,204964.56612388048,202452.05603722882,198974.12932003662
2023-08-02 20:00:00,199433.78,204365.24,194325.41,207296.36123698248,204492.42585422547,201442.56092098806
2023-08-02 21:00:00,198173.0,202730.87,195034.66,206745.3087786626,203516.49393173007,201412.83376648734
2023-08-02 22:00:00,196575.31,201937.25,192323.86,205320.98149494882,202041.75665334787,201470.56396213468
2023-08-02 23:00:00,192233.51,198121.29,188439.58,201654.18394582247,198840.68428043922,198147.13214290948
2023-08-03 00:00:00,187544.62,192444.41,182677.47,190450.24738244765,190342.7585336083,186756.0079471143
2023-08-03 01:00:00,183188.75,188004.06,177776.7,185813.65465246956,186126.0578974008,181598.71107448093
2023-08-03 02:00:00,179085.52,183548.64,173823.26,181667.21558422074,182400.94279756336,177143.4462876964
2023-08-03 03:00:00,176180.49,180215.13,171018.92,178617.3268005101,179327.6960360989,173898.11995639198
2023-08-03 04:00:00,174615.61,178180.21,169768.09,177139.3140021482,177734.25779992878,172601.1720663135
2023-08-03 05:00:00,176098.01,178488.1,170041.2,177897.60668144986,177770.07893251415,174186.14986515458
2023-08-03 06:00:00,182204.29,182752.76,174096.93,182505.78878869204,181420.7830800705,178391.7567167228
2023-08-03 07:00:00,186024.51,186707.51,176496.16,186260.08740313863,184674.56776821945,180999.9145265348
2023-08-03 08:00:00,188180.15,188039.12,179583.78,188817.63034328475,186395.33227797417,183144.89715699462
2023-08-03 09:00:00,194924.4,192877.07,185208.21,194876.25782394005,192126.22397959698,189511.9286491195
2023-08-03 10:00:00,198157.67,195590.23,189617.05,198822.37172338518,195408.87707860657,193620.076444266
2023-08-03 11:00:00,198794.98,196206.73,190879.69,199732.96446513289,196262.34900563085,194697.58982162937
2023-08-03 12:00:00,198355.98,195452.65,190223.39,199131.93201284652,195791.1273950818,194033.8931943747
2023-08-03 13:00:00,196639.39,194190.76,187629.63,196937.82803557403,194386.81297117934,190528.44464386252
2023-08-03 14:00:00,200036.55,195931.93,189527.09,198775.5595959122,195483.16467293006,190720.4618869107
2023-08-03 15:00:00,199489.63,196286.34,190680.57,199195.6825444552,195936.38813412105,190191.2846046629
2023-08-03 16:00:00,195823.46,192523.33,186873.64,194838.84919591347,191713.5926883681,188011.49371342204
2023-08-03 17:00:00,191889.75,188319.83,183078.86,190312.93523433842,187411.47109434567,184233.7390729831
2023-08-03 18:00:00,191193.0,188796.97,186236.8,191500.73859844857,188583.03740473892,183199.38706847816
2023-08-03 19:00:00,201197.7,198593.4,196492.56,201537.46992404736,198378.187683011,192104.9661758526
2023-08-03 20:00:00,202965.24,199433.78,197832.96,202700.8815890165,199621.63450234136,194744.7816344834
2023-08-03 21:00:00,202264.59,198173.0,196115.82,201287.68457127592,197722.0775260862,194354.16328200087
2023-08-03 22:00:00,201597.53,196575.31,194287.73,199817.75724865444,196294.1618110722,194297.67292779984
2023-08-03 23:00:00,197396.33,192233.51,190482.13,196053.7450861075,192252.06089972446,191221.36761940882
2023-08-04 00:00:00,191811.03,187544.62,184665.57,192061.2562764751,190592.0084897038,191533.38803285462
2023-08-04 01:00:00,185808.49,183188.75,180046.01,187569.67943252754,186499.040619885,186364.3021464602
2023-08-04 02:00:00,181924.24,179085.52,175992.32,183337.78838696095,182280.14310738727,182378.09760207887
2023-08-04 03:00:00,178594.09,176180.49,173112.95,180318.35277871523,179356.79836377405,179052.07516530412
2023-08-04 04:00:00,177226.89,174615.61,171999.88,178979.00683492827,177956.85989017176,177870.29197729338
2023-08-04 05:00:00,179265.32,176098.01,172235.65,179937.59238748235,179032.08487556333,179268.16462815797
2023-08-04 06:00:00,184943.6,182204.29,175884.18,185000.43048822277,184479.32567698453,184000.596018266
2023-08-04 07:00:00,189208.03,186024.51,178946.05,188828.86332643143,187841.77322695302,187437.90803445966
2023-08-04 08:00:00,191684.21,188180.15,181185.17,190903.19669548792,189857.80894889994,189906.66308693387
2023-08-04 09:00:00,198645.16,194924.4,186187.53,196893.63853096438,195741.57278725348,196600.4309565074
2023-08-04 10:00:00,203114.09,198157.67,190450.74,200733.28022734492,199103.6989426662,201375.9985088696
2023-08-04 11:00:00,203429.05,198794.98,190436.72,201305.56200371115,200508.32147966741,202993.6463611645
2023-08-04 12:00:00,202415.37,198355.98,189667.34,200602.56473385578,199477.8744119086,202504.3941022315
2023-08-04 13:00:00,199205.32,196639.39,185944.05,198067.60234843602,198129.36300205445,199245.3600088878
2023-08-04 14:00:00,199708.17,200036.55,187482.8,200397.53355514866,200149.47675144422,200239.75044148782
2023-08-04 15:00:00,200464.97,199489.63,187648.99,200132.53980745692,199493.58181018307,200371.58557180068
2023-08-04 16:00:00,196179.18,195823.46,184181.56,196239.09926298278,195529.85925441363,195799.32478069028
2023-08-04 17:00:00,191314.8,191889.75,181822.73,192615.3556668041,192223.24893785617,191065.74378962096
2023-08-04 18:00:00,191233.84,191193.0,183564.31,192986.41983280043,191857.53902863484,189320.92180769017
2023-08-04 19:00:00,202164.21,201197.7,193499.03,202883.84128306742,201182.45330859922,198827.99292013826
2023-08-04 20:00:00,202245.76,202965.24,193678.25,203946.35551171057,202432.5756254742,201230.70009593468
2023-08-04 21:00:00,200763.75,202264.59,192393.78,202693.17830319397,201715.76201930633,200870.44446650447
2023-08-04 22:00:00,200232.74,201597.53,190698.52,201560.7789358585,201336.5217317074,200915.6954659786
2023-08-04 23:00:00,197092.12,197396.33,186654.76,197541.75057759817,197293.27942411733,197952.03981862523
2023-08-05 00:00:00,192677.52,191811.03,180952.51,191038.57295168645,192557.42561328827,191689.55120927605
2023-08-05 01:00:00,188066.38,185808.49,176447.32,185997.78747825252,187457.82642890923,186671.42060035892
2023-08-05 02:00:00,183837.4,181924.24,172517.32,181945.83152536704,183858.6971082085,182258.28352989187
2023-08-05 03:00:00,180937.28,178594.09,169462.82,178699.175505501,180058.13396639953,178518.57597024445
2023-08-05 04:00:00,179647.93,177226.89,167470.08,177018.75230969634,178622.91231527648,176930.9645638955
2023-08-05 05:00:00,180904.31,179265.32,167091.87,177888.09627554155,179653.231892711,177348.33717542357
2023-08-05 06:00:00,185609.41,184943.6,169845.66,182402.38340487814,184384.21313784874,180833.3297572055
2023-08-05 07:00:00,187637.7,189208.03,173470.21,186433.21731480837,187549.18869969656,182947.8104640001
2023-08-05 08:00:00,190873.75,191684.21,178205.16,189485.57344755981,189784.5318484284,185342.94646842388
2023-08-05 09:00:00,198120.97,198645.16,185620.26,196235.92028073638,195636.5824587413,191801.17712761764
2023-08-05 10:00:00,202792.67,203114.09,188794.9,199860.79638698642,199785.58023436405,195491.25277997268
2023-08-05 11:00:00,204211.46,203429.05,188482.54,199987.66656555186,199602.44286484024,196278.7230920353
2023-08-05 12:00:00,203357.4,202415.37,186967.1,198853.92644679156,199049.18129778598,195963.03159912582
2023-08-05 13:00:00,200474.86,199205.32,183635.12,195993.48527353257,196395.36981692814,193071.2249866435
2023-08-05 14:00:00,201929.78,199708.17,184112.81,196927.86710169975,197019.73299299632,193965.32278743148
2023-08-05 15:00:00,202036.94,200464.97,181751.62,196412.20054144927,196255.1698299087,193110.216577169
2023-08-05 16:00:00,197439.17,196179.18,178467.16,192499.47230912308,191630.59531914012,188567.0434080661
2023-08-05 17:00:00,191558.13,191314.8,174975.77,188302.67797488943,187802.66494288796,183598.36338766478
2023-08-05 18:00:00,192235.15,191233.84,174637.41,188332.39294748052,187528.87504700385,182627.47574485562
2023-08-05 19:00:00,202828.53,202164.21,186303.41,199203.47813349226,198773.99723395007,192620.44786870354
2023-08-05 20:00:00,204130.84,202245.76,190212.39,200742.7820475045,199490.55248354902,195478.98925081757
2023-08-05 21:00:00,202180.89,200763.75,190626.65,199914.49376539612,198778.42699647773,195424.90540859217
2023-08-05 22:00:00,201709.09,200232.74,190241.99,199196.09474397553,198387.75455949808,195445.5168735023
2023-08-05 23:00:00,198943.66,197092.12,187656.91,195892.00146691463,195220.1047065469,192865.79944126375
2023-08-06 00:00:00,195613.61,192677.52,182910.66,187447.97030528195,191185.1273186465,193675.35657440146
2023-08-06 01:00:00,190911.09,188066.38,178903.94,183027.02076337428,186976.61290101497,188655.529554039
2023-08-06 02:00:00,186621.54,183837.4,174855.67,178960.38227703737,183218.13382631756,184216.56023983235
2023-08-06 03:00:00,183047.36,180937.28,171885.53,176047.12383617167,180143.5382868137,180857.78636287182
2023-08-06 04:00:00,181286.7,179647.93,170384.01,174685.7815078382,178536.92757220057,179192.03037439863
2023-08-06 05:00:00,181675.02,180904.31,170131.58,175598.88197657102,178470.32025871193,179215.5195449296
2023-08-06 06:00:00,182465.44,185609.41,171942.61,179620.9972165811,181485.3022740937,180457.75169534245
2023-08-06 07:00:00,183361.62,187637.7,173342.28,181995.29503944455,181784.88873427274,180837.31951091083
2023-08-06 08:00:00,185370.24,190873.75,175152.66,184480.59319505648,184036.67489034613,182177.9485297346
2023-08-06 09:00:00,191147.42,198120.97,179627.91,190546.6838510719,189706.51175821427,186057.2759293174
2023-08-06 10:00:00,194089.08,202792.67,182673.7,194372.16160302886,193169.3998000089,189765.2908058289
2023-08-06 11:00:00,195698.02,204211.46,183803.49,195527.76657987686,194264.54326786526,192102.5594495976
2023-08-06 12:00:00,195228.15,203357.4,184689.25,195331.92754550275,193591.89941590506,192495.66374854115
2023-08-06 13:00:00,192839.16,200474.86,183466.6,193176.2458337747,191298.17767802227,191028.1848677555
2023-08-06 14:00:00,193700.32,201929.78,183286.25,194266.37143714313,191288.6133087546,191044.448138127
2023-08-06 15:00:00,192499.47,202036.94,181487.53,193634.4460312404,190381.15912352016,189852.78442853133
2023-08-06 16:00:00,188036.65,197439.17,176563.27,189110.45070363712,186676.81167021175,184404.90537156907
2023-08-06 17:00:00,181026.48,191558.13,171851.44,184117.91844694177,180271.21181186897,178799.51936855883
2023-08-06 18:00:00,179334.57,192235.15,174246.38,185115.62417750485,182218.45208494106,178191.12867031727
2023-08-06 19:00:00,190263.67,202828.53,187779.5,196422.53352946637,192992.7641922389,190135.32175458115
2023-08-06 20:00:00,194525.99,204130.84,192940.66,198861.17441833654,196610.38300471278,195841.43510294467
2023-08-06 21:00:00,194817.03,202180.89,193114.92,197857.21035432065,196763.4276535118,197189.57343490928
2023-08-06 22:00:00,194940.58,201709.09,192814.18,197337.78797617913,196341.98880314123,197907.07264661192
2023-08-06 23:00:00,191550.0,198943.66,190322.48,194370.87623412913,193334.9406117359,195849.37532549785
2023-08-07 00:00:00,186091.05,195613.61,184710.59,195333.10393229322,189876.87122584047,186461.97603667993
2023-08-07 01:00:00,181512.34,190911.09,180032.07,190373.52580393906,185176.5954444782,182066.1717112491
2023-08-07 02:00:00,177207.2,186621.54,176526.47,186377.77454294264,181588.30585708737,178085.0577087882
2023-08-07 03:00:00,174013.39,183047.36,173763.49,183170.7474066615,178658.44520764478,175037.1539281059
2023-08-07 04:00:00,172954.65,181286.7,172652.03,181793.18966014666,177517.89616526134,174468.9180209664
2023-08-07 05:00:00,176060.51,181675.02,174101.31,183092.82910879096,179061.98005845578,176165.32275816103
2023-08-07 06:00:00,181965.94,182465.44,179143.1,186891.97997999832,182654.17060471387,181843.59546403217
2023-08-07 07:00:00,188678.42,183361.62,184066.95,190128.1397838582,185806.0790787039,186163.22503284254
2023-08-07 08:00:00,191819.39,185370.24,188489.3,193271.6886939364,189231.9412884064,189544.82499425122
2023-08-07 09:00:00,199037.06,191147.42,197299.35,200489.52718050798,197517.87800902184,196181.94096867132
2023-08-07 10:00:00,205119.45,194089.08,202441.92,204730.0155889751,202899.8350183873,201292.1512178651
2023-08-07 11:00:00,206583.05,195698.02,203244.78,205842.26121200382,203959.56531347937,203240.49833393234
2023-08-07 12:00:00,206287.12,195228.15,203296.62,205349.94293860273,202545.5017534711,202969.29374079854
2023-08-07 13:00:00,203060.3,192839.16,200375.7,202517.55224158993,199624.73468459176,200674.4298073102
2023-08-07 14:00:00,204944.84,193700.32,202327.76,203754.57168091493,201239.65022588888,202557.88178175883
2023-08-07 15:00:00,205140.21,192499.47,201957.05,203294.3506921073,201106.50906180745,202765.21503146453
2023-08-07 16:00:00,201075.98,188036.65,195199.13,198017.63249746748,196307.11679441782,198108.76625557354
2023-08-07 17:00:00,196225.65,181026.48,188821.78,191743.61601468347,191253.3931248696,191980.39530053467
2023-08-07 18:00:00,196299.94,179334.57,188890.96,191259.45405731667,191030.95707211105,190673.85298003996
2023-08-07 19:00:00,205611.0,190263.67,199718.28,202115.18350964223,200800.69513580986,198727.80167770322
2023-08-07 20:00:00,205953.51,194525.99,201229.76,204231.1514694163,202614.6932350573,200699.41482622703
2023-08-07 21:00:00,205316.44,194817.03,200629.47,203510.58582027938,201371.46209636406,200182.47607406933
2023-08-07 22:00:00,204617.67,194940.58,199841.69,203032.00103233432,201077.97580638074,199787.47717234847
2023-08-07 23:00:00,200934.16,191550.0,196988.5,199842.22097843976,197659.33424133985,197153.97112960514
2023-08-08 00:00:00,195572.09,186091.05,192465.51,195919.59814462697,194982.7115644419,195880.15452544455
2023-08-08 01:00:00,191330.95,181512.34,188212.41,191327.30257615598,190677.67130287623,190941.61511183606
2023-08-08 02:00:00,186818.06,177207.2,183623.18,186881.24224214745,186711.55501033072,186983.63678184213
2023-08-08 03:00:00,183526.7,174013.39,180258.13,183605.38307808992,183361.9818977524,183691.64068183507
2023-08-08 04:00:00,182774.84,172954.65,179101.27,182391.42078945765,182187.17715432134,182284.15145361517
2023-08-08 05:00:00,185719.75,176060.51,180244.66,184304.90664158884,183902.5501688905,183049.24477639637
2023-08-08 06:00:00,191606.02,181965.94,185493.65,189471.65064144024,186718.64133426477,187082.45504920467
2023-08-08 07:00:00,195009.11,188678.42,189692.91,194053.4651295979,191323.3416642813,190030.66673471322
2023-08-08 08:00:00,197739.52,191819.39,190747.49,196447.63611716885,193085.95406601037,191781.91227954862
2023-08-08 09:00:00,204499.57,199037.06,196642.93,203271.1796580777,200183.80739417762,197787.15827940503
2023-08-08 10:00:00,210106.76,205119.45,200957.05,208213.15637700554,205866.48980501792,202170.28164327826
2023-08-08 11:00:00,210831.85,206583.05,202224.18,209581.20467184705,207496.82125952168,202998.9286290197
2023-08-08 12:00:00,210779.07,206287.12,201524.19,208935.3852750959,207309.3372950822,202512.9086699938
2023-08-08 13:00:00,207694.31,203060.3,199570.27,206145.24762797874,203688.89714695458,199271.4346090231
2023-08-08 14:00:00,210492.89,204944.84,202119.53,208110.58374628072,205479.8905395459,201095.32647631798
2023-08-08 15:00:00,212099.67,205140.21,202156.81,208085.14632307403,205825.15435384668,200533.64137193956
2023-08-08 16:00:00,206583.59,201075.98,197925.31,203772.34013701227,201343.72979596135,196195.50656224636
2023-08-08 17:00:00,201781.88,196225.65,193338.9,198590.99351425125,196740.60320773002,191756.08786776563
2023-08-08 18:00:00,200318.19,196299.94,193197.76,198679.71621105986,196694.78755883427,191224.3634836096
2023-08-08 19:00:00,205705.95,205611.0,202298.14,208420.05994226673,205778.6708632937,200323.99021586808
2023-08-08 20:00:00,204843.18,205953.51,204365.24,209759.1695438759,206677.82149461197,202639.1610109011
2023-08-08 21:00:00,203703.23,205316.44,202730.87,208490.2827304423,205641.74910609366,202096.04655912987
2023-08-08 22:00:00,202294.94,204617.67,201937.25,207715.9102128523,204735.52105691246,201668.63132211767
2023-08-08 23:00:00,200052.19,200934.16,198121.29,204096.1111102664,200931.8373722888,198445.35764143648
2023-08-09 00:00:00,196936.79,195572.09,192444.41,199954.76067185713,198905.9553744139,194386.90286655893
2023-08-09 01:00:00,192348.81,191330.95,188004.06,195386.14031086405,194862.59866443518,189460.56831343714
2023-08-09 02:00:00,188384.42,186818.06,183548.64,190827.92325028125,190489.10934163153,185007.12607718972
2023-08-09 03:00:00,185284.24,183526.7,180215.13,187400.57805150922,187058.56835714725,181841.55014384654
2023-08-09 04:00:00,184586.63,182774.84,178180.21,185960.17284025604,186228.6362746729,180647.45004300534
2023-08-09 05:00:00,187555.51,185719.75,178488.1,187577.7098593782,188435.2354208536,181468.59739834428
2023-08-09 06:00:00,193009.44,191606.02,182752.76,192119.07322207047,193574.79431166817,185515.4292379726
2023-08-09 07:00:00,195370.55,195009.11,186707.51,195760.0727046,197057.52061625544,188895.36282425854
2023-08-09 08:00:00,198073.92,197739.52,188039.12,198056.61444020754,199371.3566750361,191371.3096977516
2023-08-09 09:00:00,206851.98,204499.57,192877.07,204130.68049489515,205537.7925131491,197023.23756410554
2023-08-09 10:00:00,212747.47,210106.76,195590.23,208345.99525021465,211419.34070196413,200896.81500153398
2023-08-09 11:00:00,215253.15,210831.85,196206.73,209258.87132965223,212031.53818409092,201974.07536814339
2023-08-09 12:00:00,215413.45,210779.07,195452.65,208812.77948959934,211468.45359915102,201726.94892928805
2023-08-09 13:00:00,215051.79,207694.31,194190.76,206234.50623903662,208937.54766367187,198403.55794487044
2023-08-09 14:00:00,217204.7,210492.89,195931.93,208184.8838413757,211653.7821115322,200010.52271388398
2023-08-09 15:00:00,216608.66,212099.67,196286.34,208590.09426292306,212111.77361946017,199622.07539070197
2023-08-09 16:00:00,210741.52,206583.59,192523.33,203975.41019240976,206805.68905229107,196143.19653066824
2023-08-09 17:00:00,205293.99,201781.88,188319.83,199013.27102232265,202217.5276094956,192301.5887789508
2023-08-09 18:00:00,200491.49,200318.19,188796.97,198525.5971603673,201006.8838885592,191685.76494067203
2023-08-09 19:00:00,204994.8,205705.95,198593.4,207097.28401330241,206865.93512826422,200947.94055903718
2023-08-09 20:00:00,204283.69,204843.18,199433.78,207810.7719624762,205638.58985836038,202936.9988513483
2023-08-09 21:00:00,203889.47,203703.23,198173.0,206891.93970321838,204673.9116348176,202926.70853728056
2023-08-09 22:00:00,202618.89,202294.94,196575.31,205614.924366743,203979.3884217408,202114.5756788835
2023-08-09 23:00:00,201844.93,200052.19,192233.51,202175.39917151697,201291.2550229812,198524.39485942776
2023-08-10 00:00:00,199313.43,196936.79,187544.62,196464.98936547188,198638.56468789937,197454.19182509955
2023-08-10 01:00:00,195473.92,192348.81,183188.75,191859.5370032781,194130.93349748233,193535.83935319507
2023-08-10 02:00:00,191910.3,188384.42,179085.52,187650.72228033448,190291.7408941201,190086.93427001673
2023-08-10 03:00:00,189177.6,185284.24,176180.49,184539.92477262835,186885.65953133165,187605.00053085497
2023-08-10 04:00:00,188334.97,184586.63,174615.61,183466.26801846913,186495.4364035032,186805.14884160893
2023-08-10 05:00:00,189865.89,187555.51,176098.01,185960.96164388722,188487.0151950787,188179.49383396207
2023-08-10 06:00:00,193940.87,193009.44,182204.29,191887.92795112552,194413.29082871572,192817.0834647494
2023-08-10 07:00:00,197457.21,195370.55,186024.51,195808.28879987038,197080.49064189932,195872.00373485542
2023-08-10 08:00:00,201985.73,198073.92,188180.15,198544.98334554132,199709.67418378286,198497.16521135689
2023-08-10 09:00:00,209695.48,206851.98,194924.4,206221.81552559763,207775.6118125825,204839.76408005806
2023-08-10 10:00:00,217138.41,212747.47,198157.67,211263.90764461912,214021.94877890887,209383.3270009119
2023-08-10 11:00:00,220850.3,215253.15,198794.98,212778.72869509805,215875.688201176,210818.41147896397
2023-08-10 12:00:00,220999.39,215413.45,198355.98,212554.20598841974,216135.23444947845,210491.62121765566
2023-08-10 13:00:00,218571.32,215051.79,196639.39,210780.6677531677,214355.26196129504,207633.86571694232
2023-08-10 14:00:00,220740.73,217204.7,200036.55,213294.4699606531,216662.24431037478,208423.72081637167
2023-08-10 15:00:00,219585.34,216608.66,199489.63,213090.28091310727,216533.99021055613,208329.92177686753
2023-08-10 16:00:00,213296.17,210741.52,195823.46,208300.79741211102,210954.97374621066,205712.3043562761
2023-08-10 17:00:00,205462.85,205293.99,191889.75,203492.65410810767,205444.73152539722,201875.2524346839
2023-08-10 18:00:00,202685.24,200491.49,191193.0,201662.2965534417,201253.25703386875,202094.29586318397
2023-08-10 19:00:00,206383.36,204994.8,201197.7,209358.66708199456,205473.67536836097,211428.6746446745
2023-08-10 20:00:00,205376.25,204283.69,202965.24,209612.1451487564,205423.21843756654,213409.30283058123
2023-08-10 21:00:00,204732.24,203889.47,202264.59,208823.15585934106,204553.2783472831,212667.37283019943
2023-08-10 22:00:00,203595.58,202618.89,201597.53,207748.23671193494,203149.55308380237,212085.67343703686
2023-08-10 23:00:00,201828.84,201844.93,197396.33,204984.47324491115,202067.86427956267,208987.39898798303
2023-08-11 00:00:00,198382.45,199313.43,191811.03,201007.18910603476,201506.72302070272,196606.0906915578
2023-08-11 01:00:00,196302.58,195473.92,185808.49,196173.34557259196,197423.04633355336,192314.04236784505
2023-08-11 02:00:00,193984.88,191910.3,181924.24,192176.16328489917,193850.37143676844,188862.12974012486
2023-08-11 03:00:00,191776.22,189177.6,178594.09,189047.5365611346,191383.87420036158,186221.6362659249
2023-08-11 04:00:00,191409.41,188334.97,177226.89,188050.78737115048,189992.8905736037,185482.1707172197
2023-08-11 05:00:00,193046.83,189865.89,179265.32,190182.45673030423,192531.13094775937,186626.44150295792
2023-08-11 06:00:00,196024.75,193940.87,184943.6,195420.44571630025,196485.58666016956,191129.8497595247
2023-08-11 07:00:00,199541.22,197457.21,189208.03,199271.86017236745,199658.0079899647,194314.57262519476
2023-08-11 08:00:00,204976.42,201985.73,191684.21,202662.70486105396,203295.0811130127,196751.86263796894
2023-08-11 09:00:00,213880.62,209695.48,198645.16,210080.10119383127,211821.54242186487,203119.92289372397
2023-08-11 10:00:00,221384.73,217138.41,203114.09,216024.12775144717,218296.70690784394,208044.32883939942
2023-08-11 11:00:00,224250.43,220850.3,203429.05,217816.22284172103,220949.75590633872,209103.57011082073
2023-08-11 12:00:00,225159.99,220999.39,202415.37,217452.83841798178,221068.5172473741,208491.20454016016
2023-08-11 13:00:00,224282.25,218571.32,199205.32,214619.96383123475,219191.22880231132,204908.42533363172
2023-08-11 14:00:00,224731.79,220740.73,199708.17,216292.5973759708,221075.6994626615,205859.87694459944
2023-08-11 15:00:00,222155.15,219585.34,200464.97,216339.76353757948,220371.87786055336,205750.0144476593
2023-08-11 16:00:00,214290.56,213296.17,196179.18,210914.8412731713,214307.0600775257,201079.98484445247
2023-08-11 17:00:00,207148.5,205462.85,191314.8,204955.98480486244,207130.71872866133,196889.95308748225
2023-08-11 18:00:00,204851.92,202685.24,191233.84,203449.33440518906,204003.78379875433,196578.94376970368
2023-08-11 19:00:00,207957.73,206383.36,202164.21,210388.11416860548,206896.33995055465,206502.03323512367
2023-08-11 20:00:00,206926.67,205376.25,202245.76,209724.50954370337,206304.87645579563,207968.60518097156
2023-08-11 21:00:00,206608.8,204732.24,200763.75,208579.5182898281,205417.3811769748,206989.72822425704
2023-08-11 22:00:00,207172.51,203595.58,200232.74,207486.4611456167,204694.81022638516,206501.86407406395
2023-08-11 23:00:00,205639.81,201828.84,197092.12,205060.98467554836,202925.95806268745,203333.6175678976
2023-08-12 00:00:00,203528.65,198382.45,192677.52,200174.04706688705,200268.60434729824,201254.6688572317
2023-08-12 01:00:00,200949.79,196302.58,188066.38,196462.87452387135,198663.86932960144,197636.77185211875
2023-08-12 02:00:00,197273.53,193984.88,183837.4,192964.00232427087,196095.64614456863,194239.8820410329
2023-08-12 03:00:00,194874.15,191776.22,180937.28,190237.9898654783,193540.12312626842,191210.10143332373
2023-08-12 04:00:00,193278.8,191409.41,179647.93,189401.12189109603,192844.89486494038,190148.3687279298
2023-08-12 05:00:00,194555.61,193046.83,180904.31,191166.41413818457,194292.14845294232,190443.94151681746
2023-08-12 06:00:00,197540.67,196024.75,185609.41,195428.36608415394,197182.9606962386,194048.7492767781
2023-08-12 07:00:00,199782.72,199541.22,187637.7,198464.35067785054,199563.8015569593,196612.41585552157
2023-08-12 08:00:00,204057.03,204976.42,190873.75,202685.00470987166,205107.20219366418,199950.61053669735
2023-08-12 09:00:00,210879.78,213880.62,198120.97,210994.23726132818,212742.940434608,206701.59850389368
2023-08-12 10:00:00,216826.09,221384.73,202792.67,217123.56243216447,219904.5153448019,210047.8648432357
2023-08-12 11:00:00,218972.56,224250.43,204211.46,219362.94277515035,220967.7111663084,210116.50988771865
2023-08-12 12:00:00,220554.3,225159.99,203357.4,219331.86440502395,221800.84199123783,209178.17404049315
2023-08-12 13:00:00,219360.89,224282.25,200474.86,217528.5776669367,220740.75009204727,206227.25944769295
2023-08-12 14:00:00,221524.21,224731.79,201929.78,218712.33383447837,221570.32399109044,206890.68463413246
2023-08-12 15:00:00,219629.87,222155.15,202036.94,217462.6510960138,219790.63915949245,205706.13866528863
2023-08-12 16:00:00,213331.46,214290.56,197439.17,211300.64585032687,213922.71127032157,201609.05440624343
2023-08-12 17:00:00,206022.92,207148.5,191558.13,204927.0501052087,206518.33570965668,197458.43253042278
2023-08-12 18:00:00,204864.48,204851.92,192235.15,203297.35902174385,204814.31591900453,197212.7555930058
2023-08-12 19:00:00,211727.72,207957.73,202828.53,209720.33665392417,207842.65210903788,207537.4335383345
2023-08-12 20:00:00,211279.46,206926.67,204130.84,209630.92163693084,206299.25316977093,210156.48382138688
2023-08-12 21:00:00,210295.65,206608.8,202180.89,208661.21870383434,206595.8091880702,209991.77878568546
2023-08-12 22:00:00,210384.07,207172.51,201709.09,208308.2924846908,206780.58831851333,209795.53149576962
2023-08-12 23:00:00,208626.87,205639.81,198943.66,206363.25924683068,205642.120692604,207153.13253553858
2023-08-13 00:00:00,205864.27,203528.65,195613.61,199275.79283516746,204210.3268579675,204020.37512691226
2023-08-13 01:00:00,201353.08,200949.79,190911.09,195754.3128032247,201072.98581198513,200002.63146799215
2023-08-13 02:00:00,197350.73,197273.53,186621.54,191999.86359366841,197292.20119941002,196223.02917776076
2023-08-13 03:00:00,195325.33,194874.15,183047.36,189175.03202948123,194576.71548673155,193420.5640836709
2023-08-13 04:00:00,194338.15,193278.8,181286.7,187813.79943990178,192942.16224942217,192109.89748012525
2023-08-13 05:00:00,195170.02,194555.61,181675.02,188915.21514476163,194250.24375154864,192201.2692344911
2023-08-13 06:00:00,195081.78,197540.67,182465.44,191507.60340509098,195238.40159330078,193705.58638798376
2023-08-13 07:00:00,195527.03,199782.72,183361.62,193785.9227089018,195068.82273088556,194628.77092476597
2023-08-13 08:00:00,197743.35,204057.03,185370.24,197395.90197509146,198098.50670859843,196409.32749317988
2023-08-13 09:00:00,204519.55,210879.78,191147.42,204111.8922222437,204764.9010630983,200483.344591661
2023-08-13 10:00:00,211254.7,216826.09,194089.08,209334.99766234617,208142.82894353927,203716.43322133872
2023-08-13 11:00:00,214204.73,218972.56,195698.02,211566.8146352579,211151.9584812762,205447.8791563309
2023-08-13 12:00:00,215485.97,220554.3,195228.15,212093.68979332724,211018.50236437123,205925.60681950324
2023-08-13 13:00:00,214839.76,219360.89,192839.16,210242.63319940364,208789.70333032202,204316.5703562911
2023-08-13 14:00:00,214640.55,221524.21,193700.32,211675.91591223783,208905.47837685715,204047.08226161427
2023-08-13 15:00:00,210934.77,219629.87,192499.47,210091.65795819333,207058.845014678,202691.68022634892
2023-08-13 16:00:00,202821.24,213331.46,188036.65,204343.96454743238,202108.66081146302,197806.57471569625
2023-08-13 17:00:00,193367.15,206022.92,181026.48,197240.90391649675,194645.2628341007,192587.0631479479
2023-08-13 18:00:00,193153.31,204864.48,179334.57,195820.91675615127,192775.26440631508,193189.38000089204
2023-08-13 19:00:00,204739.06,211727.72,190263.67,203420.70803601915,202729.5804440263,205893.36710824736
2023-08-13 20:00:00,206497.77,211279.46,194525.99,204433.6059860528,204463.65959233887,211093.06882538166
2023-08-13 21:00:00,206637.23,210295.65,194817.03,203909.63950816373,203839.81778761008,211832.88245504146
2023-08-13 22:00:00,207355.29,210384.07,194940.58,203738.1680730813,204216.60639847702,211922.4087248407
2023-08-13 23:00:00,204381.77,208626.87,191550.0,201423.20204085534,201804.07207768614,209374.01312758488
2023-08-14 00:00:00,199165.35,205864.27,186091.05,203844.2712461469,200579.996622918,199003.25304681118
2023-08-14 01:00:00,194988.42,201353.08,181512.34,199737.865483206,195754.39926945735,194396.9900477086
2023-08-14 02:00:00,191750.82,197350.73,177207.2,195850.0864481576,192087.55935180443,190515.14282550983
2023-08-14 03:00:00,189527.8,195325.33,174013.39,193250.90899367206,189911.66404159015,187670.56878435798
2023-08-14 04:00:00,189017.43,194338.15,172954.65,192291.77601366022,188756.19505620116,186900.2808624484
2023-08-14 05:00:00,190621.66,195170.02,176060.51,194240.23866561617,190934.63988774337,188417.8987853374
2023-08-14 06:00:00,193594.07,195081.78,181965.94,197442.79401605154,193741.85390783328,194131.7935016248
2023-08-14 07:00:00,197487.09,195527.03,188678.42,201146.6820317841,198165.56888498052,198638.44512733328
2023-08-14 08:00:00,202913.46,197743.35,191819.39,204662.7064225725,203798.5132702187,202328.19606331675
2023-08-14 09:00:00,213252.96,204519.55,199037.06,212304.9420164261,212073.3989340341,209393.39425555588
2023-08-14 10:00:00,220981.48,211254.7,205119.45,218957.10403443183,220693.4207569654,214344.1782468472
2023-08-14 11:00:00,224643.38,214204.73,206583.05,221256.53376431667,223342.14441933332,215733.7216482136
2023-08-14 12:00:00,224891.12,215485.97,206287.12,221863.11813343785,224198.979773972,215135.59310144957
2023-08-14 13:00:00,221882.05,214839.76,203060.3,220017.84687066762,221515.32417937153,212344.9002104669
2023-08-14 14:00:00,222890.26,214640.55,204944.84,220895.08785869268,223396.45375135267,214130.41859410933
2023-08-14 15:00:00,221614.97,210934.77,205140.21,218952.08839415407,222222.31406491672,214291.19743792806
2023-08-14 16:00:00,213530.64,202821.24,201075.98,212286.4133953671,215650.8002625346,209277.3558448283
2023-08-14 17:00:00,205550.0,193367.15,196225.65,204939.33068418183,206758.61211304445,203483.84614921748
2023-08-14 18:00:00,202323.76,193153.31,196299.94,204472.06548778934,206256.69375623652,202886.52484064555
2023-08-14 19:00:00,208297.33,204739.06,205611.0,213631.43980239786,213073.2226497644,212279.30290688324
2023-08-14 20:00:00,206873.39,206497.77,205953.51,214115.16681710453,212749.20669515082,214121.76817088525
2023-08-14 21:00:00,206551.97,206637.23,205316.44,213658.64306936294,212053.29819977458,213300.862977325
2023-08-14 22:00:00,206486.49,207355.29,204617.67,213685.6030963202,212519.8579657201,212445.5569683101
2023-08-14 23:00:00,204021.16,204381.77,200934.16,210727.88518752652,210910.01548653006,209370.98605395533
2023-08-15 00:00:00,201573.0,199165.35,195572.09,199409.9147885344,202656.2716561044,199427.4691521641
2023-08-15 01:00:00,197685.34,194988.42,191330.95,195468.2828740243,199961.05719048923,194940.6100903597
2023-08-15 02:00:00,194396.49,191750.82,186818.06,191624.97454501697,196214.40479370017,191140.81518466613
2023-08-15 03:00:00,192435.3,189527.8,183526.7,189004.45549215315,193891.40213627912,188191.94690892086
2023-08-15 04:00:00,191545.21,189017.43,182774.84,188176.15862878013,192794.45568066512,187103.25768118174
2023-08-15 05:00:00,194148.46,190621.66,185719.75,190132.92850022958,194602.3130247233,188458.746526669
2023-08-15 06:00:00,195601.42,193594.07,191606.02,194001.9473954024,195881.15429941143,193154.15950038028
2023-08-15 07:00:00,194927.3,197487.09,195009.11,197314.92319064058,197495.26187082322,196671.5666903612
2023-08-15 08:00:00,196155.8,202913.46,197739.52,201221.83283069168,202477.19649026092,198449.2619244888
2023-08-15 09:00:00,203226.34,213252.96,204499.57,209242.60852814617,210204.82717512466,204602.1309466123
2023-08-15 10:00:00,208294.63,220981.48,210106.76,215640.10706448267,216735.9441132296,208797.1622774063
2023-08-15 11:00:00,210415.88,224643.38,210831.85,217883.5239409473,218544.67527251499,209855.90906823202
2023-08-15 12:00:00,212078.56,224891.12,210779.07,218255.92508781044,219286.20721848658,208995.44989970213
2023-08-15 13:00:00,210688.46,221882.05,207694.31,215741.9086401492,216573.740355099,206059.69134612818
2023-08-15 14:00:00,211028.14,222890.26,210492.89,217413.49335453587,217124.64662827647,208263.74452112618
2023-08-15 15:00:00,209266.85,221614.97,212099.67,216764.902833046,217650.56954794162,208293.9805893984
2023-08-15 16:00:00,201816.33,213530.64,206583.59,210083.84711977185,210284.83442613552,204406.50154669472
2023-08-15 17:00:00,191842.11,205550.0,201781.88,203346.38547568663,201907.7819113147,200387.3339687818
2023-08-15 18:00:00,188108.86,202323.76,200318.19,201592.01866767768,198981.68801010377,200403.48497192768
2023-08-15 19:00:00,197833.12,208297.33,205705.95,208178.09874275076,204136.41024535956,209374.0303741467
2023-08-15 20:00:00,200230.37,206873.39,204843.18,207441.60322416053,203486.66749600417,211064.80153520766
2023-08-15 21:00:00,200828.6,206551.97,203703.23,206606.70643336323,202200.40277644235,209878.7748524493
2023-08-15 22:00:00,201684.31,206486.49,202294.94,206125.11104912485,202293.98655478217,209008.53875326642
2023-08-15 23:00:00,200702.85,204021.16,200052.19,203721.92346809473,199992.86110588402,205358.10632183676
2023-08-16 00:00:00,196724.33,201573.0,196936.79,199297.34946010396,196296.25359913846,196397.0462412622
2023-08-16 01:00:00,192920.32,197685.34,192348.81,195057.407775077,191868.31472856668,192996.30702900604
2023-08-16 02:00:00,189818.62,194396.49,188384.42,191396.36175622809,188358.36791452786,189561.23739286614
2023-08-16 03:00:00,187352.83,192435.3,185284.24,189002.9682623169,186454.30749823776,187215.09465321124
2023-08-16 04:00:00,186606.82,191545.21,184586.63,188160.90712210152,185665.58250228735,186524.00928326935
2023-08-16 05:00:00,189377.78,194148.46,187555.51,190407.07575625877,189142.63954169842,187848.20664953513
2023-08-16 06:00:00,193795.79,195601.42,193009.44,193198.66381795215,191854.173057055,192650.04285599923
2023-08-16 07:00:00,198367.56,194927.3,195370.55,194462.37682318542,192085.77936390968,196836.23054124578
2023-08-16 08:00:00,204139.73,196155.8,198073.92,196718.52728274468,193943.9564732801,199562.21541598506
2023-08-16 09:00:00,216262.11,203226.34,206851.98,204321.7154354381,202423.819662194,205295.62692398235
2023-08-16 10:00:00,224826.23,208294.63,212747.47,209937.80164770214,208467.86531809036,209125.43405254424
2023-08-16 11:00:00,228952.75,210415.88,215253.15,212303.9940412699,210915.74348824812,210265.29973755416
2023-08-16 12:00:00,230191.74,212078.56,215413.45,213112.7882584467,211938.10624853373,209853.88006792523
2023-08-16 13:00:00,227801.65,210688.46,215051.79,211946.12911900898,210651.92140273564,206933.46852137437
2023-08-16 14:00:00,228950.46,211028.14,217204.7,212793.18893962834,212058.2113131997,208589.69443819363
2023-08-16 15:00:00,225972.64,209266.85,216608.66,211199.27718435813,210004.719779446,208403.34399489322
2023-08-16 16:00:00,219663.78,201816.33,210741.52,204387.2637697518,203932.0084398643,204774.9553262129
2023-08-16 17:00:00,211245.1,191842.11,205293.99,196523.51955316542,198835.21382444538,201266.58961218607
2023-08-16 18:00:00,207045.94,188108.86,200491.49,193579.71386801888,194913.51179344862,201325.6707097209
2023-08-16 19:00:00,210739.76,197833.12,204994.8,201670.66705474484,200602.64132169008,210642.9446327595
2023-08-16 20:00:00,208242.59,200230.37,204283.69,202453.65619598157,200675.45643826376,212128.25249720772
2023-08-16 21:00:00,207692.55,200828.6,203889.47,202362.52965919735,200805.92773767398,211679.02226150525
2023-08-16 22:00:00,208553.44,201684.31,202618.89,202275.1839135786,200147.08858373697,210303.69522479456
2023-08-16 23:00:00,207796.99,200702.85,201844.93,200650.6842047769,199085.4563113683,206362.2546026747
2023-08-17 00:00:00,204966.58,196724.33,199313.43,200918.69702209617,200901.19224845138,204851.76555048238
2023-08-17 01:00:00,202806.26,192920.32,195473.92,196941.3179932399,197100.99725839388,202021.92674070416
2023-08-17 02:00:00,200732.64,189818.62,191910.3,193548.15947690394,193642.1252510221,199405.89788484588
2023-08-17 03:00:00,198506.24,187352.83,189177.6,191034.48398692612,191016.5102624667,197589.1997525402
2023-08-17 04:00:00,197670.17,186606.82,188334.97,190265.4448573879,190165.68943567504,197151.49175562424
2023-08-17 05:00:00,198706.04,189377.78,189865.89,192455.714515523,192526.88987362894,198974.11744886532
2023-08-17 06:00:00,202072.35,193795.79,193940.87,196519.4366972165,196730.10876479125,204543.46524601767
2023-08-17 07:00:00,206332.45,198367.56,197457.21,200348.86846292746,199991.50559710403,208261.07343612053
2023-08-17 08:00:00,211928.29,204139.73,201985.73,205166.49832033936,205139.37689655655,210971.942351298
2023-08-17 09:00:00,220973.0,216262.11,209695.48,214914.54477935936,215951.32489524258,217562.05406974955
2023-08-17 10:00:00,227969.18,224826.23,217138.41,222388.20503800732,224845.26458382476,222019.87900105838
2023-08-17 11:00:00,230517.39,228952.75,220850.3,225909.6930726642,228391.03774592985,223374.73302348642
2023-08-17 12:00:00,230652.98,230191.74,220999.39,226505.28500467312,228994.3280404693,223011.27506434554
2023-08-17 13:00:00,227864.09,227801.65,218571.32,224007.82072748657,227166.9980223756,220746.18367173517
2023-08-17 14:00:00,230529.53,228950.46,220740.73,225441.16453377332,227990.1579002414,222623.8204281826
2023-08-17 15:00:00,228937.3,225972.64,219585.34,223573.4775093978,224961.71096976154,223017.18185863819
2023-08-17 16:00:00,221884.91,219663.78,213296.17,216992.08397570695,218255.00450270405,220229.16421282405
2023-08-17 17:00:00,213771.39,211245.1,205462.85,208963.86677635583,210119.33485658173,216070.56147117272
2023-08-17 18:00:00,209784.36,207045.94,202685.24,205750.2813215391,206258.11063039352,216106.90569600646
2023-08-17 19:00:00,211127.53,210739.76,206383.36,210789.15081781466,210274.7864269543,225466.22685414727
2023-08-17 20:00:00,207456.47,208242.59,205376.25,209466.43606464195,208110.84118237894,227165.04230149323
2023-08-17 21:00:00,209013.0,207692.55,204732.24,208890.47468071722,207727.76583906147,226270.88490490572
2023-08-17 22:00:00,209970.32,208553.44,203595.58,208800.8964429287,207969.92480548695,225453.85087751667
2023-08-17 23:00:00,207998.57,207796.99,201828.84,207148.36761482357,206690.67167769917,222106.45152465304
2023-08-18 00:00:00,206213.53,204966.58,198382.45,204796.09268879786,205702.75988147696,203688.60603986197
2023-08-18 01:00:00,203757.6,202806.26,196302.58,201931.4560662109,203206.16772730922,199558.67053753743
2023-08-18 02:00:00,200940.32,200732.64,193984.88,199307.9112017383,201772.7829924424,196484.95016030327
2023-08-18 03:00:00,197651.26,198506.24,191776.22,197021.52653188503,199549.46887416678,194039.77450022232
2023-08-18 04:00:00,196786.51,197670.17,191409.41,196321.2893533798,197937.56297269324,193317.08901386848
2023-08-18 05:00:00,198263.21,198706.04,193046.83,198144.3762972172,199519.33335094177,194669.53942379996
2023-08-18 06:00:00,201304.55,202072.35,196024.75,201436.55581032336,202516.22095225335,199540.5748110215
2023-08-18 07:00:00,205364.9,206332.45,199541.22,204788.17718369715,206456.09296679884,203173.20376711505
2023-08-18 08:00:00,210775.67,211928.29,204976.42,209472.8542205313,211800.9066559946,205656.81960616354
2023-08-18 09:00:00,219863.39,220973.0,213880.62,218338.3977926163,220194.55152855162,212234.08264887286
2023-08-18 10:00:00,226378.61,227969.18,221384.73,225152.16273989392,226778.73007540542,217225.73736308012
2023-08-18 11:00:00,228902.19,230517.39,224250.43,227715.07174689235,229610.0680424322,218097.8406493653
2023-08-18 12:00:00,228570.46,230652.98,225159.99,228339.31406640777,230028.5916924673,217226.524418248
2023-08-18 13:00:00,225544.47,227864.09,224282.25,226306.64287491463,227275.01799838283,213826.14538265576
2023-08-18 14:00:00,227022.02,230529.53,224731.79,227557.8449685453,229422.36079855193,214593.1454978872
2023-08-18 15:00:00,225936.67,228937.3,222155.15,225626.13353939593,227306.62970235563,214514.80197999504
2023-08-18 16:00:00,219574.43,221884.91,214290.56,218425.73321241993,221001.72775633185,210088.42317456787
2023-08-18 17:00:00,209880.61,213771.39,207148.5,210409.7121292284,212510.33728551256,205882.80069897167
2023-08-18 18:00:00,205471.8,209784.36,204851.92,207317.8431423756,209171.1330388749,205866.55508435733
2023-08-18 19:00:00,210875.58,211127.53,207957.73,211574.77265129445,211366.8800625971,215906.0660403464
2023-08-18 20:00:00,209170.43,207456.47,206926.67,210025.95303984903,208461.60087182443,216607.26548768993
2023-08-18 21:00:00,208466.82,209013.0,206608.8,210348.856280583,209186.99086974116,215365.72854161845
2023-08-18 22:00:00,207817.43,209970.32,207172.51,210999.38936939792,209927.2730548559,214647.1772766482
2023-08-18 23:00:00,206165.27,207998.57,205639.81,209309.2504536193,207686.14121247677,211479.31780031053
2023-08-19 00:00:00,203790.8,206213.53,203528.65,203852.40924491032,206221.07099164906,202102.1910055971
2023-08-19 01:00:00,201827.49,203757.6,200949.79,200974.3308648347,203752.750972414,198629.00113536706
2023-08-19 02:00:00,199474.09,200940.32,197273.53,197800.38844402533,201119.6561805948,195284.33078680208
2023-08-19 03:00:00,195562.21,197651.26,194874.15,195052.43623416062,198210.30197357602,192473.36390080722
2023-08-19 04:00:00,194203.7,196786.51,193278.8,193996.97754360945,196914.2543633023,191374.85694558272
2023-08-19 05:00:00,193922.04,198263.21,194555.61,195701.08611101942,198357.46212648167,192007.9794394389
2023-08-19 06:00:00,196037.85,201304.55,197540.67,199236.16791828582,200604.47011298654,196031.041827381
2023-08-19 07:00:00,199245.92,205364.9,199782.72,202882.31651847385,203954.8252751166,198807.2890546989
2023-08-19 08:00:00,203956.9,210775.67,204057.03,207910.9860149036,209085.02204099338,202419.552832089
2023-08-19 09:00:00,211824.56,219863.39,210879.78,216717.16863371912,218161.7118465542,209711.82300727483
2023-08-19 10:00:00,216845.35,226378.61,216826.09,223301.2819005665,224231.49066028805,213691.69526498305
2023-08-19 11:00:00,217606.92,228902.19,218972.56,225893.1114056738,226652.83980849167,214048.5528910901
2023-08-19 12:00:00,218619.79,228570.46,220554.3,226384.28050168554,227393.81840906938,213007.299636321
2023-08-19 13:00:00,216216.28,225544.47,219360.89,223990.1815749311,224247.09465391212,209946.2442051247
2023-08-19 14:00:00,216498.98,227022.02,221524.21,225632.2149898314,225985.89976010413,210992.96897177486
2023-08-19 15:00:00,216608.41,225936.67,219629.87,223981.58158727613,224655.15296508445,210036.0640961069
2023-08-19 16:00:00,210850.16,219574.43,213331.46,217738.750441215,218002.53128162213,205835.13079676297
2023-08-19 17:00:00,204738.29,209880.61,206022.92,209448.75389698587,209215.1153477546,201218.63820341878
2023-08-19 18:00:00,202502.55,205471.8,204864.48,206551.52022541367,204874.3634514698,201154.21482070774
2023-08-19 19:00:00,207615.55,210875.58,211727.72,212091.41798467725,210244.38557823145,211373.1189895389
2023-08-19 20:00:00,205337.17,209170.43,211279.46,210535.33944326648,209116.2164889663,213521.5435582348
2023-08-19 21:00:00,203570.06,208466.82,210295.65,209776.35481904648,208617.9103995477,213093.305580751
2023-08-19 22:00:00,203281.9,207817.43,210384.07,209702.3468556661,208629.25567824606,212767.74770918064
2023-08-19 23:00:00,201360.99,206165.27,208626.87,208044.94005886494,206987.6811463355,209941.218578591
2023-08-20 00:00:00,199982.65,203790.8,205864.27,198045.53936517876,199234.138299174,197347.2326476761
2023-08-20 01:00:00,197573.1,201827.49,201353.08,195191.7938156933,196768.96051977482,193429.56845065503
2023-08-20 02:00:00,194950.58,199474.09,197350.73,192353.52520455918,195144.40185015387,189637.67849333578
2023-08-20 03:00:00,192655.43,195562.21,195325.33,189490.11159845322,192352.55386770298,186758.8478920637
2023-08-20 04:00:00,191774.73,194203.7,194338.15,188433.38763056564,191190.16166330082,185335.2823917008
2023-08-20 05:00:00,190924.96,193922.04,195170.02,189014.1620129662,190946.84048307396,185534.4866521248
2023-08-20 06:00:00,189189.82,196037.85,195081.78,190867.99376694445,190146.71522140066,186960.14371076156
2023-08-20 07:00:00,193002.3,199245.92,195527.03,193509.07105450644,191720.4357550588,187902.79747671867
2023-08-20 08:00:00,197388.23,203956.9,197743.35,197469.73005227617,195501.4229656549,189809.82004752
2023-08-20 09:00:00,203993.28,211824.56,204519.55,204960.50628755437,202253.48123148532,194406.81021428015
2023-08-20 10:00:00,208318.32,216845.35,211254.7,210602.0437529405,208202.9775646802,197670.36834173588
2023-08-20 11:00:00,211511.13,217606.92,214204.73,212419.33638669102,209208.02921440033,199648.26388834332
2023-08-20 12:00:00,212838.61,218619.79,215485.97,213049.73481350404,210062.76818239028,200027.96892830785
2023-08-20 13:00:00,210457.38,216216.28,214839.76,211005.69831037536,208315.6270694812,198605.65721474375
2023-08-20 14:00:00,210485.02,216498.98,214640.55,211661.7782029607,208084.97509674428,198869.1478974639
2023-08-20 15:00:00,209007.13,216608.41,210934.77,210250.4705479853,206577.51483508304,197473.91083798526
2023-08-20 16:00:00,202691.3,210850.16,202821.24,203881.99626477502,199406.80011775388,192099.24359516427
2023-08-20 17:00:00,195313.41,204738.29,193367.15,196428.94587701882,190631.14814975992,186358.23061787174
2023-08-20 18:00:00,191426.32,202502.55,193153.31,194493.46282833893,190245.39845061224,186825.10557532343
2023-08-20 19:00:00,200279.3,207615.55,204739.06,200884.22251918356,199464.419321832,199107.69396241574
2023-08-20 20:00:00,200435.16,205337.17,206497.77,199825.04136569792,199296.16455437517,204055.74077923244
2023-08-20 21:00:00,200350.01,203570.06,206637.23,199328.8859341908,200365.3597414577,204520.27648715008
2023-08-20 22:00:00,200870.05,203281.9,207355.29,199471.90921354078,200782.1713807444,204518.52806538896
2023-08-20 23:00:00,199257.14,201360.99,204381.77,197231.02742766714,198415.33044482282,201429.69659137295
2023-08-21 00:00:00,195669.35,199982.65,199165.35,202830.19217391827,197621.6286634921,194852.0158315119
2023-08-21 01:00:00,193843.21,197573.1,194988.42,199715.36845704267,194975.60878678918,191199.13878840796
2023-08-21 02:00:00,191522.27,194950.58,191750.82,196746.82072031984,191920.93688599856,187931.8649247581
2023-08-21 03:00:00,189611.66,192655.43,189527.8,194100.86316469059,188674.03725083164,185520.4064722311
2023-08-21 04:00:00,189527.32,191774.73,189017.43,193313.72564690796,187998.09706588625,185065.79949889996
2023-08-21 05:00:00,189281.5,190924.96,190621.66,194038.624173169,190186.58250876627,187468.55375803268
2023-08-21 06:00:00,192409.11,189189.82,193594.07,195568.04959786436,194392.40601281848,193350.16036027932
2023-08-21 07:00:00,198913.44,193002.3,197487.09,199713.13879134043,199134.56719269033,198393.49936975518
2023-08-21 08:00:00,205734.31,197388.23,202913.46,204616.94217344807,204130.82260154924,202192.83924697878
2023-08-21 09:00:00,214983.08,203993.28,213252.96,213013.97037918473,211961.50831339153,209725.3223094719
2023-08-21 10:00:00,221730.84,208318.32,220981.48,218931.27052998517,218335.27806574528,215233.90323416883
2023-08-21 11:00:00,223965.75,211511.13,224643.38,221813.6369374591,221248.9990563998,216754.3381272001
2023-08-21 12:00:00,223339.59,212838.61,224891.12,222321.6309749367,221462.75994851705,216233.47295680377
2023-08-21 13:00:00,221925.76,210457.38,221882.05,219497.39479177629,218502.46120489982,213676.62732197475
2023-08-21 14:00:00,223709.72,210485.02,222890.26,220164.21263735276,219545.40837330953,215547.7880834568
2023-08-21 15:00:00,221768.6,209007.13,221614.97,219027.92893288436,218742.9354773677,215524.79909889243
2023-08-21 16:00:00,215912.06,202691.3,213530.64,212336.46719826595,211580.4673582781,210422.3947311814
2023-08-21 17:00:00,208158.72,195313.41,205550.0,204615.3776466118,204770.4250818973,205102.44404356024
2023-08-21 18:00:00,203010.46,191426.32,202323.76,201329.0626950633,201743.6852385928,205185.86854554657
2023-08-21 19:00:00,206110.0,200279.3,208297.33,208433.0357453525,208007.62993335602,214578.7642379095
2023-08-21 20:00:00,204641.91,200435.16,206873.39,207453.60776073686,205980.76252469074,215921.30739894268
2023-08-21 21:00:00,204353.04,200350.01,206551.97,206894.34966776046,204878.64655779587,215193.26938461448
2023-08-21 22:00:00,204901.29,200870.05,206486.49,206817.9579714956,204677.9079463332,214321.1891294019
2023-08-21 23:00:00,203584.02,199257.14,204021.16,204741.60754179273,202549.88390022522,210744.14098624373
2023-08-22 00:00:00,200809.31,195669.35,201573.0,201731.57216067382,202119.50999095946,200272.3792586649
2023-08-22 01:00:00,199244.81,193843.21,197685.34,198990.20794732773,200114.0812033613,196956.92093734685
2023-08-22 02:00:00,196704.63,191522.27,194396.49,196168.25308795588,197689.42049967786,193755.15507642337
2023-08-22 03:00:00,195103.6,189611.66,192435.3,193755.7343855626,194835.10293586878,191294.61193679168
2023-08-22 04:00:00,194213.53,189527.32,191545.21,193105.10912284272,194005.12474430547,190658.7715337173
2023-08-22 05:00:00,194078.98,189281.5,194148.46,193991.1790727373,194145.08375892325,192613.5592231626
2023-08-22 06:00:00,197259.73,192409.11,195601.42,196341.48945767627,196458.6027503465,197879.8210309688
2023-08-22 07:00:00,201528.27,198913.44,194927.3,199766.70195747164,200149.5819245465,201358.34500251137
2023-08-22 08:00:00,208548.96,205734.31,196155.8,204073.93894428245,205316.46598414454,203490.2580666502
2023-08-22 09:00:00,217439.17,214983.08,203226.34,212085.87854696234,213496.76186594582,210212.32394355652
2023-08-22 10:00:00,224777.68,221730.84,208294.63,217728.5791729511,219284.89709844612,214815.85227156966
2023-08-22 11:00:00,227367.86,223965.75,210415.88,219638.0458704638,220944.03257780112,215730.46525689683
2023-08-22 12:00:00,226523.2,223339.59,212078.56,220157.6891991631,221498.02364518476,215173.94825081335
2023-08-22 13:00:00,224584.27,221925.76,210688.46,218302.78433374196,220141.6164497668,212368.24057302988
2023-08-22 14:00:00,225168.41,223709.72,211028.14,219217.30305231232,220993.66252754038,214740.32126711265
2023-08-22 15:00:00,222025.85,221768.6,209266.85,217920.02286456263,220113.5045237188,215176.59260065266
2023-08-22 16:00:00,215732.7,215912.06,201816.33,211560.74999923538,214348.72785580836,210825.655375818
2023-08-22 17:00:00,208175.33,208158.72,191842.11,203603.8160033369,206890.36967682926,206446.01331321217
2023-08-22 18:00:00,204637.46,203010.46,188108.86,199862.7517508332,202640.76500731657,206438.9165470561
2023-08-22 19:00:00,207472.74,206110.0,197833.12,206111.15845460384,207728.6360777627,214601.78131716693
2023-08-22 20:00:00,205428.02,204641.91,200230.37,205765.63805288935,206570.66953002516,215650.00968236275
2023-08-22 21:00:00,204705.22,204353.04,200828.6,205338.81004199927,205261.1536244575,214374.39556945988
2023-08-22 22:00:00,205141.86,204901.29,201684.31,205653.3195005894,204969.9493856548,213036.61671812568
2023-08-22 23:00:00,203612.5,203584.02,200702.85,204192.19319508722,203659.9973763933,209512.19705967736
2023-08-23 00:00:00,199114.83,200809.31,196724.33,200322.9338490218,201638.28634542145,200000.96361020944
2023-08-23 01:00:00,195337.68,199244.81,192920.32,197663.5416074343,199350.45549456787,196546.51106450678
2023-08-23 02:00:00,192152.98,196704.63,189818.62,194833.69721462307,197210.9468296442,193103.22729282556
2023-08-23 03:00:00,188613.02,195103.6,187352.83,192715.2121885865,194935.4467776314,190710.14182607585
2023-08-23 04:00:00,186823.87,194213.53,186606.82,191970.121913321,194159.24397006998,189968.38711934278
2023-08-23 05:00:00,188491.53,194078.98,189377.78,192885.31997055927,194379.33309051415,191516.4473509801
2023-08-23 06:00:00,193039.71,197259.73,193795.79,195831.97184740775,197254.05962004798,196407.85533986136
2023-08-23 07:00:00,196493.34,201528.27,198367.56,200332.7439118853,201625.80533569917,200086.20203007353
2023-08-23 08:00:00,200090.28,208548.96,204139.73,206237.17579261138,207861.90801349646,202627.83429146948
2023-08-23 09:00:00,208429.13,217439.17,216262.11,215703.47079484694,217069.961241618,209076.52251725286
2023-08-23 10:00:00,213571.81,224777.68,224826.23,222664.17090877984,224720.97846610151,213379.93124520103
2023-08-23 11:00:00,214556.33,227367.86,228952.75,225738.1954929692,227201.59927095997,214680.25763678577
2023-08-23 12:00:00,214117.62,226523.2,230191.74,225943.55471238997,227793.2972867322,214264.01696880354
2023-08-23 13:00:00,210924.85,224584.27,227801.65,223817.84368851976,225577.86805573944,211798.394235013
2023-08-23 14:00:00,210859.49,225168.41,228950.46,224594.26816103223,226490.34081166564,213478.04527714723
2023-08-23 15:00:00,212067.05,222025.85,225972.64,222076.77819862022,222970.7244322138,213092.88881323556
2023-08-23 16:00:00,207771.84,215732.7,219663.78,215879.54387935542,216819.7807318408,209217.83587424908
2023-08-23 17:00:00,202180.92,208175.33,211245.1,208259.61863028066,209906.83589654,205470.17518526225
2023-08-23 18:00:00,201681.31,204637.46,207045.94,204441.1136207542,206229.74624144865,204642.84004925142
2023-08-23 19:00:00,208817.19,207472.74,210739.76,208854.88704472154,209881.55974768283,213084.27964877605
2023-08-23 20:00:00,205048.9,205428.02,208242.59,207099.89257760564,207651.0508353579,214163.1055278005
2023-08-23 21:00:00,204232.64,204705.22,207692.55,206480.58052246945,206772.0713968124,213614.60012536537
2023-08-23 22:00:00,203453.19,205141.86,208553.44,206902.9478208166,207525.6541747937,212032.62682722672
2023-08-23 23:00:00,201212.23,203612.5,207796.99,205588.79782799436,206030.11562902617,208772.7634163944
2023-08-24 00:00:00,197298.59,199114.83,204966.58,196441.21886857477,196297.46099779525,197524.97310825755
2023-08-24 01:00:00,192138.41,195337.68,202806.26,193705.10242988772,193207.85584262505,193811.895079699
2023-08-24 02:00:00,188441.37,192152.98,200732.64,191071.37224238025,191222.55483723897,190360.5282327551
2023-08-24 03:00:00,186088.05,188613.02,198506.24,188499.09150122374,188393.09321203252,187913.4415095597
2023-08-24 04:00:00,184836.28,186823.87,197670.17,187497.58137082215,187545.08234655156,186981.74409936782
2023-08-24 05:00:00,187496.62,188491.53,198706.04,188553.16218131545,188065.92791936567,188471.4586634713
2023-08-24 06:00:00,192310.63,193039.71,202072.35,192389.97782487556,192628.08794624356,193494.01040275831
2023-08-24 07:00:00,197031.59,196493.34,206332.45,196746.77706586456,196650.4795291439,196767.71284915198
2023-08-24 08:00:00,200823.71,200090.28,211928.29,201738.94289545817,202401.0921273737,199889.7699666651
2023-08-24 09:00:00,209033.63,208429.13,220973.0,210201.38823216336,210996.4519201748,206603.6750189948
2023-08-24 10:00:00,214005.83,213571.81,227969.18,216253.89496944184,217316.77041862946,211572.65506769592
2023-08-24 11:00:00,216048.45,214556.33,230517.39,218116.2460161819,219935.8145393845,213189.02342179636
2023-08-24 12:00:00,216006.29,214117.62,230652.98,217765.26968583994,219521.64006362518,212842.68075058132
2023-08-24 13:00:00,213560.21,210924.85,227864.09,215168.39000255306,217255.15226485877,210572.6635319133
2023-08-24 14:00:00,216114.71,210859.49,230529.53,216311.25008142454,219767.32935421684,212883.85363551366
2023-08-24 15:00:00,215564.18,212067.05,228937.3,215625.53039067317,217144.80411824546,212866.92179137672
2023-08-24 16:00:00,210571.81,207771.84,221884.91,210152.09697193472,210849.8666667975,208680.45429375413
2023-08-24 17:00:00,200446.61,202180.92,213771.39,203390.75737875295,204200.28630669616,203777.47794629223
2023-08-24 18:00:00,196702.12,201681.31,209784.36,200855.6799351663,201629.8374457035,203406.7482644416
2023-08-24 19:00:00,204266.38,208817.19,211127.53,204983.54460710712,205805.07680304535,211560.43428429676
2023-08-24 20:00:00,202131.89,205048.9,207456.47,201992.16910957822,202315.66582473286,212701.89530615736
2023-08-24 21:00:00,199912.31,204232.64,209013.0,201854.95215318177,202605.9800799228,211608.97568627502
2023-08-24 22:00:00,199849.3,203453.19,209970.32,201841.34234624018,202513.81720038672,210414.42266163198
2023-08-24 23:00:00,196943.01,201212.23,207998.57,199939.33364174012,200611.43636570437,207427.38647191995
2023-08-25 00:00:00,193010.24,197298.59,206213.53,197719.116707652,196998.01672828497,192278.7437703221
2023-08-25 01:00:00,188831.64,192138.41,203757.6,194350.09855296407,192893.58150013778,188094.66045119066
2023-08-25 02:00:00,184889.77,188441.37,200940.32,191286.08395655153,190258.913548589,184689.9669030284
2023-08-25 03:00:00,182038.26,186088.05,197651.26,188765.30667770613,187700.95656261643,182014.9544067605
2023-08-25 04:00:00,181707.6,184836.28,196786.51,187755.36835813147,186827.33824298985,181061.02515379377
2023-08-25 05:00:00,185162.08,187496.62,198263.21,189467.6005252159,188534.13453511219,182020.37577076562
2023-08-25 06:00:00,190646.36,192310.63,201304.55,193384.80480620934,192927.19305753557,186064.19034023597
2023-08-25 07:00:00,194044.94,197031.59,205364.9,197695.95610176816,197223.15134679107,189706.88529045513
2023-08-25 08:00:00,197780.6,200823.71,210775.67,202539.89863386337,202009.07778430296,193099.2520512257
2023-08-25 09:00:00,207258.78,209033.63,219863.39,210956.7999436102,210104.259974008,200001.0337425802
2023-08-25 10:00:00,214380.63,214005.83,226378.61,216777.63920855225,215950.54806841226,205203.58381739003
2023-08-25 11:00:00,217228.82,216048.45,228902.19,218921.9218789072,218227.14065701448,206275.8164382498
2023-08-25 12:00:00,217759.09,216006.29,228570.46,218617.84736122968,218022.97219914861,205728.2949337471
2023-08-25 13:00:00,214956.55,213560.21,225544.47,216099.81874509624,215471.37984856637,203027.77751734736
2023-08-25 14:00:00,216188.94,216114.71,227022.02,217524.1022631419,216716.94280465215,203822.23892351327
2023-08-25 15:00:00,216574.44,215564.18,225936.67,216390.6700161229,216017.15992131492,202771.5036719579
2023-08-25 16:00:00,210760.32,210571.81,219574.43,210824.85995545366,210204.28283741119,197386.88639630884
2023-08-25 17:00:00,201703.69,200446.61,209880.61,202164.85341503634,201501.7982993687,192858.1413659682
2023-08-25 18:00:00,199175.55,196702.12,205471.8,198865.2319273955,197882.21574784152,192550.52865568377
2023-08-25 19:00:00,206270.73,204266.38,210875.58,204561.0886807175,203588.09943072626,201058.7999547181
2023-08-25 20:00:00,204472.67,202131.89,209170.43,202461.11781477774,201622.6717589879,201069.99192549317
2023-08-25 21:00:00,203192.0,199912.31,208466.82,201115.21775984947,200306.75929648665,199908.2156107442
2023-08-25 22:00:00,203562.23,199849.3,207817.43,200884.10025678686,199571.95532717134,199387.91040269504
2023-08-25 23:00:00,201226.43,196943.01,206165.27,198739.78231236522,198018.7048761236,196730.2317154224
2023-08-26 00:00:00,197121.51,193010.24,203790.8,195355.22174138532,194367.44666822083,197196.96872198765
2023-08-26 01:00:00,192619.76,188831.64,201827.49,191948.45426879372,191149.80472125122,193516.53480677807
2023-08-26 02:00:00,188305.06,184889.77,199474.09,188700.33786918782,187208.40388134326,189802.21150421546
2023-08-26 03:00:00,185379.27,182038.26,195562.21,185558.01871626536,185122.2667948694,186902.4383822045
2023-08-26 04:00:00,184006.27,181707.6,194203.7,184561.36338706125,183769.63320450313,185437.7127374392
2023-08-26 05:00:00,186786.81,185162.08,193922.04,186447.38227604813,185547.49738975242,185855.8043408882
2023-08-26 06:00:00,193519.63,190646.36,196037.85,190611.41662315416,188973.92180902595,189198.29580114156
2023-08-26 07:00:00,196840.85,194044.94,199245.92,194091.06328420446,191995.18613485867,191819.04309415715
2023-08-26 08:00:00,201975.7,197780.6,203956.9,198065.35567044895,195912.6714836838,195590.81808793428
2023-08-26 09:00:00,211244.31,207258.78,211824.56,206398.37991818457,204235.29832812326,202567.47547017992
2023-08-26 10:00:00,216668.12,214380.63,216845.35,212106.76669208464,209337.50610893551,206911.15299712733
2023-08-26 11:00:00,218629.74,217228.82,217606.92,213815.7500418272,211752.8275493316,207430.7272278194
2023-08-26 12:00:00,220392.7,217759.09,218619.79,214236.07607505456,211758.6905291887,206889.47854819585
2023-08-26 13:00:00,218333.02,214956.55,216216.28,211578.33982756454,209848.96716719147,204244.11444909626
2023-08-26 14:00:00,219723.85,216188.94,216498.98,212371.80713239778,211552.90042278022,205496.7907789702
2023-08-26 15:00:00,220324.88,216574.44,216608.41,212586.642080444,211470.11678459425,204273.39876790385
2023-08-26 16:00:00,213649.76,210760.32,210850.16,207261.43669878854,205816.85638199208,199467.6207078408
2023-08-26 17:00:00,204939.9,201703.69,204738.29,199965.59313197318,197944.7791129289,194486.859333265
2023-08-26 18:00:00,202256.47,199175.55,202502.55,198060.047063335,196051.58778785192,194561.43500596107
2023-08-26 19:00:00,210410.4,206270.73,207615.55,204501.63749109305,202862.40668964386,204238.32926017715
2023-08-26 20:00:00,209219.28,204472.67,205337.17,202211.43378615432,200901.39187115233,205922.81518630625
2023-08-26 21:00:00,207345.48,203192.0,203570.06,200745.84654339738,200308.86917027173,205176.22385045287
2023-08-26 22:00:00,208158.66,203562.23,203281.9,200589.16433469937,199903.43801577608,204944.5019689827
2023-08-26 23:00:00,206250.15,201226.43,201360.99,198383.88492120092,197708.40703639996,202353.44436498018
2023-08-27 00:00:00,203709.96,197121.51,199982.65,195102.0476788969,199434.72719579766,202886.02577212965
2023-08-27 01:00:00,200148.5,192619.76,197573.1,191185.47442299768,195539.82864708005,198953.39227309855
2023-08-27 02:00:00,196283.98,188305.06,194950.58,187598.94882897288,190889.33568679413,195163.26950380675
2023-08-27 03:00:00,193069.66,185379.27,192655.43,185077.74093356438,188069.77998401917,192533.54785514282
2023-08-27 04:00:00,191668.04,184006.27,191774.73,184037.60795875438,187009.3360199441,191319.23500724224
2023-08-27 05:00:00,192557.21,186786.81,190924.96,185734.7884219775,189388.21488549997,191616.80987469238
2023-08-27 06:00:00,192318.39,193519.63,189189.82,189197.95146869513,192837.41599109193,192513.6109114732
2023-08-27 07:00:00,194093.79,196840.85,193002.3,192850.84705805115,194354.34510883677,193298.9398202276
2023-08-27 08:00:00,197977.11,201975.7,197388.23,197169.4580890495,199191.2131949179,195278.4976242347
2023-08-27 09:00:00,206117.86,211244.31,203993.28,205148.7798194429,206226.48314739545,200515.68940612522
2023-08-27 10:00:00,211744.51,216668.12,208318.32,210229.1144625702,210207.9254820673,204774.57090863478
2023-08-27 11:00:00,213812.8,218629.74,211511.13,212597.42088863393,212912.1690308894,206997.79307828014
2023-08-27 12:00:00,213992.13,220392.7,212838.61,213657.8074942356,214410.2341358026,207705.3357984213
2023-08-27 13:00:00,212944.71,218333.02,210457.38,211410.4728884907,212185.37864069725,206319.72835801888
2023-08-27 14:00:00,214718.84,219723.85,210485.02,212437.2757922964,212186.27138831734,206407.98482542668
2023-08-27 15:00:00,214358.98,220324.88,209007.13,211952.4154654287,210475.46293678324,204368.0365941874
2023-08-27 16:00:00,206602.55,213649.76,202691.3,205869.6850266352,204049.16494537774,198495.60786540937
2023-08-27 17:00:00,195707.81,204939.9,195313.41,197495.45655147685,196850.01271149376,191868.59561233595
2023-08-27 18:00:00,192674.4,202256.47,191426.32,194614.07659201178,193402.332350636,192409.43350601097
2023-08-27 19:00:00,205289.74,210410.4,200279.3,202786.91546417782,203065.52531852268,204478.22831566058
2023-08-27 20:00:00,205862.65,209219.28,200435.16,201840.49644052717,203066.07857620143,208442.73784343808
2023-08-27 21:00:00,205473.28,207345.48,200350.01,200516.78980717005,202328.98052697323,208660.4638575753
2023-08-27 22:00:00,206989.57,208158.66,200870.05,200945.06530436792,202798.71231646521,208592.47747457988
2023-08-27 23:00:00,205649.15,206250.15,199257.14,198847.25680285264,201112.3306487341,205616.93689505657
2023-08-28 00:00:00,202722.0,203709.96,195669.35,203986.59564626124,200553.28236338389,201561.52108668382
2023-08-28 01:00:00,198291.08,200148.5,193843.21,200663.99960699517,197552.7537015849,198264.23709562587
2023-08-28 02:00:00,194578.06,196283.98,191522.27,197189.48467491945,194534.4333380539,195366.66419319186
2023-08-28 03:00:00,191861.94,193069.66,189611.66,194482.87216944812,191243.1271210552,193292.7929708606
2023-08-28 04:00:00,191485.19,191668.04,189527.32,193760.39979803094,190126.47090192712,192942.19478814062
2023-08-28 05:00:00,193396.29,192557.21,189281.5,195058.00396993407,191294.95715317005,195278.95387872343
2023-08-28 06:00:00,197196.45,192318.39,192409.11,197884.20163615278,194768.8914706156,200494.45538971838
2023-08-28 07:00:00,200102.31,194093.79,198913.44,201953.6727523439,199437.4849629922,205510.3475578531
2023-08-28 08:00:00,203138.56,197977.11,205734.31,207060.7482396187,205049.2214873761,209766.7342785367
2023-08-28 09:00:00,210155.73,206117.86,214983.08,216155.69623470047,214945.19486294818,217897.4677310229
2023-08-28 10:00:00,217106.34,211744.51,221730.84,222570.53609701764,221919.56374028695,224031.3467245281
2023-08-28 11:00:00,220214.01,213812.8,223965.75,224906.74931688418,224325.90231940718,226062.77062387374
2023-08-28 12:00:00,220593.71,213992.13,223339.59,224962.95219951237,223741.2835799225,225917.30417456114
2023-08-28 13:00:00,220080.81,212944.71,221925.76,223166.85454355233,222489.26352889423,223289.19242491794
2023-08-28 14:00:00,225019.37,214718.84,223709.72,224731.57853003815,224156.05383665956,225077.03579549745
2023-08-28 15:00:00,225118.14,214358.98,221768.6,223996.77419933074,223941.12401450225,224660.36831387432
2023-08-28 16:00:00,216101.3,206602.55,215912.06,217198.22934222294,216795.89547833827,218773.1764055946
2023-08-28 17:00:00,207720.69,195707.81,208158.72,207904.8146305603,208481.6787014583,212769.24111385443
2023-08-28 18:00:00,206854.98,192674.4,203010.46,204391.45149860866,205222.56951041755,211921.99635633288
2023-08-28 19:00:00,215038.01,205289.74,206110.0,212394.4523552476,212220.83559623078,220494.88301529863
2023-08-28 20:00:00,214471.9,205862.65,204641.91,211510.58575359802,210863.09039282028,221123.92355776628
2023-08-28 21:00:00,213935.01,205473.28,204353.04,210751.5341776028,209681.27937035062,220290.88029561745
2023-08-28 22:00:00,215449.83,206989.57,204901.29,211538.16489497758,210415.13582798294,219489.6704869938
2023-08-28 23:00:00,213744.31,205649.15,203584.02,209834.538614294,209061.8805008659,216342.54345282816
2023-08-29 00:00:00,210264.72,202722.0,200809.31,206097.6618643562,206765.58328409048,210796.17762724264
2023-08-29 01:00:00,205267.32,198291.08,199244.81,202579.83062013827,204031.37058893696,207453.08656173866
2023-08-29 02:00:00,201164.32,194578.06,196704.63,199063.49063856227,200826.42113075915,204134.72530308543
2023-08-29 03:00:00,197777.39,191861.94,195103.6,196621.4151019205,198247.10103656573,201778.04661163906
2023-08-29 04:00:00,196293.82,191485.19,194213.53,195803.1528417491,197682.1269925599,201088.7479590772
2023-08-29 05:00:00,198392.41,193396.29,194078.98,197291.57763915326,198342.6418574956,203244.53031976582
2023-08-29 06:00:00,201111.01,197196.45,197259.73,201187.9549015023,201503.77402225748,207570.95578569765
2023-08-29 07:00:00,202649.54,200102.31,201528.27,204555.82271675862,203847.03858862258,210106.41071201453
2023-08-29 08:00:00,206891.6,203138.56,208548.96,209336.44490613084,208500.65710696462,211814.53785544902
2023-08-29 09:00:00,217781.74,210155.73,217439.17,217584.82317440165,216007.0404370616,218612.02176364898
2023-08-29 10:00:00,225661.24,217106.34,224777.68,224222.093447455,222222.35900510493,223294.26580985181
2023-08-29 11:00:00,229071.36,220214.01,227367.86,226811.736715485,225566.374562077,224548.82961526644
2023-08-29 12:00:00,230536.93,220593.71,226523.2,227040.07928715952,225342.0783559505,224494.80710156244
2023-08-29 13:00:00,229191.31,220080.81,224584.27,225570.02579723063,224145.57842065493,222209.80022750402
2023-08-29 14:00:00,231256.61,225019.37,225168.41,227921.33251949312,227493.4287869453,224420.3706851025
2023-08-29 15:00:00,229496.62,225118.14,222025.85,226915.382997633,226173.483323636,224403.31247380032
2023-08-29 16:00:00,221681.53,216101.3,215732.7,219328.60237715096,217959.4503824555,219253.7408124967
2023-08-29 17:00:00,211251.9,207720.69,208175.33,210821.01146006153,210512.975854883,213385.8966382157
2023-08-29 18:00:00,206866.72,206854.98,204637.46,208547.98587386133,208334.34853205248,212227.25542825516
2023-08-29 19:00:00,211094.34,215038.01,207472.74,215580.93684949918,217036.9172306893,220459.57242754867
2023-08-29 20:00:00,210374.33,214471.9,205428.02,214543.2320673385,216201.0235433893,221823.973394543
2023-08-29 21:00:00,209211.63,213935.01,204705.22,213648.82242114647,215345.0485250091,220999.5383422456
2023-08-29 22:00:00,209899.52,215449.83,205141.86,214579.01956591703,216485.0497054593,220046.85192391954
2023-08-29 23:00:00,208377.38,213744.31,203612.5,212875.00918969358,214718.53469067268,217324.18013747304
2023-08-30 00:00:00,206315.38,210264.72,199114.83,209999.80502940653,213147.4251739228,204713.17575610924
2023-08-30 01:00:00,203798.72,205267.32,195337.68,205650.03643864466,208171.51912418037,201065.18347849866
2023-08-30 02:00:00,201381.39,201164.32,192152.98,201871.11711925294,204132.81960842013,197621.49966061808
2023-08-30 03:00:00,198395.61,197777.39,188613.02,198503.32510393005,200736.4750685558,195009.0665852816
2023-08-30 04:00:00,197499.91,196293.82,186823.87,197064.86903455472,199293.1866274399,194023.6546476686
2023-08-30 05:00:00,199260.76,198392.41,188491.53,198959.3852091816,201163.13591752923,195833.23346473603
2023-08-30 06:00:00,200962.14,201111.01,193039.71,202144.61070159535,203619.88127744308,200375.9777170784
2023-08-30 07:00:00,204664.99,202649.54,196493.34,204843.91835558432,204972.625201276,204150.03887230225
2023-08-30 08:00:00,210293.55,206891.6,200090.28,208914.06839881174,208630.4714246788,207434.27864982543
2023-08-30 09:00:00,220907.86,217781.74,208429.13,218405.86728441436,218940.26565503227,215125.96084688677
2023-08-30 10:00:00,227955.52,225661.24,213571.81,225031.1761610994,226266.69944132952,220396.33752822925
2023-08-30 11:00:00,230889.23,229071.36,214556.33,227430.04528262842,228851.6756115641,222407.79251922376
2023-08-30 12:00:00,229492.59,230536.93,214117.62,227891.17764252154,230180.2600727191,222523.14065826588
2023-08-30 13:00:00,226714.41,229191.31,210924.85,225876.17942781543,229146.6497575915,220425.67806617616
2023-08-30 14:00:00,227207.56,231256.61,210859.49,227340.4336958959,230662.65735160478,222105.40273732066
2023-08-30 15:00:00,223816.29,229496.62,212067.05,226855.1628763374,229718.63975170007,220985.63097248526
2023-08-30 16:00:00,215959.31,221681.53,207771.84,220079.2934978265,222266.97400398986,216352.6317377011
2023-08-30 17:00:00,206633.92,211251.9,202180.92,211310.67820493862,211806.96051223093,211477.83195375098
2023-08-30 18:00:00,202610.75,206866.72,201681.31,208818.5378411395,208196.2976473317,209834.9013507386
2023-08-30 19:00:00,205344.8,211094.34,208817.19,215980.41422312916,212899.19833758386,216663.87163873733
2023-08-30 20:00:00,205833.69,210374.33,205048.9,214293.88119658205,212699.32434681218,216432.8646842954
2023-08-30 21:00:00,205537.27,209211.63,204232.64,213335.6110260839,211577.49888070606,216035.7524649805
2023-08-30 22:00:00,206369.25,209899.52,203453.19,213697.0859213288,211532.9383716087,214828.98850978198
2023-08-30 23:00:00,205402.66,208377.38,201212.23,211904.85031304692,210827.00344279676,212360.98568164595
2023-08-31 00:00:00,204324.42,206315.38,197298.59,204567.33570705142,206998.931099885,202616.75361463882
2023-08-31 01:00:00,202634.67,203798.72,192138.41,200655.185114499,203985.33351304958,199730.16704793196
2023-08-31 02:00:00,200638.53,201381.39,188441.37,197445.2865527452,201653.0519395132,197042.56424470528
2023-08-31 03:00:00,198824.61,198395.61,186088.05,194709.9772825329,198488.05535639432,194957.37577685862
2023-08-31 04:00:00,198571.79,197499.91,184836.28,193779.17182336125,197767.80032874364,194292.97030413855
2023-08-31 05:00:00,199728.7,199260.76,187496.62,195932.1453142225,198848.63538486845,195736.13986899736
2023-08-31 06:00:00,200190.03,200962.14,192310.63,199319.52106374287,201180.14208117002,200426.58961761586
2023-08-31 07:00:00,202720.1,204664.99,197031.59,203199.97800739753,204733.94597594655,204158.91850201238
2023-08-31 08:00:00,210008.2,210293.55,200823.71,207691.09745303603,209709.8666975991,208189.70388880678
2023-08-31 09:00:00,222524.56,220907.86,209033.63,216814.42194996556,220603.27581641838,215622.8080507804
2023-08-31 10:00:00,230465.07,227955.52,214005.83,223207.83590766785,226184.76969626013,221262.6187597586
2023-08-31 11:00:00,233007.95,230889.23,216048.45,225865.49579612399,228799.13505403016,223394.51954668228
2023-08-31 12:00:00,233927.85,229492.59,216006.29,225483.6331413461,227134.10757443288,223261.2288786483
2023-08-31 13:00:00,232912.18,226714.41,213560.21,223254.00658690566,224762.35711113072,220929.91160415416
2023-08-31 14:00:00,231690.34,227207.56,216114.71,225360.297043396,225831.16180124064,223497.32347199327
2023-08-31 15:00:00,228764.63,223816.29,215564.18,223727.10675804602,223004.93012062664,222985.19015460796
2023-08-31 16:00:00,220932.08,215959.31,210571.81,216649.75102144442,215682.34637131036,217795.2479719726
2023-08-31 17:00:00,211633.21,206633.92,200446.61,207322.1373318635,206032.09000395474,211884.53543984538
2023-08-31 18:00:00,206567.21,202610.75,196702.12,204093.96603493477,202732.77460359325,210814.7322586342
2023-08-31 19:00:00,210164.58,205344.8,204266.38,209471.11205570475,206974.4237441185,217141.3435319967
2023-08-31 20:00:00,209763.64,205833.69,202131.89,208526.88510525104,207160.27980538996,216741.61203364216
2023-08-31 21:00:00,209642.1,205537.27,199912.31,207501.64200719705,205840.13781031672,216350.05049952707
2023-08-31 22:00:00,210634.67,206369.25,199849.3,208091.16424534412,206103.48444060652,215660.07145607963
2023-08-31 23:00:00,208528.06,205402.66,196943.01,206231.13977995826,205674.49336315042,212699.04856931773
2023-09-01 00:00:00,207104.24,204324.42,193010.24,204957.7536656721,207232.27037442222,205060.1469140239
2023-09-01 01:00:00,206307.47,202634.67,188831.64,201699.29494342298,204401.92177823372,201816.1166264528
2023-09-01 02:00:00,204602.16,200638.53,184889.77,198566.70920038415,202005.8535058048,198977.8757927949
2023-09-01 03:00:00,203408.53,198824.61,182038.26,195941.09812748161,199409.66604993035,196390.21694870913
2023-09-01 04:00:00,203395.7,198571.79,181707.6,195373.81312758088,198938.48468550327,195729.29859655813
2023-09-01 05:00:00,204901.62,199728.7,185162.08,197610.1744699193,200506.57279142737,197287.3267363019
2023-09-01 06:00:00,207091.02,200190.03,190646.36,200498.18326937422,200925.019988127,201293.43610228982
2023-09-01 07:00:00,210753.38,202720.1,194044.94,203486.3589118982,203807.63771966513,205158.33806966592
2023-09-01 08:00:00,218201.69,210008.2,197780.6,208914.2143753274,210313.23008688877,209163.65125974745
2023-09-01 09:00:00,226828.73,222524.56,207258.78,219872.17350925633,222534.35875547313,216744.52498150317
2023-09-01 10:00:00,232782.99,230465.07,214380.63,227379.33483333496,229703.87676143966,222502.54069091674
2023-09-01 11:00:00,236502.82,233007.95,217228.82,230179.08208504514,232083.68595947622,223976.7127838494
2023-09-01 12:00:00,237361.97,233927.85,217759.09,230760.56374648903,233709.06272513437,223712.15695363347
2023-09-01 13:00:00,235947.04,232912.18,214956.55,228771.48552763308,231727.62630696286,221026.5807270331
2023-09-01 14:00:00,235271.08,231690.34,216188.94,229159.40873380925,231274.35035371454,222031.38628593067
2023-09-01 15:00:00,232116.3,228764.63,216574.44,227540.31762705714,229229.6939916127,221350.96517050295
2023-09-01 16:00:00,224283.84,220932.08,210760.32,220424.4579542193,220948.6081469364,215853.51247016867
2023-09-01 17:00:00,214134.07,211633.21,201703.69,211004.53530706224,211455.87575144396,209832.121111969
2023-09-01 18:00:00,210573.5,206567.21,199175.55,207121.6920721608,206824.58884384503,208561.86873374946
2023-09-01 19:00:00,212508.91,210164.58,206270.73,212072.65303378302,210644.71427161418,215892.73369436373
2023-09-01 20:00:00,211925.28,209763.64,204472.67,211057.54826706642,209977.7554232993,215253.12189774704
2023-09-01 21:00:00,211023.33,209642.1,203192.0,210215.745168164,209393.22862848546,214277.8148623628
2023-09-01 22:00:00,213206.36,210634.67,203562.23,210782.69707383966,210840.3694983732,213665.6770228445
2023-09-01 23:00:00,212446.22,208528.06,201226.43,208762.86226980842,208684.83392114093,211033.62543710813
2023-09-02 00:00:00,210482.06,207104.24,197121.51,205736.97442254628,206671.5876264705,210243.7824575965
2023-09-02 01:00:00,208403.94,206307.47,192619.76,203250.20756222765,206819.97203900758,207977.40443204675
2023-09-02 02:00:00,207170.39,204602.16,188305.06,200477.6799612116,204987.1794571809,205340.54538943956
2023-09-02 03:00:00,205480.47,203408.53,185379.27,198197.8915101569,202138.43173323132,202997.2687970728
2023-09-02 04:00:00,204999.85,203395.7,184006.27,197525.34669989263,201232.77918957354,202012.9132120869
2023-09-02 05:00:00,204997.26,204901.62,186786.81,199472.68576580886,202907.11063816806,202938.14873764027
2023-09-02 06:00:00,205887.11,207091.02,193519.63,203037.17167983783,204183.26443226964,206442.7869778808
2023-09-02 07:00:00,209670.25,210753.38,196840.85,206656.4228474831,206969.13380288833,209512.4406871857
2023-09-02 08:00:00,216374.83,218201.69,201975.7,212914.47882856827,213582.5564696665,213990.08560775546
2023-09-02 09:00:00,226294.04,226828.73,211244.31,222405.88508864434,223289.40011750613,221519.392229068
2023-09-02 10:00:00,232258.28,232782.99,216668.12,228493.4477661835,229385.50512018663,226371.423168429
2023-09-02 11:00:00,235009.24,236502.82,218629.74,231236.00410767682,231781.0732760045,227487.87593928826
2023-09-02 12:00:00,236466.45,237361.97,220392.7,231911.73851255391,232431.71622930473,227628.85702273724
2023-09-02 13:00:00,235424.88,235947.04,218333.02,229928.0966340878,230730.94591357812,225238.68150104373
2023-09-02 14:00:00,235202.78,235271.08,219723.85,230080.24853400615,231043.72753531986,226377.89757473645
2023-09-02 15:00:00,232712.44,232116.3,220324.88,228246.3487140518,227853.51690588464,225398.68390741278
2023-09-02 16:00:00,224497.15,224283.84,213649.76,220908.2841031859,219737.66344649147,220434.02647185148
2023-09-02 17:00:00,215275.5,214134.07,204939.9,211691.29356212655,210376.55556381476,214746.21165208507
2023-09-02 18:00:00,210306.62,210573.5,202256.47,208406.0792435909,207193.40562428933,213983.76931781412
2023-09-02 19:00:00,212234.91,212508.91,210410.4,212846.96892749897,210661.1566242004,222537.72250983643
2023-09-02 20:00:00,210192.38,211925.28,209219.28,212073.5565382533,210233.8815103275,223149.03631264064
2023-09-02 21:00:00,209951.02,211023.33,207345.48,210883.31016820527,209374.34106320358,222060.65806583117
2023-09-02 22:00:00,212144.6,213206.36,208158.66,212073.308890205,211440.2937827148,221773.1310959979
2023-09-02 23:00:00,211761.54,212446.22,206250.15,210676.10428134308,210163.6535284956,219488.75918371233
2023-09-03 00:00:00,209097.68,210482.06,203709.96,204335.02024481728,209812.02433251115,210192.18367373288
2023-09-03 01:00:00,207366.33,208403.94,200148.5,201950.74914534506,208647.76404910316,207464.4457995258
2023-09-03 02:00:00,205118.52,207170.39,196283.98,199661.83067411056,206193.97573938267,204660.37965130288
2023-09-03 03:00:00,202477.02,205480.47,193069.66,197524.1869007421,203749.82645755002,202685.4113617901
2023-09-03 04:00:00,201293.42,204999.85,191668.04,196863.91949463153,203036.43089181735,201987.75607552967
2023-09-03 05:00:00,199740.59,204997.26,192557.21,197547.10403142404,202126.7769056183,202481.85007561804
2023-09-03 06:00:00,200671.6,205887.11,192318.39,198194.33614409863,201375.05720283798,203046.2062321588
2023-09-03 07:00:00,202422.62,209670.25,194093.79,201246.97185646172,202023.360576978,204978.1724429822
2023-09-03 08:00:00,206059.12,216374.83,197977.11,207058.4615341402,206676.77141086044,207818.8303562652
2023-09-03 09:00:00,213068.43,226294.04,206117.86,216471.67078512543,214481.92422909985,213916.61262769255
2023-09-03 10:00:00,217153.46,232258.28,211744.51,222479.50429399248,219937.59496004335,218326.74597685158
2023-09-03 11:00:00,219800.73,235009.24,213812.8,225006.57791977172,221893.1098191276,220660.03253340992
2023-09-03 12:00:00,220938.64,236466.45,213992.13,225836.4768063822,224014.77910688674,221500.34537854063
2023-09-03 13:00:00,220166.25,235424.88,212944.71,224607.8836270597,222842.71114812916,219902.64486514142
2023-09-03 14:00:00,220036.11,235202.78,214718.84,224732.69314326128,222156.37298717524,220075.2997723216
2023-09-03 15:00:00,218464.97,232712.44,214358.98,222840.32379682717,221048.18149800712,218060.9268709395
2023-09-03 16:00:00,210240.98,224497.15,206602.55,215160.02810953598,212984.9688611588,212127.21392330524
2023-09-03 17:00:00,202449.62,215275.5,195707.81,205688.00506079764,202729.70215552585,204998.77633347633
2023-09-03 18:00:00,200752.16,210306.62,192674.4,201686.15809982517,198968.75020156932,204150.16702965758
2023-09-03 19:00:00,203914.68,212234.91,205289.74,207469.36951022007,207024.9291721356,215368.49750712753
2023-09-03 20:00:00,205455.25,210192.38,205862.65,206648.72997846478,206973.17801400085,218189.46648902458
2023-09-03 21:00:00,207098.04,209951.02,205473.28,206218.63107430143,207072.93419432064,218299.86969541016
2023-09-03 22:00:00,208747.06,212144.6,206989.57,207762.7048846874,209064.8162378644,218540.44871269393
2023-09-03 23:00:00,207153.94,211761.54,205649.15,206624.8403256017,208159.1091553147,215895.37818534422
2023-09-04 00:00:00,204642.23,209097.68,202722.0,209449.65768719587,206583.88964136952,202995.25072991863
2023-09-04 01:00:00,199901.72,207366.33,198291.08,206909.18512258216,203366.12611287317,199820.0853913022
2023-09-04 02:00:00,195972.67,205118.52,194578.06,204300.6913976257,199940.60683034157,196981.39891207565
2023-09-04 03:00:00,192974.11,202477.02,191861.94,201978.8050765282,197554.5665627314,194854.66451589682
2023-09-04 04:00:00,191294.91,201293.42,191485.19,201394.46604324938,197514.00329634125,194474.6239781204
2023-09-04 05:00:00,192362.65,199740.59,193396.29,201832.67495945623,199313.26999114454,196200.32377408977
2023-09-04 06:00:00,196384.3,200671.6,197196.45,204215.8635887812,203678.15627869093,200663.71848140098
2023-09-04 07:00:00,202047.13,202422.62,200102.31,207283.94861182533,208472.81940348953,206336.40276213086
2023-09-04 08:00:00,206110.4,206059.12,203138.56,211901.99665869883,216036.37996702164,211422.32811677433
2023-09-04 09:00:00,212338.79,213068.43,210155.73,219649.5197560355,226339.1253238042,220434.11668322718
2023-09-04 10:00:00,216827.87,217153.46,217106.34,225299.11607527052,231085.84742477932,226943.51539650853
2023-09-04 11:00:00,220368.08,219800.73,220214.01,228251.36782649255,235015.4163959689,229048.2288656455
2023-09-04 12:00:00,222492.62,220938.64,220593.71,228970.8870835637,235432.37061867333,228939.85832696696
2023-09-04 13:00:00,220811.85,220166.25,220080.81,227983.30809543573,234293.60913757244,226331.07096447656
2023-09-04 14:00:00,222647.32,220036.11,225019.37,229388.0155029484,232135.31110208493,228012.40112805567
2023-09-04 15:00:00,223386.13,218464.97,225118.14,227951.09907700671,230871.94060891768,227181.0384196332
2023-09-04 16:00:00,217971.12,210240.98,216101.3,219679.74373333887,222262.84091561125,221000.28817700237
2023-09-04 17:00:00,211430.56,202449.62,207720.69,211158.06424547717,213672.36571686674,214262.12718676674
2023-09-04 18:00:00,209116.91,200752.16,206854.98,209057.54702384828,211317.38873520706,212199.04395856638
2023-09-04 19:00:00,213507.56,203914.68,215038.01,213614.18411202377,214278.3468511568,219491.91913344653
2023-09-04 20:00:00,211778.03,205455.25,214471.9,213517.08593677898,213399.8590220051,219218.6036364459
2023-09-04 21:00:00,212558.32,207098.04,213935.01,213613.94252430648,213418.14317713317,218736.48660194065
2023-09-04 22:00:00,213405.12,208747.06,215449.83,215208.63016883313,214938.44196553508,218458.31562612214
2023-09-04 23:00:00,210926.24,207153.94,213744.31,213767.21409370078,214256.72515890762,215845.7566624316
2023-09-05 00:00:00,206194.13,204642.23,210264.72,207267.7383718998,206206.81136768858,207320.16272686573
2023-09-05 01:00:00,203012.6,199901.72,205267.32,203360.50236363852,203355.18850099927,203960.46757484533
2023-09-05 02:00:00,199676.41,195972.67,201164.32,200086.87292291928,200256.95619724432,200320.2491637582
2023-09-05 03:00:00,197039.39,192974.11,197777.39,197337.2046576973,197410.27687922225,197831.12262003237
2023-09-05 04:00:00,194493.14,191294.91,196293.82,196071.5168274922,196309.70489680374,196954.33412778616
2023-09-05 05:00:00,195228.43,192362.65,198392.41,197096.57179207285,196810.2749636987,198628.3993102171
2023-09-05 06:00:00,198619.89,196384.3,201111.01,199988.23173115388,199302.23101245274,202599.74066428872
2023-09-05 07:00:00,204066.92,202047.13,202649.54,203768.9167100844,203534.88353267434,205422.22029829293
2023-09-05 08:00:00,208127.08,206110.4,206891.6,208478.61346436338,208990.229026302,208448.75529726222
2023-09-05 09:00:00,214539.59,212338.79,217781.74,216942.18918394364,217254.83256270667,215615.16879669132
2023-09-05 10:00:00,218200.58,216827.87,225661.24,222758.45949290512,222122.2071630018,221202.3262545348
2023-09-05 11:00:00,220278.13,220368.08,229071.36,225898.1426334176,224564.80544952027,222876.01397455193
2023-09-05 12:00:00,219599.94,222492.62,230536.93,227354.37062052783,225769.25525110564,222884.00471130354
2023-09-05 13:00:00,217315.9,220811.85,229191.31,225860.4194285049,224574.51835112725,220779.65424721534
2023-09-05 14:00:00,218536.75,222647.32,231256.61,227073.08209400365,224937.81203628445,222333.1018374517
2023-09-05 15:00:00,217791.84,223386.13,229496.62,226064.98370154368,224419.16199059613,221502.01489869974
2023-09-05 16:00:00,211832.86,217971.12,221681.53,219242.70782519717,218450.72546433157,215611.01608031028
2023-09-05 17:00:00,205578.83,211430.56,211251.9,211018.09236157883,211233.9682056081,208858.8988868692
2023-09-05 18:00:00,202670.93,209116.91,206866.72,207756.29507465064,208041.6352453621,206611.4572471421
2023-09-05 19:00:00,208068.54,213507.56,211094.34,211529.05702461477,212172.49513711952,213341.42533220173
2023-09-05 20:00:00,207596.33,211778.03,210374.33,210206.67137286213,211059.13930187526,213698.00626192396
2023-09-05 21:00:00,207188.09,212558.32,209211.63,210063.80477455235,211615.6493911265,212938.48480450094
2023-09-05 22:00:00,207469.1,213405.12,209899.52,211052.5960923219,212833.69349821148,212672.85266402218
2023-09-05 23:00:00,204776.92,210926.24,208377.38,209333.09645878058,210650.96979441043,210488.5501094262
2023-09-06 00:00:00,201525.23,206194.13,206315.38,203396.99394691558,202608.74358237503,200128.5002613223
2023-09-06 01:00:00,198047.63,203012.6,203798.72,200530.6272766756,198933.2193293634,195698.23978417693
2023-09-06 02:00:00,194791.99,199676.41,201381.39,197653.01476076336,196057.55164081356,191787.61340543683
2023-09-06 03:00:00,191681.96,197039.39,198395.61,194896.41257395872,193148.53668839994,188477.14821018284
2023-09-06 04:00:00,189604.52,194493.14,197499.91,193291.6154755651,191912.38482654173,186989.02100338443
2023-09-06 05:00:00,190487.53,195228.43,199260.76,194095.00831067172,192869.82560229194,188776.3347662195
2023-09-06 06:00:00,194546.33,198619.89,200962.14,196756.4255529846,196014.84104285538,193330.23595654708
2023-09-06 07:00:00,199105.33,204066.92,204664.99,200965.97687961414,200753.04245411832,196817.5049727972
2023-09-06 08:00:00,203456.5,208127.08,210293.55,205329.01832739098,204762.04722955858,200088.80122151162
2023-09-06 09:00:00,211204.97,214539.59,220907.86,213025.44222486275,213494.78484844512,208543.4116073879
2023-09-06 10:00:00,215758.31,218200.58,227955.52,217789.42610279677,217686.20689810425,214066.00926430323
2023-09-06 11:00:00,217314.82,220278.13,230889.23,220192.58755806717,220339.4641009106,216072.753647276
2023-09-06 12:00:00,217199.3,219599.94,229492.59,219853.3631282653,219333.6978864462,216075.55231734464
2023-09-06 13:00:00,213969.76,217315.9,226714.41,217670.2247733935,216883.19050623884,214227.05405994717
2023-09-06 14:00:00,215029.29,218536.75,227207.56,218337.97909215986,217214.05078611796,215427.19541385066
2023-09-06 15:00:00,213581.71,217791.84,223816.29,216919.62320242185,217616.2941148439,214882.52483030676
2023-09-06 16:00:00,206626.77,211832.86,215959.31,210298.85698393022,211093.58218885658,209784.37757775735
2023-09-06 17:00:00,201486.95,205578.83,206633.92,203063.3921524364,203568.52159906755,203830.30287393212
2023-09-06 18:00:00,202019.34,202670.93,202610.75,200423.68835581088,201903.9104739612,201537.30797843143
2023-09-06 19:00:00,207858.15,208068.54,205344.8,204616.53695691875,206865.487452219,207784.97442959045
2023-09-06 20:00:00,205467.34,207596.33,205833.69,204402.03395888957,206363.55029928306,206215.23003099384
2023-09-06 21:00:00,204004.93,207188.09,205537.27,204353.57171125623,206293.74083805323,205420.59332164036
2023-09-06 22:00:00,202905.24,207469.1,206369.25,204948.92080071266,206445.2434049288,204680.4504124909
2023-09-06 23:00:00,199837.61,204776.92,205402.66,203005.96801668554,203918.95296088234,202606.52304350465
2023-09-07 00:00:00,196634.28,201525.23,204324.42,193116.71113644665,195247.6348160031,195597.12399105678
2023-09-07 01:00:00,192693.72,198047.63,202634.67,189954.59232557542,191364.1613338027,191110.22219467154
2023-09-07 02:00:00,188903.04,194791.99,200638.53,187017.65009327687,189358.3834940842,187254.16748102184
2023-09-07 03:00:00,185422.34,191681.96,198824.61,184509.96190506595,186114.45627300366,184290.87431127272
2023-09-07 04:00:00,184045.86,189604.52,198571.79,183135.74935369048,184435.86201468884,182831.35991093953
2023-09-07 05:00:00,186421.14,190487.53,199728.7,184272.02552750305,185245.77648936713,184237.54682330997
2023-09-07 06:00:00,189198.76,194546.33,200190.03,187322.4374242442,188772.08510268366,188611.6044977092
2023-09-07 07:00:00,194799.07,199105.33,202720.1,191530.15595838838,192612.11406221217,192516.36914073807
2023-09-07 08:00:00,199120.73,203456.5,210008.2,196299.02164416743,196375.72498422288,196393.43564857362
2023-09-07 09:00:00,205762.01,211204.97,222524.56,204439.35168254346,204792.01092080327,204207.1269922728
2023-09-07 10:00:00,209463.02,215758.31,230465.07,209488.88080075692,209393.0175177179,209772.80452127248
2023-09-07 11:00:00,210626.92,217314.82,233007.95,211596.23093583836,211324.57867255528,211925.28100583903
2023-09-07 12:00:00,211279.66,217199.3,233927.85,212046.3643878489,211261.1137020439,211802.89182481464
2023-09-07 13:00:00,209478.72,213969.76,232912.18,209873.04598230997,208967.33613872735,209392.2261553904
2023-09-07 14:00:00,210195.51,215029.29,231690.34,210479.98778801048,208539.96172362563,212030.81983928246
2023-09-07 15:00:00,208575.22,213581.71,228764.63,209252.0870756051,207532.69920764735,211017.84138928843
2023-09-07 16:00:00,202273.47,206626.77,220932.08,202989.40629033753,201600.7164600491,205470.48663246282
2023-09-07 17:00:00,195653.36,201486.95,211633.21,196531.25608356798,195888.85713575504,197924.79927709262
2023-09-07 18:00:00,195284.6,202019.34,206567.21,194715.02143166037,193265.64653650465,195082.83577795667
2023-09-07 19:00:00,200004.15,207858.15,210164.58,199507.68597143624,198843.62618781527,200699.87100361695
2023-09-07 20:00:00,197645.05,205467.34,209763.64,197949.7965477716,197448.05555778468,199407.62926494124
2023-09-07 21:00:00,196087.94,204004.93,209642.1,197250.74609111718,196405.18220801096,198878.7315220647
2023-09-07 22:00:00,194945.17,202905.24,210634.67,197198.4581366718,196175.39777221385,198625.69844769343
2023-09-07 23:00:00,193176.36,199837.61,208528.06,194662.41741851458,194110.11598544687,195886.50347447817
2023-09-08 00:00:00,189125.63,196634.28,207104.24,194556.7991057086,188496.2698036129,189973.39356478638
2023-09-08 01:00:00,186556.55,192693.72,206307.47,191740.10327986363,186249.84590112692,186674.55065669256
2023-09-08 02:00:00,182510.26,188903.04,204602.16,188758.4196033191,183429.2868344965,183729.0692706937
2023-09-08 03:00:00,180069.16,185422.34,203408.53,186256.25481876582,181478.47072689206,181036.17871248987
2023-09-08 04:00:00,179706.92,184045.86,203395.7,185124.382575732,180458.15736313967,180479.8953760458
2023-09-08 05:00:00,182274.52,186421.14,204901.62,186902.96327027844,182822.95680859487,182769.12443903345
2023-09-08 06:00:00,186672.95,189198.76,207091.02,189924.39670682923,187370.0223177076,187170.82003317354
2023-09-08 07:00:00,191699.94,194799.07,210753.38,194667.6809033734,193008.87891077087,191062.94753378324
2023-09-08 08:00:00,194963.11,199120.73,218201.69,199572.14983123195,199197.64121025815,195391.69639885434
2023-09-08 09:00:00,200767.68,205762.01,226828.73,206656.3541900058,206817.12634970914,204048.14436591123
2023-09-08 10:00:00,205443.7,209463.02,232782.99,211014.67577587755,210583.12702173096,210483.90927527103
2023-09-08 11:00:00,205973.9,210626.92,236502.82,213048.56188417925,212805.04040972382,212641.7369066279
2023-09-08 12:00:00,205242.6,211279.66,237361.97,213344.38136248817,213155.08800114124,212674.67168730864
2023-09-08 13:00:00,201787.16,209478.72,235947.04,211372.61443970964,211454.1995680189,210197.6908511389
2023-09-08 14:00:00,201355.63,210195.51,235271.08,211789.95402202065,211277.19863983482,211109.95807357223
2023-09-08 15:00:00,200317.99,208575.22,232116.3,210128.85260609773,209747.99544506153,210471.88963128076
2023-09-08 16:00:00,195515.69,202273.47,224283.84,203787.36428121402,203683.10468046457,204378.72992357853
2023-09-08 17:00:00,189962.43,195653.36,214134.07,196647.0650649193,197195.9047747508,196674.694583012
2023-09-08 18:00:00,194167.22,195284.6,210573.5,195063.28952696707,196211.16945434708,194330.13485371353
2023-09-08 19:00:00,202116.47,200004.15,212508.91,199254.60855271437,200981.01183142036,200950.0079408105
2023-09-08 20:00:00,199624.3,197645.05,211925.28,197742.1693382447,200255.06762607268,199821.05440155946
2023-09-08 21:00:00,197856.95,196087.94,211023.33,196551.70536387037,198903.00562412603,198851.9771713491
2023-09-08 22:00:00,197155.81,194945.17,213206.36,196615.10970698058,197397.59602876162,198760.01522646655
2023-09-08 23:00:00,194458.92,193176.36,212446.22,194833.03444052098,196065.4720173504,196559.34849645337
2023-09-09 00:00:00,189948.49,189125.63,210482.06,188095.67734258666,186788.94962558072,190774.11320960257
2023-09-09 01:00:00,184435.84,186556.55,208403.94,185374.3707164903,184228.31968383444,187003.1564050985
2023-09-09 02:00:00,180273.8,182510.26,207170.39,182396.89406240435,181226.97641252042,183065.2501817334
2023-09-09 03:00:00,177205.54,180069.16,205480.47,180055.47301190297,179405.77913626874,179788.25427893412
2023-09-09 04:00:00,175945.24,179706.92,204999.85,179267.71682324097,178345.84415055046,178185.638373659
2023-09-09 05:00:00,178595.5,182274.52,204997.26,180836.64692162952,179801.25209160752,179284.21556908175
2023-09-09 06:00:00,183540.17,186672.95,205887.11,184171.02952989523,183365.16387193438,183292.66545041997
2023-09-09 07:00:00,188247.83,191699.94,209670.25,188591.64469604104,187967.30221297796,185893.6584923953
2023-09-09 08:00:00,191769.15,194963.11,216374.83,192921.30279732033,192518.64460604527,190155.9307042494
2023-09-09 09:00:00,198325.86,200767.68,226294.04,200003.63350527675,200072.2268866745,197895.59010319694
2023-09-09 10:00:00,201395.26,205443.7,232258.28,204621.81460121067,204497.1355449625,203108.41025479542
2023-09-09 11:00:00,201855.17,205973.9,235009.24,205961.00771013627,206597.17485525794,204633.29859035995
2023-09-09 12:00:00,200704.68,205242.6,236466.45,206104.78326811572,207221.1879306244,205464.2893391687
2023-09-09 13:00:00,197387.1,201787.16,235424.88,203627.30418306234,205727.30811608984,203285.88364208475
2023-09-09 14:00:00,200032.3,201355.63,235202.78,203698.32317309786,205578.12413551784,204566.5673031676
2023-09-09 15:00:00,200748.22,200317.99,232712.44,202333.61079122656,203563.00360000643,204256.80098947434
2023-09-09 16:00:00,195867.33,195515.69,224497.15,196415.8577251053,197401.22109649068,198385.4789653055
2023-09-09 17:00:00,191884.55,189962.43,215275.5,190165.1322357054,191377.2818604794,191343.99475668467
2023-09-09 18:00:00,195264.33,194167.22,210306.62,190501.0510786392,191294.6509408751,189957.78189574037
2023-09-09 19:00:00,202424.03,202116.47,212234.91,195872.2868954695,194595.7137789198,197606.11083615164
2023-09-09 20:00:00,198075.96,199624.3,210192.38,193655.2113109149,192986.02687134326,196917.8098054449
2023-09-09 21:00:00,196301.75,197856.95,209951.02,192339.92631881562,192446.29485780996,195233.11254337954
2023-09-09 22:00:00,195145.95,197155.81,212144.6,192300.4032363178,193417.5683548654,195220.69285277484
2023-09-09 23:00:00,192309.96,194458.92,211761.54,190343.86166634833,191530.4107860145,193080.47989939825
2023-09-10 00:00:00,188159.99,189948.49,209097.68,185318.12295260787,186414.03044900217,189181.42035381644
2023-09-10 01:00:00,182902.71,184435.84,207366.33,181698.59123999823,182251.83926619528,184876.02466384368
2023-09-10 02:00:00,178809.68,180273.8,205118.52,178357.8098462203,179294.57879424392,180766.06837431324
2023-09-10 03:00:00,175779.15,177205.54,202477.02,175581.05608602907,176868.31572546295,177650.85048037933
2023-09-10 04:00:00,175223.53,175945.24,201293.42,174510.24690180685,175742.7806692791,176120.02843290503
2023-09-10 05:00:00,177299.67,178595.5,199740.59,175929.23817363544,176826.56477223343,176215.57308194996
2023-09-10 06:00:00,180520.53,183540.17,200671.6,179014.92932366088,179831.39832613754,175723.09249894158
2023-09-10 07:00:00,183164.79,188247.83,202422.62,182869.83442899815,183522.76398624555,177319.6136080448
2023-09-10 08:00:00,186198.12,191769.15,206059.12,186370.08581526112,187006.02122271052,180336.9720647751
2023-09-10 09:00:00,190232.0,198325.86,213068.43,192659.93315971954,193270.64648737796,187074.40276430166
2023-09-10 10:00:00,192064.63,201395.26,217153.46,196157.09840038966,195446.4107420643,191907.06277775514
2023-09-10 11:00:00,191365.86,201855.17,219800.73,197319.4833115556,196705.12814849403,194295.63590243724
2023-09-10 12:00:00,191527.05,200704.68,220938.64,197182.92616013304,197407.0264614968,194813.41045741868
2023-09-10 13:00:00,189543.45,197387.1,220166.25,195005.4043693373,194887.82261767038,193138.90466786182
2023-09-10 14:00:00,189419.19,200032.3,220036.11,196084.8889693805,196212.37266314626,193699.0577702194
2023-09-10 15:00:00,191288.11,200748.22,218464.97,195551.91090264524,194298.2401576794,191959.86069120906
2023-09-10 16:00:00,184246.34,195867.33,210240.98,189826.42298757035,189901.88081964938,185246.86146086306
2023-09-10 17:00:00,179131.36,191884.55,202449.62,184241.87561077342,184542.89922995545,176514.29302363444
2023-09-10 18:00:00,183297.85,195264.33,200752.16,185263.4338872691,185686.12418241447,174266.4145963909
2023-09-10 19:00:00,194411.79,202424.03,203914.68,190903.22375689386,191583.15160587765,185228.1213402383
2023-09-10 20:00:00,192581.8,198075.96,205455.25,188963.23914083053,190826.46848451358,186880.28330753357
2023-09-10 21:00:00,192500.79,196301.75,207098.04,188135.43390215418,191467.70331759224,186827.2014349884
2023-09-10 22:00:00,192478.3,195145.95,208747.06,187850.0062040624,191356.037779844,187497.87244259552
2023-09-10 23:00:00,189054.34,192309.96,207153.94,185749.06245924576,188527.5854083759,185115.62873637083
2023-09-11 00:00:00,184750.28,188159.99,204642.23,191214.910184695,183349.0934762959,183986.7658966295
2023-09-11 01:00:00,180028.36,182902.71,199901.72,186740.84614858005,179297.99117632862,179605.67635441877
2023-09-11 02:00:00,175503.94,178809.68,195972.67,182808.55387655413,175724.13797537767,175701.39378910253
2023-09-11 03:00:00,172685.5,175779.15,192974.11,179987.23206019355,172876.90511333017,172777.5163038138
2023-09-11 04:00:00,172047.15,175223.53,191294.91,179138.4902083645,172242.5567943815,171935.3794495114
2023-09-11 05:00:00,176160.38,177299.67,192362.65,181101.18055890122,174112.9012616861,173260.55158511712
2023-09-11 06:00:00,183515.33,180520.53,196384.3,185000.7424099889,179696.700540857,176997.58624151835
2023-09-11 07:00:00,190976.08,183164.79,202047.13,189208.52683250324,185665.23609579488,181832.8069115798
2023-09-11 08:00:00,194793.4,186198.12,206110.4,192597.12549280951,190135.71278681408,186306.719072629
2023-09-11 09:00:00,201528.05,190232.0,212338.79,197908.3591636279,196469.9024648846,194655.5708446231
2023-09-11 10:00:00,205011.28,192064.63,216827.87,201356.46385990668,200168.4027359206,201443.57502263505
2023-09-11 11:00:00,206791.75,191365.86,220368.08,202392.03289524975,201498.8614994618,203983.9063903422
2023-09-11 12:00:00,207048.86,191527.05,222492.62,202782.2302878778,201663.53686424895,203841.2368505794
2023-09-11 13:00:00,204518.35,189543.45,220811.85,200546.05244673355,200514.4018244693,201734.4742559715
2023-09-11 14:00:00,207018.68,189419.19,222647.32,201353.27035043584,202125.4932493328,204074.58488564234
2023-09-11 15:00:00,207124.54,191288.11,223386.13,202076.81157454787,202783.80606679354,203283.41584771234
2023-09-11 16:00:00,202813.5,184246.34,217971.12,196199.61354174884,197793.53410043434,196469.7849134993
2023-09-11 17:00:00,199023.63,179131.36,211430.56,190671.90392363473,193234.9184476899,189173.8398699979
2023-09-11 18:00:00,201571.4,183297.85,209116.91,192603.08625239445,192323.60415434584,186833.87084710153
2023-09-11 19:00:00,207723.9,194411.79,213507.56,200452.8989372666,200915.63420605462,193432.81281777253
2023-09-11 20:00:00,204485.74,192581.8,211778.03,198346.01243872932,199374.34855008536,192609.86546127367
2023-09-11 21:00:00,203683.92,192500.79,212558.32,197912.2512272152,197782.1894069699,192116.47971744358
2023-09-11 22:00:00,203766.26,192478.3,213405.12,197925.63726251447,197375.89499409773,192392.84127862952
2023-09-11 23:00:00,201119.2,189054.34,210926.24,195101.75125026942,195461.88862518244,190049.01148739972
2023-09-12 00:00:00,196115.69,184750.28,206194.13,195887.54721548007,189152.54147440716,197325.46805909995
2023-09-12 01:00:00,191701.79,180028.36,203012.6,191431.68799237002,184779.0784412561,193417.8622963221
2023-09-12 02:00:00,187151.27,175503.94,199676.41,187394.3736131971,180862.550212987,189607.56121760397
2023-09-12 03:00:00,184457.27,172685.5,197039.39,184546.64755038987,178477.84099364252,186881.20472968783
2023-09-12 04:00:00,183706.57,172047.15,194493.14,183205.63164852286,176231.78387712353,185739.8712133085
2023-09-12 05:00:00,186967.11,176160.38,195228.43,185812.66074837206,180003.99599485568,187505.6516131534
2023-09-12 06:00:00,192958.13,183515.33,198619.89,191026.41439051044,186186.08303645093,190724.42454532883
2023-09-12 07:00:00,198365.39,190976.08,204066.92,196765.70375851713,193520.54416914444,192788.744914472
2023-09-12 08:00:00,200017.04,194793.4,208127.08,200603.07845772812,197370.87117272636,196541.1784964606
2023-09-12 09:00:00,205495.78,201528.05,214539.59,207226.13576506687,203886.87065184605,204898.61190264748
2023-09-12 10:00:00,208781.99,205011.28,218200.58,210790.52129131855,207470.28222190627,211330.3250323176
2023-09-12 11:00:00,209670.41,206791.75,220278.13,212280.58663800725,209410.82601320694,213501.40964974865
2023-09-12 12:00:00,210146.95,207048.86,219599.94,211996.76691309465,208678.58837021346,214018.84197333016
2023-09-12 13:00:00,207862.33,204518.35,217315.9,209429.3112959557,206490.96992808557,212038.13108020174
2023-09-12 14:00:00,209391.47,207018.68,218536.75,211239.44527150472,208344.11615804717,213442.58002753978
2023-09-12 15:00:00,209702.04,207124.54,217791.84,211209.2242451236,208411.79034108084,212134.70640265982
2023-09-12 16:00:00,205489.93,202813.5,211832.86,205893.79465469535,204243.14091868277,205322.48289129054
2023-09-12 17:00:00,200849.79,199023.63,205578.83,200855.06951982857,199954.60144972822,197089.8497147273
2023-09-12 18:00:00,202544.72,201571.4,202670.93,201694.2073672044,200876.01818514545,193772.7492664191
2023-09-12 19:00:00,209148.7,207723.9,208068.54,208137.54938602485,207477.10054237858,199281.72716885482
2023-09-12 20:00:00,206485.9,204485.74,207596.33,205721.45460365652,204432.48154230762,198936.18037891056
2023-09-12 21:00:00,206470.58,203683.92,207188.09,204791.18562105933,203242.3321325657,198287.34565055138
2023-09-12 22:00:00,206818.43,203766.26,207469.1,204663.41290341367,202790.34111336403,198385.77234474244
2023-09-12 23:00:00,203846.07,201119.2,204776.92,201931.75532396953,200208.69559288336,196770.66610565828
2023-09-13 00:00:00,200376.48,196115.69,201525.23,199840.374410312,198434.36886743075,199554.80723255797
2023-09-13 01:00:00,195457.71,191701.79,198047.63,195581.37674956582,193820.05863191647,195168.46559092996
2023-09-13 02:00:00,190983.45,187151.27,194791.99,191585.50354323932,189048.06342680778,191419.27245322274
2023-09-13 03:00:00,188224.79,184457.27,191681.96,188648.56891114585,186204.94274059546,187923.64265436653
2023-09-13 04:00:00,187991.8,183706.57,189604.52,187533.89126692482,186129.261211754,186508.47144028157
2023-09-13 05:00:00,190789.51,186967.11,190487.53,189926.25824883353,189030.25216763688,188490.70185740644
2023-09-13 06:00:00,195888.87,192958.13,194546.33,194860.99689006055,193890.65146401362,192272.32172682064
2023-09-13 07:00:00,200200.23,198365.39,199105.33,199752.87726535756,199235.3337457986,195600.08710300672
2023-09-13 08:00:00,203117.62,200017.04,203456.5,202982.66729691115,201445.770549315,199874.53439800325
2023-09-13 09:00:00,209110.87,205495.78,211204.97,209388.72521813953,206918.36070800186,209716.19990810758
2023-09-13 10:00:00,213091.1,208781.99,215758.31,213068.93980618057,209874.67356334065,216275.9870900006
2023-09-13 11:00:00,214560.13,209670.41,217314.82,214061.2885092111,210815.0784270971,218824.96939652693
2023-09-13 12:00:00,214916.73,210146.95,217199.3,214127.1461106216,211338.22993678285,218639.32564204553
2023-09-13 13:00:00,213227.8,207862.33,213969.76,211454.72912425624,208892.21732560478,216390.7272887581
2023-09-13 14:00:00,215613.52,209391.47,215029.29,212511.67326230652,210593.754959795,217260.58100791386
2023-09-13 15:00:00,215842.45,209702.04,213581.71,212313.06969312317,210682.871075921,215763.75514990513
2023-09-13 16:00:00,210371.85,205489.93,206626.77,206485.75296350438,206234.68974845475,209628.99379980765
2023-09-13 17:00:00,205099.2,200849.79,201486.95,201378.40017271275,200941.1563396084,202386.33915871778
2023-09-13 18:00:00,204841.07,202544.72,202019.34,202990.27791006188,202019.2045540575,198963.28362888162
2023-09-13 19:00:00,208911.95,209148.7,207858.15,210027.32331985162,209073.79954691645,203440.35397882218
2023-09-13 20:00:00,206802.62,206485.9,205467.34,207610.66413222504,206204.2660371493,201779.28528853657
2023-09-13 21:00:00,206301.68,206470.58,204004.93,206920.326537745,206090.42329564528,201225.68819196284
2023-09-13 22:00:00,207005.4,206818.43,202905.24,206677.6408047435,205972.74172773337,201096.8002721443
2023-09-13 23:00:00,203946.0,203846.07,199837.61,203665.42163628378,203017.42372583662,199872.3143931347
2023-09-14 00:00:00,200405.34,200376.48,196634.28,200730.66740381107,201658.9344405401,200211.62685331365
2023-09-14 01:00:00,197963.53,195457.71,192693.72,196287.04648459604,197224.71898097877,196072.63453774052
2023-09-14 02:00:00,195127.26,190983.45,188903.04,192074.90008278005,192651.4064235962,192490.42993440476
2023-09-14 03:00:00,192906.82,188224.79,185422.34,189086.58569719814,190260.6196554373,189602.19279231594
2023-09-14 04:00:00,191938.64,187991.8,184045.86,188381.97244113864,189796.30618735403,188316.33965150575
2023-09-14 05:00:00,193230.87,190789.51,186421.14,191353.67616942443,192615.10086396197,189516.53674196082
2023-09-14 06:00:00,196493.94,195888.87,189198.76,196136.56098591394,197341.62235690962,192373.13710308092
2023-09-14 07:00:00,200926.91,200200.23,194799.07,201622.3152387098,200611.27978126676,195871.36661746484
2023-09-14 08:00:00,204633.82,203117.62,199120.73,205370.34726208728,203529.06510022676,200968.18650306904
2023-09-14 09:00:00,212329.59,209110.87,205762.01,212121.28822786952,209250.11488144635,210172.27298062755
2023-09-14 10:00:00,217295.5,213091.1,209463.02,216127.6403127646,212971.73598946029,216871.75446414633
2023-09-14 11:00:00,219040.33,214560.13,210626.92,217567.26931090446,214257.24096315293,219466.02116704
2023-09-14 12:00:00,218586.67,214916.73,211279.66,217984.27118019594,214785.350547578,219655.01269546011
2023-09-14 13:00:00,216678.38,213227.8,209478.72,215978.09469295022,212853.58984328405,217396.88931038964
2023-09-14 14:00:00,217457.74,215613.52,210195.51,217550.75297357322,214904.4398337398,218862.3535532334
2023-09-14 15:00:00,215987.87,215842.45,208575.22,216984.83055575576,215716.14363096977,217239.303847907
2023-09-14 16:00:00,211420.28,210371.85,202273.47,211374.3261050608,209687.39639634563,210638.71844447264
2023-09-14 17:00:00,204596.18,205099.2,195653.36,205710.69548102468,204664.2982337486,201745.24599101793
2023-09-14 18:00:00,204455.42,204841.07,195284.6,205914.13638399268,204635.10699610043,197808.630488053
2023-09-14 19:00:00,209512.37,208911.95,200004.15,210889.4402729608,209188.3396579927,201822.70519497173
2023-09-14 20:00:00,208148.23,206802.62,197645.05,208424.62499642096,206753.4827258279,199985.9407333649
2023-09-14 21:00:00,206567.08,206301.68,196087.94,207466.23599464813,206508.3859354508,199598.03297080612
2023-09-14 22:00:00,206454.28,207005.4,194945.17,207383.0484115998,206729.9406150442,199758.7972694585
2023-09-14 23:00:00,203643.22,203946.0,193176.36,204797.75306087878,204182.08697430132,197545.43586148295
2023-09-15 00:00:00,200114.41,200405.34,189125.63,200578.74109500882,200310.79229336034,200533.68546765126
2023-09-15 01:00:00,195844.6,197963.53,186556.55,197533.9399216116,197644.08715599906,197778.45518174686
2023-09-15 02:00:00,192051.52,195127.26,182510.26,193851.36480404582,195651.82111988438,194774.7979961781
2023-09-15 03:00:00,189772.04,192906.82,180069.16,191440.34754927814,193178.3330306508,192136.94551558024
2023-09-15 04:00:00,188806.67,191938.64,179706.92,190827.44308831028,191984.85173995068,191536.72426622102
2023-09-15 05:00:00,191506.76,193230.87,182274.52,193138.51346357205,192926.26844656514,193387.22059857883
2023-09-15 06:00:00,194994.66,196493.94,186672.95,197540.87200812952,196480.5578289713,196674.2062239889
2023-09-15 07:00:00,197596.22,200926.91,191699.94,202482.01521922232,200652.23510696497,200225.91456211463
2023-09-15 08:00:00,196975.33,204633.82,194963.11,205896.2543296726,203717.39708970577,205649.33457785327
2023-09-15 09:00:00,203111.61,212329.59,200767.68,212619.07700538993,211592.20159392082,214604.81287615848
2023-09-15 10:00:00,207881.57,217295.5,205443.7,217215.3311173939,216603.1177139388,221319.47854902883
2023-09-15 11:00:00,208384.16,219040.33,205973.9,218498.20213685092,218009.259839447,224257.0164905989
2023-09-15 12:00:00,207908.34,218586.67,205242.6,218208.14166937058,217247.6127350182,224703.23974861688
2023-09-15 13:00:00,204172.99,216678.38,201787.16,215669.38743952234,218441.6397871051,222632.1436571146
2023-09-15 14:00:00,205249.19,217457.74,201355.63,216215.90920760072,218167.58235302704,223215.40386129371
2023-09-15 15:00:00,205172.94,215987.87,200317.99,215236.12896064212,216932.46472198077,221572.47635797036
2023-09-15 16:00:00,201574.22,211420.28,195515.69,210346.92264297436,211753.92375321683,214572.959844895
2023-09-15 17:00:00,197578.83,204596.18,189962.43,204215.18094272548,204725.23117419519,205536.68319693473
2023-09-15 18:00:00,199992.92,204455.42,194167.22,205692.91304800476,204000.80122920108,202317.93442172123
2023-09-15 19:00:00,206754.54,209512.37,202116.47,211847.95826823168,208923.48750950294,206684.67715750285
2023-09-15 20:00:00,204080.02,208148.23,199624.3,209753.04116537087,207299.10818299057,205385.6585410686
2023-09-15 21:00:00,202446.84,206567.08,197856.95,208399.99942455607,206086.61545827918,204565.3741806593
2023-09-15 22:00:00,202336.7,206454.28,197155.81,208297.34619416163,205897.10646679104,205165.5285256652
2023-09-15 23:00:00,199327.58,203643.22,194458.92,205510.30764251002,202752.30799621154,203579.679284408
2023-09-16 00:00:00,194627.89,200114.41,189948.49,195155.7655377244,196481.1714854397,195623.77157392644
2023-09-16 01:00:00,189573.88,195844.6,184435.84,190735.78752537761,192061.49970729224,191988.3080579105
2023-09-16 02:00:00,185501.69,192051.52,180273.8,186976.96649119802,188573.21340396052,188407.70146384774
2023-09-16 03:00:00,182306.49,189772.04,177205.54,184452.97366896062,187460.577276077,185127.35057699037
2023-09-16 04:00:00,181319.01,188806.67,175945.24,183604.36366969746,186598.19572857753,183486.6291234569
2023-09-16 05:00:00,183517.58,191506.76,178595.5,186085.38916048902,189251.9534568695,184078.6049040825
2023-09-16 06:00:00,188374.08,194994.66,183540.17,190206.53672706525,190147.156555267,186979.2595211425
2023-09-16 07:00:00,191836.75,197596.22,188247.83,194039.2500431152,193477.7076024679,189893.84731449286
2023-09-16 08:00:00,194124.25,196975.33,191769.15,196097.77538079114,194166.86296317403,194919.8019390541
2023-09-16 09:00:00,201118.28,203111.61,198325.86,202566.52386768276,200117.90952763578,203243.58284554834
2023-09-16 10:00:00,204510.05,207881.57,201395.26,206679.41304530867,204248.55207282468,208713.01944871992
2023-09-16 11:00:00,205108.21,208384.16,201855.17,207550.97219322657,204942.80239724473,210520.4826642929
2023-09-16 12:00:00,204672.12,207908.34,200704.68,207101.32527515027,205196.09743972938,211894.98699121558
2023-09-16 13:00:00,200901.97,204172.99,197387.1,204161.4446439049,201997.3623307037,210154.9812950156
2023-09-16 14:00:00,201858.77,205249.19,200032.3,205757.0968919814,203061.07091454425,211003.4138764485
2023-09-16 15:00:00,199278.86,205172.94,200748.22,205701.34545723864,203002.11355496966,210038.33338058292
2023-09-16 16:00:00,192644.78,201574.22,195867.33,201134.19838120684,198617.90001480846,203263.4739228785
2023-09-16 17:00:00,188124.34,197578.83,191884.55,196479.57380289712,194610.3770607116,195395.90025106026
2023-09-16 18:00:00,191550.37,199992.92,195264.33,198094.50577215906,197212.51603997612,192612.00982104611
2023-09-16 19:00:00,198473.75,206754.54,202424.03,203996.3035137261,203671.00429413735,198107.5481689991
2023-09-16 20:00:00,193940.66,204080.02,198075.96,201068.06920230115,200989.8914495897,196598.56849617104
2023-09-16 21:00:00,191632.12,202446.84,196301.75,199613.9093447229,199229.31832881234,195365.10603022997
2023-09-16 22:00:00,190535.29,202336.7,195145.95,199405.59334648796,199931.8978461226,196053.62299944143
2023-09-16 23:00:00,188554.78,199327.58,192309.96,196621.13689586453,196966.39793127682,194551.22161796532
2023-09-17 00:00:00,185252.93,194627.89,188159.99,185744.8327935765,191514.91536816547,185740.95132067567
2023-09-17 01:00:00,181733.5,189573.88,182902.71,181615.91285045887,187786.37059863456,182307.26540242057
2023-09-17 02:00:00,178628.25,185501.69,178809.68,178088.97373936512,184040.7872864921,178821.56929876888
2023-09-17 03:00:00,175785.46,182306.49,175779.15,175396.33363366817,180920.95013469234,176038.291767038
2023-09-17 04:00:00,174614.04,181319.01,175223.53,174596.68593940683,180103.41267238522,174735.8858636771
2023-09-17 05:00:00,175653.24,183517.58,177299.67,176420.66883198768,181804.23136420356,174415.8343180717
2023-09-17 06:00:00,175558.54,188374.08,180520.53,180116.1683129473,183891.17085600662,174010.28805628978
2023-09-17 07:00:00,175817.39,191836.75,183164.79,183344.69361025072,184650.39860756297,175853.50262424516
2023-09-17 08:00:00,176110.64,194124.25,186198.12,185854.64453359498,187188.4045594585,179301.36442741903
2023-09-17 09:00:00,179585.11,201118.28,190232.0,191803.80971926748,191155.50086171448,186369.50969882714
2023-09-17 10:00:00,181051.87,204510.05,192064.63,195064.35780043027,193403.10073316575,191511.20572994175
2023-09-17 11:00:00,181464.22,205108.21,191365.86,195606.5462860514,195939.8223117539,194186.30821108344
2023-09-17 12:00:00,181297.34,204672.12,191527.05,195380.4731708759,193827.1227176623,195138.66276593725
2023-09-17 13:00:00,179585.83,200901.97,189543.45,192709.1053593479,190011.66833670685,193904.81436071318
2023-09-17 14:00:00,179858.79,201858.77,189419.19,193216.14261219994,189797.95473110172,194256.34716927196
2023-09-17 15:00:00,179212.19,199278.86,191288.11,192371.98070163387,189674.17609624992,192466.00863635718
2023-09-17 16:00:00,174593.83,192644.78,184246.34,186561.10199356402,182814.8550018194,184856.1868948467
2023-09-17 17:00:00,169319.35,188124.34,179131.36,181583.6364194657,177957.73395668695,175971.7315462812
2023-09-17 18:00:00,172480.53,191550.37,183297.85,184040.1360273157,181876.8585177059,173761.32119302402
2023-09-17 19:00:00,184258.98,198473.75,194411.79,191126.88864507875,192831.10977412315,182814.13341785877
2023-09-17 20:00:00,182980.72,193940.66,192581.8,188513.07003633262,190571.23925347993,183819.78226617895
2023-09-17 21:00:00,182305.83,191632.12,192500.79,187197.79581141085,189359.68926596214,184147.39464691846
2023-09-17 22:00:00,181976.85,190535.29,192478.3,186782.8516091394,189709.02506111396,185253.38188781956
2023-09-17 23:00:00,179760.32,188554.78,189054.34,184295.21375163321,186518.8163920316,183383.90468202854
2023-09-18 00:00:00,175914.73,185252.93,184750.28,182368.81808907972,174191.8553198029,175826.28245952164
2023-09-18 01:00:00,171490.57,181733.5,180028.36,178349.54386564842,171561.5456648646,171736.16781220472
2023-09-18 02:00:00,167705.65,178628.25,175503.94,174747.15850168624,168727.13489106597,168202.23724727827
2023-09-18 03:00:00,164859.65,175785.46,172685.5,172108.66098529517,166189.66650032,165557.4863175818
2023-09-18 04:00:00,164570.62,174614.04,172047.15,171189.1858859751,165007.48530728952,164752.2454813688
2023-09-18 05:00:00,168238.08,175653.24,176160.38,173485.080580932,165884.51694219862,165724.88268136425
2023-09-18 06:00:00,172282.04,175558.54,183515.33,176791.3879966407,173377.83843624944,169116.40498273514
2023-09-18 07:00:00,176297.26,175817.39,190976.08,180066.61370099318,177772.35472126148,173786.77556310114
2023-09-18 08:00:00,179659.88,176110.64,194793.4,181556.74536457605,176895.10715482102,178568.85055148345
2023-09-18 09:00:00,186005.87,179585.11,201528.05,186704.83272908902,181122.02824742428,186737.40114339208
2023-09-18 10:00:00,190583.82,181051.87,205011.28,189578.94095928842,183553.5746000337,193187.5888820095
2023-09-18 11:00:00,192782.39,181464.22,206791.75,190517.77147769034,185001.04629470938,196303.2972771526
2023-09-18 12:00:00,192163.97,181297.34,207048.86,190459.12295854845,185239.8025009888,196821.40702627687
2023-09-18 13:00:00,189598.56,179585.83,204518.35,188004.1412107002,182876.4436592141,195160.06705209333
2023-09-18 14:00:00,190385.18,179858.79,207018.68,189071.99351844855,184737.73208723654,197550.3370279958
2023-09-18 15:00:00,189827.46,179212.19,207124.54,188647.30456538958,184579.89542674122,196959.22244280778
2023-09-18 16:00:00,185727.02,174593.83,202813.5,184305.76472442856,181060.6249852025,189872.535976234
2023-09-18 17:00:00,181115.77,169319.35,199023.63,179897.09705235134,178388.62711782067,182216.73136717224
2023-09-18 18:00:00,184349.89,172480.53,201571.4,182367.55581004973,180769.75138028615,179336.24811959727
2023-09-18 19:00:00,193033.42,184258.98,207723.9,190381.70918980747,187789.87025743324,184755.14485327373
2023-09-18 20:00:00,189710.95,182980.72,204485.74,188029.7694213855,185329.54422330743,183467.03742957485
2023-09-18 21:00:00,187336.84,182305.83,203683.92,187010.39394918908,184470.44419590587,183388.94229108046
2023-09-18 22:00:00,186391.11,181976.85,203766.26,186779.1370043119,183412.21560128726,184118.79359200416
2023-09-18 23:00:00,184321.41,179760.32,201119.2,184385.14058139917,181022.98061640983,182150.2120970519
2023-09-19 00:00:00,180418.68,175914.73,196115.69,179914.1487240837,175158.71040942447,180753.3326097311
2023-09-19 01:00:00,176082.34,171490.57,191701.79,175724.3925156028,170873.96131076905,177186.83464584875
2023-09-19 02:00:00,172588.47,167705.65,187151.27,171945.14227322908,167782.60293702772,173751.684141469
2023-09-19 03:00:00,170032.14,164859.65,184457.27,169232.06968976997,164668.9331679843,171267.0017868907
2023-09-19 04:00:00,169808.51,164570.62,183706.57,168547.10255590096,164480.20991070868,169747.29949721147
2023-09-19 05:00:00,172662.69,168238.08,186967.11,171365.5596694198,167281.30196111527,171021.7614895527
2023-09-19 06:00:00,176592.76,172282.04,192958.13,175617.28262590952,173469.70326541257,173666.08944235643
2023-09-19 07:00:00,179716.98,176297.26,198365.39,179595.0664869289,179550.26575983418,176273.49915996654
2023-09-19 08:00:00,181637.54,179659.88,200017.04,181997.98989605324,182120.41916986142,180381.22603926004
2023-09-19 09:00:00,187366.96,186005.87,205495.78,187731.2988427504,187129.29102281426,188677.09706022873
2023-09-19 10:00:00,189812.54,190583.82,208781.99,191234.4898401838,190085.9536542003,194652.34498819284
2023-09-19 11:00:00,194503.07,192782.39,209670.41,192520.8867494313,191059.89120455846,197197.46059011843
2023-09-19 12:00:00,195829.82,192163.97,210146.95,192241.9598165042,191547.22310048234,197600.88886006954
2023-09-19 13:00:00,193008.06,189598.56,207862.33,189673.36937265782,189743.00622080962,195870.5317049016
2023-09-19 14:00:00,195524.66,190385.18,209391.47,190567.94153771046,190611.45515636448,196937.4990960857
2023-09-19 15:00:00,194174.15,189827.46,209702.04,189859.42390722764,190878.56010474364,195102.73778490844
2023-09-19 16:00:00,188124.96,185727.02,205489.93,185333.0167650884,187376.17443334285,188242.6510991744
2023-09-19 17:00:00,183429.53,181115.77,200849.79,180818.89577299502,183624.07551253357,179708.25470370578
2023-09-19 18:00:00,187068.4,184349.89,202544.72,183224.1574668657,186376.28609085848,176085.21204542802
2023-09-19 19:00:00,195032.64,193033.42,209148.7,190681.36823206558,192421.6982501245,181646.97626713314
2023-09-19 20:00:00,192669.48,189710.95,206485.9,187729.22771580814,190528.49273916858,181452.03678457186
2023-09-19 21:00:00,191167.86,187336.84,206470.58,186242.43249710783,189356.82558413313,181044.44896206298
2023-09-19 22:00:00,190500.71,186391.11,206818.43,185709.41092604777,188273.50554822697,181628.82840259394
2023-09-19 23:00:00,188501.4,184321.41,203846.07,183448.16434859642,185664.6224279205,179970.3567925081
2023-09-20 00:00:00,184784.7,180418.68,200376.48,182432.94497806864,177158.27426271487,184737.71982093083
2023-09-20 01:00:00,180345.36,176082.34,195457.71,178279.8326325964,173466.68642540372,181100.0111211076
2023-09-20 02:00:00,176596.14,172588.47,190983.45,174698.75224237825,170376.74438832334,177922.53132515211
2023-09-20 03:00:00,173808.48,170032.14,188224.79,172083.0930705511,167848.09934364195,174751.1988996609
2023-09-20 04:00:00,173508.53,169808.51,187991.8,171613.37474366697,166625.22562343488,173260.3810687412
2023-09-20 05:00:00,176346.55,172662.69,190789.51,174060.37393684173,169597.9655382002,174941.88617580867
2023-09-20 06:00:00,181565.26,176592.76,195888.87,177579.40178877435,174596.97457979945,178551.03833921728
2023-09-20 07:00:00,185777.17,179716.98,200200.23,180687.44447739172,178927.5543291546,182564.8338539752
2023-09-20 08:00:00,187738.68,181637.54,203117.62,182825.96931751806,181567.13921339242,187361.12440258803
2023-09-20 09:00:00,195197.44,187366.96,209110.87,188199.70812737214,186996.31944881842,197041.2303656124
2023-09-20 10:00:00,201575.97,189812.54,213091.1,191096.64416185845,190269.36851288273,203353.0242227143
2023-09-20 11:00:00,203946.06,194503.07,214560.13,193535.46361617438,192942.09015263562,205747.2927410652
2023-09-20 12:00:00,203715.99,195829.82,214916.73,193975.60341947855,193932.93898804247,205571.01618510153
2023-09-20 13:00:00,200752.05,193008.06,213227.8,191697.55148632673,191404.87062637048,202681.376013641
2023-09-20 14:00:00,202650.28,195524.66,215613.52,193370.94832672447,193022.3138549952,203352.81512832898
2023-09-20 15:00:00,201132.8,194174.15,215842.45,192673.46810057794,192010.38283842284,201716.78293106018
2023-09-20 16:00:00,195916.96,188124.96,210371.85,187415.84412013632,187214.54310128262,195381.8761788429
2023-09-20 17:00:00,191203.24,183429.53,205099.2,182626.6632375911,183658.7119643051,188282.95247624133
2023-09-20 18:00:00,194430.85,187068.4,204841.07,184810.72138220185,186472.22939252525,186253.5038033914
2023-09-20 19:00:00,201715.22,195032.64,208911.95,192056.8139565315,193230.45387985779,191119.22270208134
2023-09-20 20:00:00,198486.5,192669.48,206802.62,189892.17591004042,190712.31992084396,189091.20323043433
2023-09-20 21:00:00,197266.74,191167.86,206301.68,188698.21202258393,188785.64517628384,188325.97133337226
2023-09-20 22:00:00,197415.6,190500.71,207005.4,188384.0937074076,187478.2463495787,188301.7766046518
2023-09-20 23:00:00,193807.23,188501.4,203946.0,186041.12565238867,185810.23600044093,186573.11170014445
2023-09-21 00:00:00,190518.46,184784.7,200405.34,187235.9723227329,188086.00708969877,189842.64935446225
2023-09-21 01:00:00,186791.02,180345.36,197963.53,183466.9360501569,184710.87668703456,185647.1987328779
2023-09-21 02:00:00,182874.97,176596.14,195127.26,180038.67117249707,181330.33656546762,181999.89918309226
2023-09-21 03:00:00,179783.13,173808.48,192906.82,177436.4966075037,178832.3533788497,178928.28445413575
2023-09-21 04:00:00,178809.36,173508.53,191938.64,176919.49591107393,177943.21256652518,177518.30717342094
2023-09-21 05:00:00,180596.66,176346.55,193230.87,179469.30388818806,180894.6679689782,178942.51513373893
2023-09-21 06:00:00,185476.88,181565.26,196493.94,183712.0810225031,184332.01739739653,181489.4138788071
2023-09-21 07:00:00,189950.2,185777.17,200926.91,188004.58569581242,188870.57649117647,185521.6157370544
2023-09-21 08:00:00,192057.31,187738.68,204633.82,190887.04323868107,191228.82452714888,190580.5438274681
2023-09-21 09:00:00,198418.36,195197.44,212329.59,197927.54815530733,198524.71561881158,199537.6516321456
2023-09-21 10:00:00,203322.72,201575.97,217295.5,202970.66524320445,204264.34036359406,205328.2483973245
2023-09-21 11:00:00,204879.35,203946.06,219040.33,205177.56660213793,206738.03313984838,207318.35192220475
2023-09-21 12:00:00,204338.24,203715.99,218586.67,204940.42723976952,206681.205316203,207671.58125038733
2023-09-21 13:00:00,201566.04,200752.05,216678.38,202405.63889446648,203605.0053851469,205612.2083555489
2023-09-21 14:00:00,202095.52,202650.28,217457.74,203662.9656569513,205610.08187573205,206759.48278827968
2023-09-21 15:00:00,202701.36,201132.8,215987.87,202369.2998340553,204216.21005568112,205068.17869738484
2023-09-21 16:00:00,197567.76,195916.96,211420.28,197514.4029757015,198313.898118149,198513.58465961792
2023-09-21 17:00:00,191388.71,191203.24,204596.18,192188.52397391593,193185.5824902853,189969.55646482465
2023-09-21 18:00:00,195612.11,194430.85,204455.42,194251.48895616084,195430.97189955946,186673.8535960025
2023-09-21 19:00:00,200200.29,201715.22,209512.37,200962.51527408272,201338.90501119426,190974.37119319412
2023-09-21 20:00:00,197020.57,198486.5,208148.23,198360.47601070537,199617.6048894424,188829.52915708112
2023-09-21 21:00:00,195788.35,197266.74,206567.08,196707.30458930347,198122.39913593413,188247.4051374738
2023-09-21 22:00:00,195897.15,197415.6,206454.28,196381.59785014478,198128.43052930187,188444.86743462845
2023-09-21 23:00:00,193085.21,193807.23,203643.22,193549.50694283308,194897.7944812865,186274.3301433011
2023-09-22 00:00:00,188077.34,190518.46,200114.41,192131.37057434698,190675.84642836286,189857.7321789583
2023-09-22 01:00:00,183506.37,186791.02,195844.6,188125.18985307144,186826.5992937746,187019.07546501423
2023-09-22 02:00:00,179352.6,182874.97,192051.52,184338.5265216845,182935.49486382614,183624.31129565317
2023-09-22 03:00:00,176070.14,179783.13,189772.04,181668.8307618,179796.98915106183,180969.63283627006
2023-09-22 04:00:00,174931.26,178809.36,188806.67,180952.52261461032,178910.44863842058,180409.01307604613
2023-09-22 05:00:00,177412.85,180596.66,191506.76,183418.81385118954,180976.11442023102,182523.6137550453
2023-09-22 06:00:00,182143.37,185476.88,194994.66,187802.63360572522,185559.15877918154,186187.86852538103
2023-09-22 07:00:00,186141.1,189950.2,197596.22,191584.83471853548,189004.08957470857,190130.30621533538
2023-09-22 08:00:00,188493.65,192057.31,196975.33,192950.4494002919,191726.19564039708,195020.4918904472
2023-09-22 09:00:00,194529.57,198418.36,203111.61,199201.8333954958,197589.49704021303,203212.5838762442
2023-09-22 10:00:00,198202.53,203322.72,207881.57,203693.47981790485,202545.11838173756,209234.62251693802
2023-09-22 11:00:00,199463.57,204879.35,208384.16,205484.67010388718,204233.08077101185,211605.0902487337
2023-09-22 12:00:00,199168.6,204338.24,207908.34,205279.22512955975,203864.34238553472,211661.5750888607
2023-09-22 13:00:00,195016.67,201566.04,204172.99,202108.09143984385,200748.4677904085,208970.29674888705
2023-09-22 14:00:00,197134.47,202095.52,205249.19,203173.29058129215,201420.17062044595,209360.69937602093
2023-09-22 15:00:00,197300.47,202701.36,205172.94,202923.10739120396,201634.57705860367,208132.9165326114
2023-09-22 16:00:00,193456.66,197567.76,201574.22,198123.84920182213,196821.03426206956,201929.0711559374
2023-09-22 17:00:00,189558.6,191388.71,197578.83,193066.86106348847,190729.30860475483,193316.6097587366
2023-09-22 18:00:00,194394.94,195612.11,199992.92,196521.41107211227,195131.35589889344,191742.5236678975
2023-09-22 19:00:00,199162.94,200200.29,206754.54,202794.42449719307,199669.3235122475,197331.26642675887
2023-09-22 20:00:00,196450.96,197020.57,204080.02,199901.16916941118,196508.312414408,195675.82618188055
2023-09-22 21:00:00,195198.26,195788.35,202446.84,198380.60692775768,195293.39013394265,194503.66430660352
2023-09-22 22:00:00,194444.63,195897.15,202336.7,198178.29901761265,195326.43136223976,194798.9313297518
2023-09-22 23:00:00,190767.06,193085.21,199327.58,195383.46786562938,192503.64830645674,192935.1844469232
2023-09-23 00:00:00,185330.3,188077.34,194627.89,188188.0416200487,186550.29072082773,186208.5303560817
2023-09-23 01:00:00,180756.94,183506.37,189573.88,183598.40966207988,182394.75332797653,181640.49161287546
2023-09-23 02:00:00,176442.54,179352.6,185501.69,179628.8302787458,178314.8876727622,177781.79266561638
2023-09-23 03:00:00,172734.02,176070.14,182306.49,176557.80959205332,175060.41663094488,174206.846538629
2023-09-23 04:00:00,171657.84,174931.26,181319.01,175673.74273684324,174058.2731556688,172544.17983382297
2023-09-23 05:00:00,173687.16,177412.85,183517.58,178127.7866737378,175823.25044977973,173388.1802029639
2023-09-23 06:00:00,177746.08,182143.37,188374.08,183034.39096150416,180167.90764994468,176694.96326841158
2023-09-23 07:00:00,178553.53,186141.1,191836.75,187053.75732576224,183761.93313252568,180153.5764108981
2023-09-23 08:00:00,179175.16,188493.65,194124.25,189384.8098425568,186293.89215471558,184936.6359208874
2023-09-23 09:00:00,184372.47,194529.57,201118.28,195940.19508492347,192094.9850238599,193153.39170949484
2023-09-23 10:00:00,190091.22,198202.53,204510.05,200031.47477667005,196401.09257188888,197872.9822603112
2023-09-23 11:00:00,191126.37,199463.57,205108.21,201251.59133977955,197720.3666329663,199236.77731004954
2023-09-23 12:00:00,190642.53,199168.6,204672.12,200829.47073245846,197768.54829349087,199911.5097592922
2023-09-23 13:00:00,184824.52,195016.67,200901.97,197194.34079159034,193977.7287307489,197628.64026937739
2023-09-23 14:00:00,186093.19,197134.47,201858.77,198721.25760213073,195083.2415578451,198591.89979999117
2023-09-23 15:00:00,186428.85,197300.47,199278.86,197822.13977496527,194883.97577028215,198277.87965593397
2023-09-23 16:00:00,184950.47,193456.66,192644.78,192815.77201731905,190310.2596294576,191856.60114832886
2023-09-23 17:00:00,183922.38,189558.6,188124.34,188442.59270070223,186493.39613905764,184818.21087190675
2023-09-23 18:00:00,189979.42,194394.94,191550.37,192347.67166444732,191092.83879128678,183164.72011395384
2023-09-23 19:00:00,195906.79,199162.94,198473.75,198272.24449720944,196648.95162722663,188731.4767571622
2023-09-23 20:00:00,191269.51,196450.96,193940.66,194806.3346740015,193387.61134633658,186250.6067334105
2023-09-23 21:00:00,187951.85,195198.26,191632.12,193156.70219017938,191955.50169574417,184830.37455289517
2023-09-23 22:00:00,187105.68,194444.63,190535.29,192481.57171328302,191006.575379988,185225.37207722446
2023-09-23 23:00:00,184165.58,190767.06,188554.78,189473.89445486275,187880.5584492273,183474.89100089323
2023-09-24 00:00:00,179494.26,185330.3,185252.93,178525.62748492393,182584.2719888657,180563.42960346403
2023-09-24 01:00:00,174037.63,180756.94,181733.5,174570.6332863169,178522.61793825173,176592.82095290266
2023-09-24 02:00:00,170275.06,176442.54,178628.25,170884.51340483624,175069.43047692912,172804.29181166465
2023-09-24 03:00:00,166884.94,172734.02,175785.46,167791.64030765317,172031.09503993028,169544.51659520314
2023-09-24 04:00:00,165979.46,171657.84,174614.04,166817.95578217713,170868.39538954673,168168.093874152
2023-09-24 05:00:00,167455.64,173687.16,175653.24,168570.7277154597,172245.56273447105,168011.86689260553
2023-09-24 06:00:00,169240.59,177746.08,175558.54,171636.00821973875,173531.81308739906,168315.84499283347
2023-09-24 07:00:00,171408.39,178553.53,175817.39,173452.6005814604,174237.16463127133,170617.2652827363
2023-09-24 08:00:00,173514.54,179175.16,176110.64,174580.8927150514,174686.26162455548,174196.57049406163
2023-09-24 09:00:00,176555.56,184372.47,179585.11,179349.72113262804,178737.95377749455,180519.60733590185
2023-09-24 10:00:00,177839.12,190091.22,181051.87,183155.69225065372,180515.91591704977,184388.07797445296
2023-09-24 11:00:00,178560.33,191126.37,181464.22,183999.8503577617,180376.96404424345,186113.65226916334
2023-09-24 12:00:00,178057.94,190642.53,181297.34,183625.47942789918,180306.1427507351,186756.71459651398
2023-09-24 13:00:00,176197.17,184824.52,179585.83,180028.2111862461,178212.94638302803,185165.81218021462
2023-09-24 14:00:00,176197.68,186093.19,179858.79,180790.67387508112,178292.0218069052,185519.0370370708
2023-09-24 15:00:00,174010.28,186428.85,179212.19,180931.9908537425,177136.31691295168,185109.26821420164
2023-09-24 16:00:00,170063.48,184950.47,174593.83,177526.00091532237,172088.17869045405,177756.70339932953
2023-09-24 17:00:00,167667.33,183922.38,169319.35,174012.14200573115,170066.3350021575,169949.10675176818
2023-09-24 18:00:00,175617.14,189979.42,172480.53,178448.54140557136,175733.77082576868,168827.50966963838
2023-09-24 19:00:00,184903.15,195906.79,184258.98,185543.60564033623,182909.13593429595,177758.3140732692
2023-09-24 20:00:00,182088.06,191269.51,182980.72,182535.19910493103,182288.70806838677,177866.75044256082
2023-09-24 21:00:00,180203.94,187951.85,182305.83,180714.97906633595,181413.47087902692,178141.74355054557
2023-09-24 22:00:00,179244.55,187105.68,181976.85,180221.58210819415,180952.17037538384,179064.88703833686
2023-09-24 23:00:00,175733.52,184165.58,179760.32,177536.2813439304,178687.59702388174,177083.21026605833
2023-09-25 00:00:00,170884.35,179494.26,175914.73,177341.8423079293,172680.79913862018,171192.4330659153
2023-09-25 01:00:00,166465.75,174037.63,171490.57,172599.50373163677,168086.85711615064,166299.1197172646
2023-09-25 02:00:00,162641.1,170275.06,167705.65,168767.9065511582,164335.76115317468,161910.71778622307
2023-09-25 03:00:00,160150.8,166884.94,164859.65,165658.32499617888,161464.45152517105,158691.47177946387
2023-09-25 04:00:00,159073.86,165979.46,164570.62,164934.49860908897,160384.80265868202,157512.09332853014
2023-09-25 05:00:00,162754.15,167455.64,168238.08,167436.48796734004,161987.69123741257,158836.5571036642
2023-09-25 06:00:00,170297.73,169240.59,172282.04,170954.96148742517,167979.14039162386,163102.07201943992
2023-09-25 07:00:00,175455.88,171408.39,176297.26,174224.18615866822,173588.58019973696,168483.5857721484
2023-09-25 08:00:00,177421.31,173514.54,179659.88,176705.57645098827,176856.24816705871,172713.0239359066
2023-09-25 09:00:00,184325.27,176555.56,186005.87,181582.50128563566,184156.4831301461,179857.0330015451
2023-09-25 10:00:00,188466.49,177839.12,190583.82,184702.49152189336,189252.37836107358,185147.50609271167
2023-09-25 11:00:00,189302.15,178560.33,192782.39,185989.58494230095,189924.33060164857,187713.87146929177
2023-09-25 12:00:00,189690.78,178057.94,192163.97,185511.0336860981,189536.1150445145,188171.20254265162
2023-09-25 13:00:00,186837.09,176197.17,189598.56,182666.86930551074,187537.19219760163,186579.72968746902
2023-09-25 14:00:00,188758.01,176197.68,190385.18,183461.30268904718,187577.9988047535,189302.89419478946
2023-09-25 15:00:00,189968.56,174010.28,189827.46,182543.1885119021,186076.75594892548,189022.8169356369
2023-09-25 16:00:00,186341.85,170063.48,185727.02,178842.25042322892,182230.41346328106,182850.25255900118
2023-09-25 17:00:00,184036.81,167667.33,181115.77,175610.09544955814,178706.80887653865,176217.51664238647
2023-09-25 18:00:00,191355.48,175617.14,184349.89,180947.87824911447,184423.33310462907,174760.1917877459
2023-09-25 19:00:00,198515.98,184903.15,193033.42,188528.19033529548,192531.87461915743,180209.42944651848
2023-09-25 20:00:00,195146.35,182088.06,189710.95,185445.1862450378,189029.80189403915,178460.87134884967
2023-09-25 21:00:00,192422.44,180203.94,187336.84,183452.73039681354,186703.39575039785,178260.4739025722
2023-09-25 22:00:00,191450.64,179244.55,186391.11,182582.04527844032,185383.2413169307,179025.707460045
2023-09-25 23:00:00,187168.65,175733.52,184321.41,179621.84042040855,182036.91687971228,177010.3174359755
2023-09-26 00:00:00,182089.9,170884.35,180418.68,177447.88235674019,177402.6327597801,181445.01112247494
2023-09-26 01:00:00,177167.06,166465.75,176082.34,172998.49915922363,172212.0514128638,176531.51451610413
2023-09-26 02:00:00,172993.03,162641.1,172588.47,169197.370448891,168194.4211192691,171806.79215213843
2023-09-26 03:00:00,170362.07,160150.8,170032.14,166420.87481188838,164994.40752455778,168359.2153502516
2023-09-26 04:00:00,169557.29,159073.86,169808.51,165670.211891399,163829.43105462572,166250.82524505164
2023-09-26 05:00:00,172483.82,162754.15,172662.69,168613.10865685786,167342.42647387565,167187.67101059406
2023-09-26 06:00:00,179169.56,170297.73,176592.76,173873.45120055613,173398.79246997985,170560.8238819566
2023-09-26 07:00:00,183516.42,175455.88,179716.98,177456.46130925784,176369.68009357143,174364.87925047518
2023-09-26 08:00:00,185521.12,177421.31,181637.54,179208.7635874475,178217.18919504975,178320.63106463526
2023-09-26 09:00:00,191679.12,184325.27,187366.96,185005.72697362435,184226.57111932852,186011.00416923716
2023-09-26 10:00:00,196427.31,188466.49,189812.54,188603.8170992085,187454.76326091526,191372.22890143056
2023-09-26 11:00:00,198308.68,189302.15,194503.07,190575.73371622036,189584.30703879453,193472.05401754242
2023-09-26 12:00:00,198451.11,189690.78,195829.82,190951.7092196561,190133.20271957852,193468.04792590812
2023-09-26 13:00:00,195638.66,186837.09,193008.06,187670.27576238516,187321.6838735045,191424.09929664832
2023-09-26 14:00:00,197905.02,188758.01,195524.66,189369.5973944936,188322.84043381413,192716.20536496665
2023-09-26 15:00:00,198008.42,189968.56,194174.15,189288.8768131902,189588.48733239938,191340.43001724035
2023-09-26 16:00:00,193647.18,186341.85,188124.96,185319.56765374306,185310.67881130354,185240.597734595
2023-09-26 17:00:00,190100.85,184036.81,183429.53,182399.95814758612,183501.99704421067,177998.07387722877
2023-09-26 18:00:00,195796.69,191355.48,187068.4,187994.74674842457,190111.1914870543,175695.86482556196
2023-09-26 19:00:00,203510.89,198515.98,195032.64,195202.47179302716,196876.94778763116,180447.88417053805
2023-09-26 20:00:00,199500.73,195146.35,192669.48,191982.06138933217,193273.03962512498,178965.52339354268
2023-09-26 21:00:00,197012.82,192422.44,191167.86,189689.64565800564,190691.75578213722,178387.3367258155
2023-09-26 22:00:00,195565.3,191450.64,190500.71,188869.91608708588,189347.64136003406,178829.86537080037
2023-09-26 23:00:00,192202.61,187168.65,188501.4,185693.84108371628,185225.2948705657,176658.96274660973
2023-09-27 00:00:00,186848.36,182089.9,184784.7,184671.52254742078,184788.0436732988,187910.95943082892
2023-09-27 01:00:00,181226.67,177167.06,180345.36,179830.52866843485,179887.28856755892,183467.3143924834
2023-09-27 02:00:00,176840.9,172993.03,176596.14,175859.12887433663,176110.97515686825,179522.32160585455
2023-09-27 03:00:00,174017.81,170362.07,173808.48,173040.49506252693,173385.20944524746,175940.0628289324
2023-09-27 04:00:00,172593.12,169557.29,173508.53,172403.89168131756,172723.38051341267,174311.7318684066
2023-09-27 05:00:00,175620.38,172483.82,176346.55,175174.28199123708,175842.28492321147,175790.18609552173
2023-09-27 06:00:00,182710.52,179169.56,181565.26,180603.91538248112,181516.05282991886,179402.81819893996
2023-09-27 07:00:00,187365.06,183516.42,185777.17,184715.85850405763,184934.31913686334,183216.6323489365
2023-09-27 08:00:00,188922.51,185521.12,187738.68,186847.83722803346,186944.44771085642,187189.1514472075
2023-09-27 09:00:00,195183.11,191679.12,195197.44,192954.72427995462,192841.2811809012,195247.21148326478
2023-09-27 10:00:00,199504.57,196427.31,201575.97,197490.97798296882,197993.91808568465,200340.13793919398
2023-09-27 11:00:00,201413.91,198308.68,203946.06,199186.46026851027,199830.7739147116,202009.95893429444
2023-09-27 12:00:00,200163.5,198451.11,203715.99,199078.539819058,200013.1854515795,201563.77226162484
2023-09-27 13:00:00,197758.83,195638.66,200752.05,196377.60324904954,197071.79810211342,198809.67651872724
2023-09-27 14:00:00,200463.61,197905.02,202650.28,198022.10175698894,199228.09315106805,199758.2779080401
2023-09-27 15:00:00,200964.94,198008.42,201132.8,197281.3712760066,199090.76745073142,198897.51366532373
2023-09-27 16:00:00,196089.99,193647.18,195916.96,192719.85948798433,194597.75859372,192750.50488126968
2023-09-27 17:00:00,192578.93,190100.85,191203.24,188995.2727042144,190406.6321944005,186420.12376622882
2023-09-27 18:00:00,197433.55,195796.69,194430.85,194126.59608853582,195444.69169525543,185361.6450765771
2023-09-27 19:00:00,202241.27,203510.89,201715.22,201768.1254403789,202995.4607944717,190315.19567098666
2023-09-27 20:00:00,198485.44,199500.73,198486.5,198317.29860201888,199088.26622441036,188387.50210782382
2023-09-27 21:00:00,196444.05,197012.82,197266.74,196333.5009308596,197623.57921467623,187643.34579300784
2023-09-27 22:00:00,196176.1,195565.3,197415.6,195573.0666670838,196122.04220877937,187588.62121436934
2023-09-27 23:00:00,191707.57,192202.61,193807.23,192036.07599251825,192530.5069389738,185291.76971812526
2023-09-28 00:00:00,187267.53,186848.36,190518.46,183728.0643301464,186129.49108917732,187337.3311847335
2023-09-28 01:00:00,182743.21,181226.67,186791.02,179199.27752504853,180667.73804976305,182890.01749188808
2023-09-28 02:00:00,178770.31,176840.9,182874.97,175224.51264666134,176877.82774935575,178907.2008641177
2023-09-28 03:00:00,175784.14,174017.81,179783.13,172484.36059333629,174458.58877371505,175726.22896684465
2023-09-28 04:00:00,174864.92,172593.12,178809.36,171389.48008311228,173041.37339948543,174199.9246919483
2023-09-28 05:00:00,176062.65,175620.38,180596.66,174095.1362983268,176064.93102268182,175625.70814781828
2023-09-28 06:00:00,180167.04,182710.52,185476.88,180339.18722379973,182865.15145186518,178099.63053942323
2023-09-28 07:00:00,184394.13,187365.06,189950.2,185029.95430222823,186876.5929920791,182135.90637273111
2023-09-28 08:00:00,187923.58,188922.51,192057.31,187019.17939941963,188096.80585859052,186689.35624108944
2023-09-28 09:00:00,195183.03,195183.11,198418.36,193409.7817040828,193706.16498666417,195282.677872084
2023-09-28 10:00:00,199932.37,199504.57,203322.72,197847.24686858853,196727.97629176758,200545.92975543585
2023-09-28 11:00:00,201824.71,201413.91,204879.35,199390.60846775846,199091.42773094206,202320.7401438261
2023-09-28 12:00:00,203150.75,200163.5,204338.24,198791.95645174495,197883.6657834848,202517.30121033074
2023-09-28 13:00:00,200859.85,197758.83,201566.04,196167.7797516974,195103.3596239564,200674.40692845362
2023-09-28 14:00:00,202320.08,200463.61,202095.52,197835.4139235616,196841.0204684194,201350.7783553186
2023-09-28 15:00:00,200961.87,200964.94,202701.36,198310.0572493928,197429.96584552567,199693.1690859682
2023-09-28 16:00:00,194423.76,196089.99,197567.76,193734.2936021471,192687.19900841452,193764.87239197368
2023-09-28 17:00:00,189220.77,192578.93,191388.71,189537.42573171828,188018.6388564421,185548.65489995643
2023-09-28 18:00:00,193420.85,197433.55,195612.11,194346.68629184744,192542.04747361768,183222.58615817054
2023-09-28 19:00:00,198304.57,202241.27,200200.29,199728.89431671772,196760.65593822038,188467.56224697953
2023-09-28 20:00:00,195828.45,198485.44,197020.57,196334.42488253585,194018.14644998964,186922.03557736523
2023-09-28 21:00:00,193866.64,196444.05,195788.35,194348.93396053513,192279.31950018788,185579.48180187788
2023-09-28 22:00:00,194341.37,196176.1,195897.15,193922.60002658868,192336.03284367485,185531.77856045341
2023-09-28 23:00:00,191323.75,191707.57,193085.21,190229.996314253,188194.05076818305,183171.21407200195
2023-09-29 00:00:00,186299.66,187267.53,188077.34,189980.71386550314,188380.35121930324,187734.09018435614
2023-09-29 01:00:00,181675.78,182743.21,183506.37,185262.19362676365,183788.7765753652,184506.15384991208
2023-09-29 02:00:00,177766.55,178770.31,179352.6,181141.7191647658,180211.41255642776,180926.06813591986
2023-09-29 03:00:00,175343.15,175784.14,176070.14,178163.92753759882,177621.9560568941,178577.36185958606
2023-09-29 04:00:00,174532.46,174864.92,174931.26,177175.9460215554,176529.37584949238,178041.14210135673
2023-09-29 05:00:00,176906.13,176062.65,177412.85,179418.70867244163,177452.2389294067,180509.00924883323
2023-09-29 06:00:00,182489.59,180167.04,182143.37,184536.8203617333,182440.38261342674,184327.62879928687
2023-09-29 07:00:00,186428.94,184394.13,186141.1,188818.28158890898,186342.01942628523,187939.30440396853
2023-09-29 08:00:00,190332.75,187923.58,188493.65,191407.49465069422,189173.9717571814,191349.25716517834
2023-09-29 09:00:00,195568.14,195183.03,194529.57,198010.97309734003,195803.32873221947,198830.58592111836
2023-09-29 10:00:00,199986.19,199932.37,198202.53,202406.1388947141,200125.63667409998,204444.3745782959
2023-09-29 11:00:00,203484.49,201824.71,199463.57,204018.30693597792,202112.68002729307,206338.14813203068
2023-09-29 12:00:00,204735.19,203150.75,199168.6,204263.3064230186,202669.64179308948,206385.60003812518
2023-09-29 13:00:00,201290.89,200859.85,195016.67,201134.56822534956,200494.53234427466,203543.83903166774
2023-09-29 14:00:00,202173.82,202320.08,197134.47,202969.14844304544,202249.92695972463,203861.6103753572
2023-09-29 15:00:00,200419.08,200961.87,197300.47,202550.35510039824,201137.71449064347,202913.2707386505
2023-09-29 16:00:00,194045.19,194423.76,193456.66,197519.61883783003,195037.602004898,197426.86759365106
2023-09-29 17:00:00,190174.37,189220.77,189558.6,193188.4851099941,191058.83564713865,190263.14552493708
2023-09-29 18:00:00,195949.69,193420.85,194394.94,197819.66840239323,195225.52773764607,190419.75772140457
2023-09-29 19:00:00,200175.4,198304.57,199162.94,203344.5188290447,199931.2680714496,196380.93475570143
2023-09-29 20:00:00,197292.9,195828.45,196450.96,200325.69851906443,197644.14960801115,194525.45676084302
2023-09-29 21:00:00,194834.31,193866.64,195198.26,198409.45064167108,195434.1834613435,193168.35977565902
2023-09-29 22:00:00,193886.22,194341.37,194444.63,197998.53833724235,195793.8584157614,193649.27918912063
2023-09-29 23:00:00,190904.18,191323.75,190767.06,194564.49351776455,191748.33258695735,191496.88728515213
2023-09-30 00:00:00,186004.44,186299.66,185330.3,187186.06474385955,186267.2544244239,186432.69110118665
2023-09-30 01:00:00,181709.91,181675.78,180756.94,182406.0327796441,182058.7716048045,181633.20677948435
2023-09-30 02:00:00,177930.95,177766.55,176442.54,178288.3812670896,178515.67648098353,177785.79065529152
2023-09-30 03:00:00,174593.74,175343.15,172734.02,175330.0476990739,175995.9122423709,174750.90015637933
2023-09-30 04:00:00,173745.88,174532.46,171657.84,174340.90521772284,175113.89170603186,173480.51274070877
2023-09-30 05:00:00,175371.06,176906.13,173687.16,176691.7422597961,177247.878024434,175197.11976196195
2023-09-30 06:00:00,180653.11,182489.59,177746.08,181991.03862527112,182490.6134945653,179401.33082912065
2023-09-30 07:00:00,184833.49,186428.94,178553.53,185218.33937248966,185440.16856176342,183095.74500993043
2023-09-30 08:00:00,187551.73,190332.75,179175.16,187613.39144073447,188819.00984696363,187409.28724783333
2023-09-30 09:00:00,193462.09,195568.14,184372.47,193307.23829464312,193851.29442196758,195519.67724931584
2023-09-30 10:00:00,196679.15,199986.19,190091.22,198053.61040666857,198004.23082194076,199927.89608374937
2023-09-30 11:00:00,198757.44,203484.49,191126.37,200177.59093246015,200650.59102167725,201332.65381648063
2023-09-30 12:00:00,198665.66,204735.19,190642.53,200301.7915729424,202724.852534817,201714.92350921765
2023-09-30 13:00:00,195287.02,201290.89,184824.52,196373.10064997413,198786.4896245556,199151.0690194241
2023-09-30 14:00:00,196035.26,202173.82,186093.19,197698.2530971599,200182.63665082876,200335.7401199813
2023-09-30 15:00:00,194643.19,200419.08,186428.85,196985.24411532807,199006.5504624427,199395.41228873027
2023-09-30 16:00:00,190680.53,194045.19,184950.47,192390.72688274054,192142.30603100918,192795.31530345336
2023-09-30 17:00:00,187254.06,190174.37,183922.38,189295.09023647237,187560.2061695579,186189.83688081973
2023-09-30 18:00:00,191713.39,195949.69,189979.42,194661.87356809241,193169.8985314488,185983.19417091802
2023-09-30 19:00:00,196790.36,200175.4,195906.79,199734.42551203334,198487.54503903203,192030.95669577757
2023-09-30 20:00:00,191770.6,197292.9,191269.51,196078.96652470442,195257.23948253508,189011.35903469147
2023-09-30 21:00:00,189373.44,194834.31,187951.85,193432.14124622662,193078.78644153717,187474.46977527236
2023-09-30 22:00:00,188387.39,193886.22,187105.68,192707.60912290536,192319.1125135334,187676.61520309624
2023-09-30 23:00:00,185611.83,190904.18,184165.58,189515.13631113642,189528.47795658166,185912.29168048274
2023-10-01 00:00:00,181100.11,186004.44,179494.26,179436.33050753464,185344.66636463592,181665.61731239516
2023-10-01 01:00:00,176887.08,181709.91,174037.63,174928.86140732042,180663.59914357823,177525.24243326005
2023-10-01 02:00:00,173781.56,177930.95,170275.06,171259.06246477383,177097.88936337343,173700.62443620196
2023-10-01 03:00:00,170613.75,174593.74,166884.94,168191.8701327726,173712.05353079786,170374.06901176978
2023-10-01 04:00:00,169147.9,173745.88,165979.46,167355.842490131,172694.49437600927,168986.1489534741
2023-10-01 05:00:00,170353.74,175371.06,167455.64,168932.10220821283,173556.72718919997,169354.6084604089
2023-10-01 06:00:00,173163.88,180653.11,169240.59,172718.79844772466,175443.22360373434,170113.59936059965
2023-10-01 07:00:00,175576.45,184833.49,171408.39,176118.9048457527,177202.67272604315,171564.33338878793
2023-10-01 08:00:00,177526.03,187551.73,173514.54,178745.79693194234,178778.403622568,174152.23844020758
2023-10-01 09:00:00,182920.19,193462.09,176555.56,183768.40168009483,182914.51343752336,179719.8171271767
2023-10-01 10:00:00,183873.33,196679.15,177839.12,186638.77427111054,185769.92252356018,182896.58823300194
2023-10-01 11:00:00,185417.59,198757.44,178560.33,188244.9601499984,187144.3591916387,183945.33787212643
2023-10-01 12:00:00,185847.32,198665.66,178057.94,188352.34162897512,186660.4008186712,184228.94995396177
2023-10-01 13:00:00,184201.07,195287.02,176197.17,185724.07092332892,184178.95204249147,182815.37954204908
2023-10-01 14:00:00,185397.13,196035.26,176197.68,186311.82044384,184222.51055281074,183236.58133007842
2023-10-01 15:00:00,184637.98,194643.19,174010.28,184759.63310221728,183152.84334043428,183040.17128431145
2023-10-01 16:00:00,180157.53,190680.53,170063.48,180235.2320720241,178633.37074426154,176116.75096198355
2023-10-01 17:00:00,175755.63,187254.06,167667.33,176738.86440345584,175574.2520380744,168839.5125374546
2023-10-01 18:00:00,181738.62,191713.39,175617.14,182007.38698727844,179655.8046904803,169484.55776062905
2023-10-01 19:00:00,188621.67,196790.36,184903.15,188356.71550280816,185895.55033070274,179150.97513857335
2023-10-01 20:00:00,184842.44,191770.6,182088.06,184893.95131430926,183470.31446237408,178904.8752299169
2023-10-01 21:00:00,182617.44,189373.44,180203.94,182807.89780230357,181454.81473530346,179036.3169800751
2023-10-01 22:00:00,182532.3,188387.39,179244.55,182113.51348995062,180647.4963706068,179749.73668079686
2023-10-01 23:00:00,179587.82,185611.83,175733.52,179172.62914659496,177564.47283527808,177617.77841905286
2023-10-02 00:00:00,175624.2,181100.11,170884.35,175321.2543666545,172954.07850755518,175558.59503775253
2023-10-02 01:00:00,171543.17,176887.08,166465.75,171064.59030117074,168600.38791713509,170477.55184524014
2023-10-02 02:00:00,167405.9,173781.56,162641.1,167590.46196435243,166006.079143487,166093.63731315633
2023-10-02 03:00:00,164454.2,170613.75,160150.8,164844.84336223808,162337.73226853955,162936.52504099367
2023-10-02 04:00:00,164016.75,169147.9,159073.86,163787.37161329994,161198.23818242457,161944.0717097447
2023-10-02 05:00:00,166168.65,170353.74,162754.15,166113.94478079156,164083.36281690872,164437.67573935768
2023-10-02 06:00:00,169506.67,173163.88,170297.73,171059.48885855053,168870.1201996167,169080.25137994115
2023-10-02 07:00:00,173053.46,175576.45,175455.88,174814.13940746203,174750.15671184778,173959.12885226487
2023-10-02 08:00:00,175245.13,177526.03,177421.31,177253.02849756816,175953.43508751484,177426.92315314896
2023-10-02 09:00:00,180756.21,182920.19,184325.27,183017.5089406983,178502.00464696536,183928.22533842231
2023-10-02 10:00:00,183763.42,183873.33,188466.49,185858.48520575083,181034.89082154454,188739.75640548646
2023-10-02 11:00:00,184301.1,185417.59,189302.15,187559.99751936534,183570.5665140172,191346.54102549914
2023-10-02 12:00:00,183911.13,185847.32,189690.78,187961.2168655531,183735.22969202485,191844.2091426433
2023-10-02 13:00:00,182593.6,184201.07,186837.09,185446.69793216375,181811.93282137296,189993.76014312034
2023-10-02 14:00:00,183789.72,185397.13,188758.01,186642.21177228735,182097.88075026774,192488.54006212053
2023-10-02 15:00:00,182802.52,184637.98,189968.56,186222.61858863346,181045.39210252752,192570.6927433724
2023-10-02 16:00:00,178101.32,180157.53,186341.85,181836.94298845713,177683.50940707352,186851.07248716176
2023-10-02 17:00:00,174812.11,175755.63,184036.81,178303.17044090646,175278.49490234166,181016.6915085936
2023-10-02 18:00:00,181200.74,181738.62,191355.48,184130.19725375777,182758.33476259778,181667.72347903368
2023-10-02 19:00:00,187863.05,188621.67,198515.98,190363.97323032573,189971.76908280698,188523.00407677688
2023-10-02 20:00:00,182915.08,184842.44,195146.35,186855.63718225757,185591.37455781634,186314.24385372706
2023-10-02 21:00:00,180273.25,182617.44,192422.44,184428.17614166986,183176.74945699485,185591.50563140115
2023-10-02 22:00:00,179312.24,182532.3,191450.64,183774.09029546668,182052.721801225,185982.78211250392
2023-10-02 23:00:00,176826.78,179587.82,187168.65,180583.34355089825,178083.51341161557,183778.9160337329
2023-10-03 00:00:00,172086.33,175624.2,182089.9,174824.61005223476,170600.16993963753,172252.18489633704
2023-10-03 01:00:00,167060.11,171543.17,177167.06,170593.3295388628,166271.88070028482,167790.83243264927
2023-10-03 02:00:00,163554.02,167405.9,172993.03,166774.24008575757,163336.64827350102,163742.7683691081
2023-10-03 03:00:00,161082.83,164454.2,170362.07,163962.3646995626,160135.39721602201,160787.77038119995
2023-10-03 04:00:00,161080.06,164016.75,169557.29,163316.77053745204,159111.69114274636,159431.99144136035
2023-10-03 05:00:00,166108.24,166168.65,172483.82,165548.3066239312,161881.6098559226,161585.48716258694
2023-10-03 06:00:00,173000.69,169506.67,179169.56,170131.6174707316,171101.87980326577,165521.41575051466
2023-10-03 07:00:00,180393.75,173053.46,183516.42,173897.8720468064,175263.67405117126,169341.95933297774
2023-10-03 08:00:00,184475.58,175245.13,185521.12,176080.6366666233,178675.6230947007,172267.77434033575
2023-10-03 09:00:00,192199.67,180756.21,191679.12,181669.70031106047,184679.67841693235,179364.15344720325
2023-10-03 10:00:00,196974.56,183763.42,196427.31,184892.81680455123,187728.83902554173,183660.36338057695
2023-10-03 11:00:00,198807.4,184301.1,198308.68,186328.91333701473,188153.23663638596,186413.91120103814
2023-10-03 12:00:00,197716.11,183911.13,198451.11,186260.4274741313,187891.04104203393,187055.99549214228
2023-10-03 13:00:00,194382.69,182593.6,195638.66,184037.63301389068,186614.20448761247,184871.87425716562
2023-10-03 14:00:00,196259.15,183789.72,197905.02,185400.76604708045,185820.04475748827,186708.33077115015
2023-10-03 15:00:00,195627.61,182802.52,198008.42,184663.37022214598,184809.1929712633,185829.0207043144
2023-10-03 16:00:00,191058.51,178101.32,193647.18,180318.97558720238,180284.49330022125,179829.70668152638
2023-10-03 17:00:00,187210.42,174812.11,190100.85,176879.09837539663,177192.9067891006,173336.57935511487
2023-10-03 18:00:00,190778.76,181200.74,195796.69,182266.0533906649,184733.8018670919,172862.4388635023
2023-10-03 19:00:00,196738.12,187863.05,203510.89,188757.89002993383,190581.8440758116,178931.50144909704
2023-10-03 20:00:00,191243.14,182915.08,199500.73,184451.20722500785,185989.51616727505,177403.81351638347
2023-10-03 21:00:00,187427.3,180273.25,197012.82,182023.15637057298,183400.66315544103,176665.83072711361
2023-10-03 22:00:00,186845.02,179312.24,195565.3,181007.4233280858,181901.19774775984,176865.6220098716
2023-10-03 23:00:00,183892.72,176826.78,192202.61,178292.55437117055,178828.80106137076,174607.46110632055
2023-10-04 00:00:00,180146.14,172086.33,186848.36,178925.9642338258,175581.18630996978,180242.1471839701
2023-10-04 01:00:00,174864.8,167060.11,181226.67,174029.599112797,171549.15237831222,175996.58040711816
2023-10-04 02:00:00,171362.51,163554.02,176840.9,170291.29058704435,167602.38599309034,172208.78924754137
2023-10-04 03:00:00,169378.52,161082.83,174017.81,167563.1750673601,164660.70767618532,169057.5931070823
2023-10-04 04:00:00,169277.27,161080.06,172593.12,166840.59553694518,163861.57521773071,167994.92163519122
2023-10-04 05:00:00,173633.83,166108.24,175620.38,170238.51329277214,167448.6578162129,169915.6305127379
2023-10-04 06:00:00,179573.53,173000.69,182710.52,176101.20415978055,173982.2538459388,173811.02152102522
2023-10-04 07:00:00,184702.68,180393.75,187365.06,181323.70751752093,180204.03273619385,177908.07221753607
2023-10-04 08:00:00,188660.82,184475.58,188922.51,184009.86932699723,183737.86855915133,181551.55226581614
2023-10-04 09:00:00,195825.44,192199.67,195183.11,190612.83331235335,190456.27247730503,189456.77558420209
2023-10-04 10:00:00,200863.49,196974.56,199504.57,194448.43817723394,194139.16326069421,194915.80222849423
2023-10-04 11:00:00,201023.45,198807.4,201413.91,196130.15827769268,195983.02801310457,196981.42757220173
2023-10-04 12:00:00,199935.99,197716.11,200163.5,195348.67406618048,195180.43951596774,196630.42483972726
2023-10-04 13:00:00,196214.51,194382.69,197758.83,192750.2078039709,192731.09202247224,193971.4868338072
2023-10-04 14:00:00,198283.95,196259.15,200463.61,194599.5485693001,194120.3971875636,195444.43524305927
2023-10-04 15:00:00,197807.41,195627.61,200964.94,194195.7081464194,194229.82241574454,193931.42883950853
2023-10-04 16:00:00,193408.29,191058.51,196089.99,189564.86480696886,190005.5101856083,187579.4422791679
2023-10-04 17:00:00,189800.15,187210.42,192578.93,185749.5811047354,186443.98418345064,181491.54335678832
2023-10-04 18:00:00,192616.34,190778.76,197433.55,190287.73613180616,189673.52508712848,181386.83073227748
2023-10-04 19:00:00,196503.0,196738.12,202241.27,196151.12183059484,195560.04295650581,186394.71993624026
2023-10-04 20:00:00,191931.01,191243.14,198485.44,191688.01362414466,190545.90413704413,184613.25713423186
2023-10-04 21:00:00,189132.8,187427.3,196444.05,188901.79027461386,187809.0259281873,183778.33120066088
2023-10-04 22:00:00,188550.43,186845.02,196176.1,188458.9287615478,186630.12969342846,183967.5792767208
2023-10-04 23:00:00,185946.62,183892.72,191707.57,185082.53273243704,183535.63675526658,181340.18459173536
2023-10-05 00:00:00,181546.79,180146.14,187267.53,181798.68761649984,181346.38447819327,183133.09949293043
2023-10-05 01:00:00,177251.15,174864.8,182743.21,177099.66463370973,176692.01002577983,180166.29898128036
2023-10-05 02:00:00,173548.49,171362.51,178770.31,173331.75512629928,173218.8184074005,177030.72600752028
2023-10-05 03:00:00,170972.43,169378.52,175784.14,170784.30490296564,170672.97993208276,174392.25075794786
2023-10-05 04:00:00,170471.45,169277.27,174864.92,170353.7348738966,170653.93686122392,173520.29986003716
2023-10-05 05:00:00,175089.86,173633.83,176062.65,173305.77648878616,174813.08734496075,175192.20290600357
2023-10-05 06:00:00,182494.14,179573.53,180167.04,178304.5708621138,180240.30021724687,178048.05601945976
2023-10-05 07:00:00,187941.86,184702.68,184394.13,183101.29063799122,185300.55143836414,182316.47402988918
2023-10-05 08:00:00,190488.9,188660.82,187923.58,186538.53332444324,188824.93662393122,186690.38950451583
2023-10-05 09:00:00,197399.21,195825.44,195183.03,193399.89250273205,195608.91828748153,195018.58551526553
2023-10-05 10:00:00,202556.6,200863.49,199932.37,197901.3156420623,199457.16480449095,200426.45019881995
2023-10-05 11:00:00,204689.44,201023.45,201824.71,198856.36260710328,200423.4155815784,202213.7900675206
2023-10-05 12:00:00,204231.19,199935.99,203150.75,198620.6910420477,200094.87251798576,202398.1070051488
2023-10-05 13:00:00,201652.06,196214.51,200859.85,195813.01064351125,196647.5284854427,200566.3219070747
2023-10-05 14:00:00,204431.36,198283.95,202320.08,197358.40265039128,198268.6711340101,200810.80899449263
2023-10-05 15:00:00,203078.62,197807.41,200961.87,196557.49115754577,197937.66150639488,199502.53648329785
2023-10-05 16:00:00,199163.2,193408.29,194423.76,191451.99797688608,193265.1282530247,193588.87645499923
2023-10-05 17:00:00,192295.6,189800.15,189220.77,187283.1438941267,189335.06676144458,186403.2605556453
2023-10-05 18:00:00,194941.79,192616.34,193420.85,191271.78592837203,193102.7392210914,186106.44520132852
2023-10-05 19:00:00,198555.63,196503.0,198304.57,196190.2823563241,197161.80539593255,190634.03093449541
2023-10-05 20:00:00,194085.77,191931.01,195828.45,192184.13724852842,192747.0441324295,188844.5057549681
2023-10-05 21:00:00,191190.1,189132.8,193866.64,189621.00960022627,189859.29826243728,187759.0362798572
2023-10-05 22:00:00,190747.5,188550.43,194341.37,189272.54922449667,187767.99454014603,187760.36007447037
2023-10-05 23:00:00,187416.65,185946.62,191323.75,186519.44866283142,185642.68404377223,185429.54052696985
2023-10-06 00:00:00,183877.46,181546.79,186299.66,183898.11334235026,182732.74251478788,183236.48420662337
2023-10-06 01:00:00,179374.54,177251.15,181675.78,179253.5276390581,178476.66167515892,179653.87393393397
2023-10-06 02:00:00,175422.14,173548.49,177766.55,175487.69581807713,174752.4698632267,175818.0316259101
2023-10-06 03:00:00,173438.27,170972.43,175343.15,172978.63122305338,172508.63597621405,173201.64136062545
2023-10-06 04:00:00,173618.67,170471.45,174532.46,172485.32046075998,172221.80222315554,172333.82205755624
2023-10-06 05:00:00,178858.45,175089.86,176906.13,176397.67308688918,176859.12448766216,174450.35867253612
2023-10-06 06:00:00,187350.64,182494.14,182489.59,182976.9889035899,183805.8427453183,177991.4532681383
2023-10-06 07:00:00,192164.95,187941.86,186428.94,188316.82112060385,188180.95388140352,181685.74099665743
2023-10-06 08:00:00,193411.64,190488.9,190332.75,191721.6417291406,191123.58010561633,184701.8401126614
2023-10-06 09:00:00,200138.95,197399.21,195568.14,198265.61971420026,197411.43248578752,191286.09153791112
2023-10-06 10:00:00,207232.5,202556.6,199986.19,203027.70718523755,202067.25283161204,196010.58519782234
2023-10-06 11:00:00,208304.54,204689.44,203484.49,205300.02783993268,204000.34868017634,197489.49489312663
2023-10-06 12:00:00,208751.89,204231.19,204735.19,205174.99594006268,204898.7852485133,197319.7885154013
2023-10-06 13:00:00,206245.59,201652.06,201290.89,201957.13758061087,201648.766672527,194132.48068404727
2023-10-06 14:00:00,208041.48,204431.36,202173.82,203815.13990311368,203408.33256933885,194664.16358451545
2023-10-06 15:00:00,207039.0,203078.62,200419.08,202609.1983398912,202084.9936861117,193654.4045006188
2023-10-06 16:00:00,202000.95,199163.2,194045.19,197762.26781169212,198063.40300359303,188655.01300619167
2023-10-06 17:00:00,195923.0,192295.6,190174.37,192787.73503252075,191408.06640701919,182778.7750785755
2023-10-06 18:00:00,197478.52,194941.79,195949.69,196719.86031671223,195334.56035792403,184775.0095479654
2023-10-06 19:00:00,199491.02,198555.63,200175.4,201108.9113665889,198660.44525232574,190148.7163995084
2023-10-06 20:00:00,195357.27,194085.77,197292.9,196989.76680790048,194906.54906779158,188054.93831913092
2023-10-06 21:00:00,191858.18,191190.1,194834.31,194091.07744763454,191744.24657379463,186694.79382745287
2023-10-06 22:00:00,190222.23,190747.5,193886.22,193384.9397333681,191537.40166474515,186885.15946821033
2023-10-06 23:00:00,188765.37,187416.65,190904.18,190246.22483753745,187540.9850690409,184389.5998950653
2023-10-07 00:00:00,186349.92,183877.46,186004.44,186502.52465282506,185565.517281722,185153.91078220928
2023-10-07 01:00:00,182423.01,179374.54,181709.91,181905.74277679852,181255.7564457839,181293.84476338187
2023-10-07 02:00:00,179665.47,175422.14,177930.95,178056.17484199148,177576.68425385343,178214.58437093894
2023-10-07 03:00:00,177603.89,173438.27,174593.74,175489.2448522434,174601.0462629331,175600.55699597273
2023-10-07 04:00:00,177908.82,173618.67,173745.88,175186.49990788326,174949.1097145831,174896.26259451167
2023-10-07 05:00:00,181947.64,178858.45,175371.06,178978.20886892622,179131.56708960395,176813.799263819
2023-10-07 06:00:00,188900.97,187350.64,180653.11,185792.51307125096,186397.54084556928,180654.8985933125
2023-10-07 07:00:00,192977.23,192164.95,184833.49,190455.47276346607,190530.19530254262,183962.7199200025
2023-10-07 08:00:00,193674.9,193411.64,187551.73,192803.83729102,191925.13732576324,187343.1801435569
2023-10-07 09:00:00,202472.61,200138.95,193462.09,199347.2873167983,198185.36985550335,194593.5379548409
2023-10-07 10:00:00,208719.07,207232.5,196679.15,204617.09602390838,204543.430465821,199202.42046428475
2023-10-07 11:00:00,209652.81,208304.54,198757.44,205922.9393690609,205686.87385277744,200478.6461429708
2023-10-07 12:00:00,208902.53,208751.89,198665.66,205760.89782751497,205915.3098761004,200385.8472618125
2023-10-07 13:00:00,207695.88,206245.59,195287.02,202517.31681224352,203933.94505947657,196957.4863756359
2023-10-07 14:00:00,208768.4,208041.48,196035.26,204024.83052700618,205462.75936622813,198176.43288395644
2023-10-07 15:00:00,206533.03,207039.0,194643.19,203019.6657122468,204420.9434584155,197225.56294924387
2023-10-07 16:00:00,200401.08,202000.95,190680.53,198673.64624721566,199877.9844059322,191973.99305355715
2023-10-07 17:00:00,193015.84,195923.0,187254.06,194043.7285760851,193594.51925767306,187333.01047778156
2023-10-07 18:00:00,196329.31,197478.52,191713.39,197100.75477440798,195472.78007659095,189346.58143501825
2023-10-07 19:00:00,199270.51,199491.02,196790.36,200852.8809958029,197934.07407793612,194864.84553265286
2023-10-07 20:00:00,194804.36,195357.27,191770.6,196257.49293136343,193767.40082311965,191009.0777170105
2023-10-07 21:00:00,192140.05,191858.18,189373.44,193216.81296737288,190483.80057798792,189138.2380403895
2023-10-07 22:00:00,189976.92,190222.23,188387.39,192064.8926635305,188997.22951346746,188955.89139135458
2023-10-07 23:00:00,187568.93,188765.37,185611.83,189708.51580636413,187634.7802502225,186966.9955349243
2023-10-08 00:00:00,185851.93,186349.92,181100.11,182873.8093669863,186698.76993968457,183496.03167622382
2023-10-08 01:00:00,183377.92,182423.01,176887.08,178694.47368753084,182852.05179616285,179212.30447678245
2023-10-08 02:00:00,180832.73,179665.47,173781.56,175517.8634946062,180306.79550966967,175682.84556192005
2023-10-08 03:00:00,178775.1,177603.89,170613.75,172985.77468536253,177898.79653651273,172528.52221348556
2023-10-08 04:00:00,179171.91,177908.82,169147.9,172549.70837814178,177371.92652270812,171434.28673545268
2023-10-08 05:00:00,181258.08,181947.64,170353.74,175813.65858402028,181280.50041071413,172081.6071855541
2023-10-08 06:00:00,186745.38,188900.97,173163.88,181465.6810736135,185500.97324615347,173446.37216810603
2023-10-08 07:00:00,190222.67,192977.23,175576.45,185332.42352895503,186819.46823108164,175069.95618041538
2023-10-08 08:00:00,193386.29,193674.9,177526.03,186929.97786516347,188406.30591851712,177274.5925058447
2023-10-08 09:00:00,201809.93,202472.61,182920.19,193823.04746362093,194013.73506410007,181620.13750613423
2023-10-08 10:00:00,207445.57,208719.07,183873.33,198010.78713993865,197781.30508284576,183756.3958925575
2023-10-08 11:00:00,208166.8,209652.81,185417.59,199325.1535075453,199391.51097464334,184508.61560925827
2023-10-08 12:00:00,208148.02,208902.53,185847.32,199063.71199999528,199571.62668387388,184660.09862885243
2023-10-08 13:00:00,206575.08,207695.88,184201.07,197267.73737662204,197797.6663845179,183082.43812717334
2023-10-08 14:00:00,205892.08,208768.4,185397.13,198618.0888002566,198362.58653399185,183099.80935121485
2023-10-08 15:00:00,202051.91,206533.03,184637.98,197117.5897815283,196877.16969028843,182484.39457998535
2023-10-08 16:00:00,196973.49,200401.08,180157.53,192149.06614884397,190587.8697008262,176549.62764843774
2023-10-08 17:00:00,189195.01,193015.84,175755.63,186223.42577849646,183362.64723239784,171431.1775123374
2023-10-08 18:00:00,190197.48,196329.31,181738.62,190293.71261965862,188383.56222595894,174851.1249653379
2023-10-08 19:00:00,193810.32,199270.51,188621.67,194836.87376376655,193165.52884405406,183708.8369995978
2023-10-08 20:00:00,191216.69,194804.36,184842.44,190700.6478772515,189142.74411094032,182638.37076508612
2023-10-08 21:00:00,189386.37,192140.05,182617.44,188064.36520625977,186994.51101026768,182421.96576590903
2023-10-08 22:00:00,190390.56,189976.92,182532.3,186928.0292570268,185445.63671443507,182546.4686233642
2023-10-08 23:00:00,189229.27,187568.93,179587.82,184209.1988050716,183225.27727372988,179903.74955934874
2023-10-09 00:00:00,184852.23,185851.93,175624.2,189451.20925926368,186113.7834711502,186481.615844186
2023-10-09 01:00:00,181941.46,183377.92,171543.17,185708.79060585282,183374.61347512016,182819.16796401938
2023-10-09 02:00:00,179955.91,180832.73,167405.9,182151.1478370252,180016.04651218865,179542.7905217046
2023-10-09 03:00:00,178576.98,178775.1,164454.2,179684.04182602483,177768.98869665127,177351.94995177936
2023-10-09 04:00:00,178833.02,179171.91,164016.75,179687.36696391768,178003.96199837074,176915.43596619877
2023-10-09 05:00:00,182074.67,181258.08,166168.65,182742.3904815637,180727.8296299625,180439.18012843168
2023-10-09 06:00:00,190534.12,186745.38,169506.67,188527.0842230168,185612.90971964662,186490.8043990127
2023-10-09 07:00:00,195712.59,190222.67,173053.46,192660.4268272026,190158.0914717401,192310.95329328327
2023-10-09 08:00:00,199884.41,193386.29,175245.13,195061.26136408967,192701.81233096312,195814.1505220488
2023-10-09 09:00:00,208118.56,201809.93,180756.21,202437.12048990658,201059.34140709412,202534.9796573045
2023-10-09 10:00:00,214332.64,207445.57,183763.42,207570.69043510995,206454.9668151481,206848.09073957306
2023-10-09 11:00:00,217119.95,208166.8,184301.1,208341.1878699894,207579.70226089816,209054.84637425706
2023-10-09 12:00:00,217926.45,208148.02,183911.13,208194.3688874357,207574.00388227595,209695.5752529083
2023-10-09 13:00:00,215430.54,206575.08,182593.6,206365.78358397225,205797.27626220195,207381.37376544176
2023-10-09 14:00:00,215217.27,205892.08,183789.72,206995.53039550892,206664.05551358784,209228.17229801608
2023-10-09 15:00:00,212254.61,202051.91,182802.52,204924.86477465625,204071.24902212067,209681.53177718088
2023-10-09 16:00:00,205884.54,196973.49,178101.32,199787.24676611956,197927.05614786048,205391.09780426117
2023-10-09 17:00:00,197483.26,189195.01,174812.11,193933.75198063152,192849.0479773137,201146.1301457489
2023-10-09 18:00:00,199493.7,190197.48,181200.74,197494.87067214874,195837.58665280702,203901.51764973722
2023-10-09 19:00:00,201255.48,193810.32,187863.05,202220.64371829774,199751.79428552339,210550.33613929237
2023-10-09 20:00:00,197067.52,191216.69,182915.08,198195.94495092798,194960.14538005894,207686.7192491921
2023-10-09 21:00:00,194265.57,189386.37,180273.25,195535.45418948616,192259.98518817752,206460.82393522162
2023-10-09 22:00:00,193060.07,190390.56,179312.24,195005.64561538323,191743.20620074138,206269.38578399393
2023-10-09 23:00:00,192376.19,189229.27,176826.78,192977.28349080693,189979.25488714236,203455.34595473149
2023-10-10 00:00:00,188993.47,184852.23,172086.33,186106.55615283435,188341.3465534733,189013.7987418308
2023-10-10 01:00:00,184817.15,181941.46,167060.11,182140.01666927716,184923.2381622561,185864.64050331057
2023-10-10 02:00:00,182203.02,179955.91,163554.02,179265.643570885,181639.49618670874,182837.94581465272
2023-10-10 03:00:00,180559.65,178576.98,161082.83,177230.034168099,179541.36524958993,180905.81533028383
2023-10-10 04:00:00,181141.12,178833.02,161080.06,177375.14402071972,179576.76256259065,180389.9480373979
2023-10-10 05:00:00,184689.25,182074.67,166108.24,181376.46369334566,184094.35060875054,183289.92076692972
2023-10-10 06:00:00,192590.68,190534.12,173000.69,188952.20074752474,192043.98043624937,188650.61049541915
2023-10-10 07:00:00,198315.98,195712.59,180393.75,194709.6496512057,197370.60301338934,193517.9379343302
2023-10-10 08:00:00,201579.46,199884.41,184475.58,198168.6554403571,200532.58170113977,196160.01126861377
2023-10-10 09:00:00,210835.73,208118.56,192199.67,206402.78400443634,208468.40766504954,202297.80489966497
2023-10-10 10:00:00,217572.66,214332.64,196974.56,212107.393520812,214691.0879161187,205995.62273780056
2023-10-10 11:00:00,218889.95,217119.95,198807.4,214060.0126224014,216781.39900731028,208519.41751074698
2023-10-10 12:00:00,219814.42,217926.45,197716.11,213827.90849463784,216605.73528423766,208957.67992323605
2023-10-10 13:00:00,217092.41,215430.54,194382.69,211221.5459584165,214352.81846291848,206514.74784267682
2023-10-10 14:00:00,217229.56,215217.27,196259.15,211972.79816218006,214335.84125262263,208495.37152738724
2023-10-10 15:00:00,212460.13,212254.61,195627.61,209959.80780398933,211886.33212801296,208164.36097630326
2023-10-10 16:00:00,204727.27,205884.54,191058.51,204330.63541115864,206039.47497346686,203100.90878896244
2023-10-10 17:00:00,197514.63,197483.26,187210.42,197801.3825850539,198321.1272112603,198390.7777719762
2023-10-10 18:00:00,200240.17,199493.7,190778.76,200740.0606250663,200033.57522786973,200484.87436410828
2023-10-10 19:00:00,201653.21,201255.48,196738.12,204686.62258712354,203468.2373134088,207460.41128670803
2023-10-10 20:00:00,197946.7,197067.52,191243.14,200039.47684558775,198662.92639142473,205137.873792089
2023-10-10 21:00:00,195312.16,194265.57,187427.3,196904.23502740377,196089.10212481982,204092.17119552643
2023-10-10 22:00:00,193624.96,193060.07,186845.02,195835.15025725667,194978.30608908227,203780.97628684327
2023-10-10 23:00:00,192264.05,192376.19,183892.72,193847.21690583357,194006.19209677458,201085.27210979894
2023-10-11 00:00:00,190241.78,188993.47,180146.14,188911.11943363812,189755.36535912976,188877.59139879083
2023-10-11 01:00:00,187853.7,184817.15,174864.8,184630.29725371342,185992.68468029497,184726.43179128645
2023-10-11 02:00:00,185267.92,182203.02,171362.51,181629.04808169225,182373.4000138748,181143.37645722102
2023-10-11 03:00:00,183939.71,180559.65,169378.52,179721.1021133103,180412.88499761673,178590.31243877963
2023-10-11 04:00:00,183417.37,181141.12,169277.27,179928.42545548786,181866.3082146967,177842.49398615494
2023-10-11 05:00:00,187045.83,184689.25,173633.83,183533.89460980828,184684.2177510167,180440.97447500424
2023-10-11 06:00:00,193291.07,192590.68,179573.53,190535.27924558896,192529.39292289835,185975.18649386574
2023-10-11 07:00:00,198498.23,198315.98,184702.68,195747.86414387697,198309.1040442694,190540.93558172567
2023-10-11 08:00:00,201945.65,201579.46,188660.82,199288.23669912407,201354.29610667724,193347.99042024495
2023-10-11 09:00:00,211700.6,210835.73,195825.44,207578.2324128566,210542.11142833732,200310.25910158412
2023-10-11 10:00:00,217941.29,217572.66,200863.49,213435.2562778516,216183.23446264528,205206.02133784
2023-10-11 11:00:00,218698.88,218889.95,201023.45,214429.05795823853,217631.27469978036,207112.9049915403
2023-10-11 12:00:00,218469.39,219814.42,199935.99,214373.68910177072,217082.2804837789,206878.1495877926
2023-10-11 13:00:00,215681.39,217092.41,196214.51,211470.7963387099,214513.2679417574,204377.73428909408
2023-10-11 14:00:00,216546.55,217229.56,198283.95,212147.75874224835,215083.06223914275,206458.06961176128
2023-10-11 15:00:00,212661.54,212460.13,197807.41,209333.64294229395,212147.59816784397,205964.2144786992
2023-10-11 16:00:00,204012.95,204727.27,193408.29,203352.18283656577,204611.989019301,200397.01430235815
2023-10-11 17:00:00,196528.4,197514.63,189800.15,197250.59769164937,197363.2128994346,195794.89016265413
2023-10-11 18:00:00,200018.15,200240.17,192616.34,199816.48366940467,199684.50619680455,197935.46922699187
2023-10-11 19:00:00,202541.44,201653.21,196503.0,202756.7395270849,201552.19623455184,203483.6555661229
2023-10-11 20:00:00,197977.24,197946.7,191931.01,198836.91423411618,197383.53602941066,200659.52746828593
2023-10-11 21:00:00,193932.96,195312.16,189132.8,196209.0093154481,194754.2916257078,199401.73576962634
2023-10-11 22:00:00,192956.31,193624.96,188550.43,195406.3983869921,194044.5915060139,199323.9018205767
2023-10-11 23:00:00,191959.08,192264.05,185946.62,193505.3078249071,192484.8648400168,195826.25388539623
2023-10-12 00:00:00,189798.15,190241.78,181546.79,187032.92552379236,190698.7811990679,189550.54054996002
2023-10-12 01:00:00,188049.72,187853.7,177251.15,183673.84386989524,188158.4345125094,186871.25211203768
2023-10-12 02:00:00,185864.02,185267.92,173548.49,180748.47762960687,185007.89047429088,184035.90967869104
2023-10-12 03:00:00,183195.86,183939.71,170972.43,178897.53213087402,183902.0441118156,181734.9438888202
2023-10-12 04:00:00,182297.85,183417.37,170471.45,178605.2432916112,183484.90723926589,181197.38761423388
2023-10-12 05:00:00,186246.01,187045.83,175089.86,182384.69639374025,186880.30053250978,183282.21078543813
2023-10-12 06:00:00,193681.5,193291.07,182494.14,189455.1714035521,193140.80679608733,187376.09880503142
2023-10-12 07:00:00,197164.42,198498.23,187941.86,194810.21502987307,198353.25551513906,192327.89056485763
2023-10-12 08:00:00,201061.8,201945.65,190488.9,198128.02047124165,201427.8028743054,195965.1635488467
2023-10-12 09:00:00,210036.03,211700.6,197399.21,206504.1589626315,210823.74980997166,203143.5225672985
2023-10-12 10:00:00,216099.18,217941.29,202556.6,212296.32773603353,216881.58908023874,207885.73322747604
2023-10-12 11:00:00,217273.98,218698.88,204689.44,213919.85010407207,217657.26856979023,209614.64248199455
2023-10-12 12:00:00,215836.1,218469.39,204231.19,213929.61850094123,217690.92424104226,209982.32125956172
2023-10-12 13:00:00,212651.15,215681.39,201652.06,211233.81224487012,215085.1361008123,207895.58964827543
2023-10-12 14:00:00,215282.49,216546.55,204431.36,212400.67407950354,215730.07121405823,208860.33778108994
2023-10-12 15:00:00,213246.27,212661.54,203078.62,209575.2463193788,212096.79750933775,207982.92287641286
2023-10-12 16:00:00,204893.36,204012.95,199163.2,203061.47588472787,204097.00876117678,202421.77070841513
2023-10-12 17:00:00,197611.44,196528.4,192295.6,195839.69368631524,196564.50015177272,196281.06916860072
2023-10-12 18:00:00,201009.34,200018.15,194941.79,198788.8792990722,200008.85422837426,198319.90709064374
2023-10-12 19:00:00,201452.01,202541.44,198555.63,201643.83157424003,202682.10713098597,203190.26608191818
2023-10-12 20:00:00,195488.49,197977.24,194085.77,197337.35720374394,197921.09782491904,200903.38444935897
2023-10-12 21:00:00,189065.6,193932.96,191190.1,194054.9113390438,194073.69335905736,199377.4564955081
2023-10-12 22:00:00,187028.96,192956.31,190747.5,193176.6062599042,193216.11554676315,199266.0912622335
2023-10-12 23:00:00,186783.14,191959.08,187416.65,191334.06795839584,192240.01259148752,196722.00627600015
2023-10-13 00:00:00,185636.68,189798.15,183877.46,186707.00490081066,188145.54441419052,183217.33431986996
2023-10-13 01:00:00,183428.84,188049.72,179374.54,183475.44011352997,185902.9942081689,179939.6006912576
2023-10-13 02:00:00,181099.26,185864.02,175422.14,180552.3505517365,182812.32020944485,176527.80129727008
2023-10-13 03:00:00,179031.64,183195.86,173438.27,178415.30698389528,180602.09704256634,174389.59902272915
2023-10-13 04:00:00,178129.42,182297.85,173618.67,178167.4821604573,179887.74725243362,173962.44513897315
2023-10-13 05:00:00,181444.23,186246.01,178858.45,182323.40819385558,184382.53823279898,176818.25089536828
2023-10-13 06:00:00,189375.23,193681.5,187350.64,189926.472537107,191779.4930623002,181629.69067815715
2023-10-13 07:00:00,194232.58,197164.42,192164.95,194452.72879905402,195209.3316203378,185722.2998196154
2023-10-13 08:00:00,196804.19,201061.8,193411.64,197405.09253880632,199165.98092681315,188163.12771119556
2023-10-13 09:00:00,204445.25,210036.03,200138.95,205494.02356302226,207055.81444662384,194102.93289277903
2023-10-13 10:00:00,209706.77,216099.18,207232.5,211771.39815060172,213188.3844851586,198623.49764271022
2023-10-13 11:00:00,211289.2,217273.98,208304.54,212997.59764936127,214769.4206738317,200166.44845441013
2023-10-13 12:00:00,209219.56,215836.1,208751.89,212756.03881812096,213866.10268951737,200218.17574707337
2023-10-13 13:00:00,205623.03,212651.15,206245.59,209856.7976025678,210547.14230345012,196641.40699557646
2023-10-13 14:00:00,207610.43,215282.49,208041.48,211448.5150946363,212855.24657112,197598.10371457788
2023-10-13 15:00:00,206848.39,213246.27,207039.0,209149.57476529287,210276.38046657472,196999.1396040187
2023-10-13 16:00:00,200789.16,204893.36,202000.95,202153.01799564064,202722.4650118073,192429.69382460177
2023-10-13 17:00:00,194898.51,197611.44,195923.0,195554.09662976887,196320.3220400613,188137.36735361465
2023-10-13 18:00:00,197511.4,201009.34,197478.52,198390.7387505096,199127.5392038358,192492.16224424733
2023-10-13 19:00:00,197225.18,201452.01,199491.02,199975.9309033586,200501.90970857732,198510.71906928497
2023-10-13 20:00:00,191119.01,195488.49,195357.27,195290.52870143435,195419.59371776602,195941.29965656172
2023-10-13 21:00:00,188632.04,189065.6,191858.18,190877.30875344912,190175.41623998637,194147.11127154823
2023-10-13 22:00:00,187951.41,187028.96,190222.23,189164.47740560962,188566.88175055484,193572.98351980484
2023-10-13 23:00:00,187741.82,186783.14,188765.37,188088.99728555384,187373.96313838518,190526.35357962293
2023-10-14 00:00:00,186316.36,185636.68,186349.92,181879.83984727602,182792.41048048367,184455.19130559737
2023-10-14 01:00:00,184248.08,183428.84,182423.01,179119.45506857478,179855.6794197059,180884.1146137209
2023-10-14 02:00:00,180600.85,181099.26,179665.47,176603.1349649809,178131.23108650715,177839.2279462316
2023-10-14 03:00:00,178046.04,179031.64,177603.89,174615.45820510035,175975.55885818493,175347.69475360925
2023-10-14 04:00:00,178150.52,178129.42,177908.82,174171.25250959865,175135.52027280626,174978.8460774875
2023-10-14 05:00:00,181365.29,181444.23,181947.64,177648.3451799373,178555.95075773666,177647.52903539967
2023-10-14 06:00:00,187832.42,189375.23,188900.97,184609.9038537307,185498.1647904136,182866.56045232463
2023-10-14 07:00:00,191234.06,194232.58,192977.23,189117.64410854309,190251.84917532143,186502.1640486622
2023-10-14 08:00:00,194030.62,196804.19,193674.9,191415.32107430045,192728.4684086007,189072.96237960132
2023-10-14 09:00:00,202540.66,204445.25,202472.61,199480.3650389893,200086.43286461456,195474.85772590025
2023-10-14 10:00:00,206474.94,209706.77,208719.07,204912.52955539807,204761.08674209763,199522.48885264175
2023-10-14 11:00:00,207508.89,211289.2,209652.81,206091.0635269017,206820.6633225448,200730.9207778445
2023-10-14 12:00:00,206369.68,209219.56,208902.53,204923.17396691302,204949.94510976956,200329.5529087805
2023-10-14 13:00:00,203581.51,205623.03,207695.88,202236.93062446074,202592.90721664246,196377.8030837674
2023-10-14 14:00:00,205890.29,207610.43,208768.4,203617.99559707407,204133.5500479443,197886.16354964976
2023-10-14 15:00:00,204184.97,206848.39,206533.03,201798.94253431336,202679.95533448452,197245.2519699747
2023-10-14 16:00:00,199525.81,200789.16,200401.08,195446.68286098033,196642.28922981047,193082.09749343703
2023-10-14 17:00:00,193396.76,194898.51,193015.84,189130.19337156616,190795.36041792328,189905.61989881404
2023-10-14 18:00:00,194874.73,197511.4,196329.31,192179.45397064782,193802.41518428302,194288.08773680613
2023-10-14 19:00:00,193906.6,197225.18,199270.51,193775.02493210635,194656.35625050636,200604.39339559266
2023-10-14 20:00:00,186815.69,191119.01,194804.36,188673.3668986509,189504.7672932096,196009.6434836338
2023-10-14 21:00:00,184217.2,188632.04,192140.05,185578.32847687826,185905.2403248817,193597.1628888881
2023-10-14 22:00:00,184411.14,187951.41,189976.92,184296.2489126485,184709.63642553258,192610.04403660347
2023-10-14 23:00:00,184496.26,187741.82,187568.93,183142.03557979883,184303.52958671792,190009.46251876384
2023-10-15 00:00:00,182489.83,186316.36,185851.93,177168.19281625378,182095.43932626882,181795.1766055443
2023-10-15 01:00:00,180501.31,184248.08,183377.92,174989.02087901716,179724.26422601906,178355.7718705561
2023-10-15 02:00:00,177043.5,180600.85,180832.73,172196.6449626051,177340.41698843014,175781.75528345842
2023-10-15 03:00:00,174243.95,178046.04,178775.1,169899.13219170627,174850.6101491894,173431.6636090184
2023-10-15 04:00:00,172711.41,178150.52,179171.91,169743.57864931683,174962.7092794225,173015.46284982347
2023-10-15 05:00:00,174561.7,181365.29,181258.08,172590.75658793995,177367.82618472585,174952.78934961042
2023-10-15 06:00:00,179205.51,187832.42,186745.38,178618.75219730265,181144.6283006734,177274.35829348757
2023-10-15 07:00:00,181737.6,191234.06,190222.67,182069.95761413223,184264.5794374774,179461.12504829172
2023-10-15 08:00:00,183697.66,194030.62,193386.29,184983.5052503658,187032.54431472567,181565.5843568969
2023-10-15 09:00:00,188572.32,202540.66,201809.93,192810.32124518807,194677.29121158706,185764.893193662
2023-10-15 10:00:00,190116.57,206474.94,207445.57,197258.86493803642,199972.97505146387,187324.49320057407
2023-10-15 11:00:00,190269.89,207508.89,208166.8,198241.74508940618,200524.71502004052,187963.33693824662
2023-10-15 12:00:00,189590.97,206369.68,208148.02,197376.2427100878,199941.8785565404,188063.76282124178
2023-10-15 13:00:00,188733.68,203581.51,206575.08,194908.85015183012,198544.85152685177,186364.70775085216
2023-10-15 14:00:00,191120.15,205890.29,205892.08,196235.6288485519,198097.12774812314,186786.94906358814
2023-10-15 15:00:00,190312.11,204184.97,202051.91,194180.1922516442,194842.8523768125,186428.4749322293
2023-10-15 16:00:00,185573.88,199525.81,196973.49,188940.63141996137,190277.41024912402,181467.80730571362
2023-10-15 17:00:00,178965.83,193396.76,189195.01,182695.08617118228,183969.91295679347,177221.7215809892
2023-10-15 18:00:00,181669.16,194874.73,190197.48,184678.31749876504,185378.72063228913,182576.06725418585
2023-10-15 19:00:00,184851.54,193906.6,193810.32,185793.39845879015,187251.39101266157,192372.16728530268
2023-10-15 20:00:00,180637.33,186815.69,191216.69,180699.26383909586,184157.3051709244,189974.56687567235
2023-10-15 21:00:00,178366.2,184217.2,189386.37,177732.57267107276,181293.685000526,188784.1706952895
2023-10-15 22:00:00,178500.86,184411.14,190390.56,177573.71577033118,180839.8252920254,188457.1029265785
2023-10-15 23:00:00,178866.33,184496.26,189229.27,177017.77563649253,180923.7666216399,185451.11636339535
2023-10-16 00:00:00,177699.17,182489.83,184852.23,179172.2088219814,173634.7517434549,175857.97440752856
2023-10-16 01:00:00,175275.51,180501.31,181941.46,176778.50328450033,170629.20758575585,172435.68855039869
2023-10-16 02:00:00,171160.14,177043.5,179955.91,173965.54497870783,169131.54877622944,169160.4448304686
2023-10-16 03:00:00,168421.88,174243.95,178576.98,171790.8746172398,167269.62662017613,167018.18062089357
2023-10-16 04:00:00,167908.4,172711.41,178833.02,171135.41163830055,166693.0972990601,166914.91584698355
2023-10-16 05:00:00,171522.98,174561.7,182074.67,173778.44314321456,170453.0896986323,170723.5674132722
2023-10-16 06:00:00,177624.01,179205.51,190534.12,180080.9041860733,178005.16877565833,176616.9435487436
2023-10-16 07:00:00,181336.51,181737.6,195712.59,183944.28269156028,183272.47455334303,181919.90007170403
2023-10-16 08:00:00,183470.22,183697.66,199884.41,186697.64489242874,187207.46019027496,184963.00306388192
2023-10-16 09:00:00,190861.77,188572.32,208118.56,193175.21235904365,194633.74786974932,191507.30912429088
2023-10-16 10:00:00,195706.69,190116.57,214332.64,196888.77892250865,196740.54955289443,195447.7539651776
2023-10-16 11:00:00,197218.65,190269.89,217119.95,198095.1919340019,197838.88404683417,196898.27760872032
2023-10-16 12:00:00,196501.74,189590.97,217926.45,197537.89492589797,198335.5319161654,196899.82139855446
2023-10-16 13:00:00,191749.93,188733.68,215430.54,195501.37713675175,195902.8356267399,194659.4977667313
2023-10-16 14:00:00,189782.52,191120.15,215217.27,196878.3444659306,197333.66288369603,196324.88310085612
2023-10-16 15:00:00,190199.66,190312.11,212254.61,195440.0560793527,196176.1058146076,196320.97933988215
2023-10-16 16:00:00,186664.4,185573.88,205884.54,190211.46627744308,191654.07563994362,192180.00839955537
2023-10-16 17:00:00,183353.09,178965.83,197483.26,183727.68640824675,186425.1321804411,188715.76789729396
2023-10-16 18:00:00,187786.25,181669.16,199493.7,186253.28532619006,188722.51441345975,193612.1271472705
2023-10-16 19:00:00,184171.0,184851.54,201255.48,188284.60339852897,189784.5105791695,200793.60633594228
2023-10-16 20:00:00,175366.49,180637.33,197067.52,183589.9777045508,185487.28974635398,197088.95274342725
2023-10-16 21:00:00,169828.31,178366.2,194265.57,181093.142674829,182625.71896760986,194966.43383965336
2023-10-16 22:00:00,166830.78,178500.86,193060.07,180596.0118778352,182185.2266239175,194275.54183121756
2023-10-16 23:00:00,164316.98,178866.33,192376.19,180296.32380130966,182060.83624809052,191408.6411828023
2023-10-17 00:00:00,161466.04,177699.17,188993.47,174951.64449740926,175973.2607494386,159032.8108583049
2023-10-17 01:00:00,158725.76,175275.51,184817.15,172110.89945454153,174179.00356585224,153873.28635958178
2023-10-17 02:00:00,156247.32,171160.14,182203.02,168746.48083266366,170514.55778444782,149550.85007607949
2023-10-17 03:00:00,154066.63,168421.88,180559.65,166470.3326761512,166879.20875396588,146646.3412070157
2023-10-17 04:00:00,154303.61,167908.4,181141.12,166336.6740201911,165791.34502866797,145945.91429182424
2023-10-17 05:00:00,159082.83,171522.98,184689.25,169666.55962069612,169047.03109932554,149257.90684449248
2023-10-17 06:00:00,168058.89,177624.01,192590.68,175987.03471418374,177399.05881267993,154968.94440597232
2023-10-17 07:00:00,174625.01,181336.51,198315.98,180198.78055370995,182724.75348383086,159910.77712033477
2023-10-17 08:00:00,178213.98,183470.22,201579.46,182778.64093280435,185674.86798046975,162230.18486920567
2023-10-17 09:00:00,185587.1,190861.77,210835.73,190264.72264159715,192744.21667258523,168430.0611456833
2023-10-17 10:00:00,190278.58,195706.69,217572.66,194873.78485293605,197121.4290872341,172189.14135585356
2023-10-17 11:00:00,191470.9,197218.65,218889.95,196061.10395354207,198702.54095803533,174470.4188826207
2023-10-17 12:00:00,190066.1,196501.74,219814.42,195668.19636981294,198605.51917020173,174649.81403498678
2023-10-17 13:00:00,186539.57,191749.93,217092.41,192383.47203406147,194683.69371425346,171808.02578187967
2023-10-17 14:00:00,188002.93,189782.52,217229.56,192349.1390894976,195211.67141722827,173830.7953282035
2023-10-17 15:00:00,188650.9,190199.66,212460.13,190887.32574677642,193512.63908835404,173417.87498609588
2023-10-17 16:00:00,187032.18,186664.4,204727.27,186115.56018182143,190081.48432353212,168601.3623359217
2023-10-17 17:00:00,185494.58,183353.09,197514.63,181181.04367134464,184529.3045153587,164401.4334776871
2023-10-17 18:00:00,190072.44,187786.25,200240.17,184244.70667420432,189915.08942032274,168033.66466788514
2023-10-17 19:00:00,187177.01,184171.0,201653.21,183834.28845603866,187449.0711786512,175077.9773045674
2023-10-17 20:00:00,179867.95,175366.49,197946.7,177677.78703763656,180277.5050255071,171433.36561778226
2023-10-17 21:00:00,174935.23,169828.31,195312.16,174021.44433860874,176543.7228295855,169468.16991418746
2023-10-17 22:00:00,173280.38,166830.78,193624.96,172440.5317164143,175147.3599261579,168867.9443870259
2023-10-17 23:00:00,172966.21,164316.98,192264.05,170974.03054069902,174181.51732563128,166031.49560071333
2023-10-18 00:00:00,170689.94,161466.04,190241.78,167915.431876594,164713.65246333383,169731.90953357233
2023-10-18 01:00:00,167628.5,158725.76,187853.7,165393.0800463971,162647.0075504604,165332.35944128988
2023-10-18 02:00:00,163973.82,156247.32,185267.92,162630.90180244038,160448.22210802813,161833.90795363355
2023-10-18 03:00:00,160695.02,154066.63,183939.71,160632.7128318812,158936.58964765948,159669.63675671077
2023-10-18 04:00:00,160243.7,154303.61,183417.37,160283.53365975618,158273.11380364394,159495.1456921716
2023-10-18 05:00:00,164867.39,159082.83,187045.83,163910.82947549853,162250.06014257707,163024.1432921226
2023-10-18 06:00:00,172953.11,168058.89,193291.07,170583.13169529306,169051.61363103605,169082.14679276693
2023-10-18 07:00:00,178949.95,174625.01,198498.23,175514.97639666553,173840.8378514871,173838.5688747137
2023-10-18 08:00:00,182251.35,178213.98,201945.65,178520.8286737347,177068.81737176498,176584.47445402684
2023-10-18 09:00:00,190299.56,185587.1,211700.6,185613.47398733988,185820.38907560628,183423.3146671384
2023-10-18 10:00:00,193503.86,190278.58,217941.29,189866.9668093329,191312.00077271846,188451.0262372889
2023-10-18 11:00:00,193297.74,191470.9,218698.88,190663.68473781107,191577.6408343825,190008.46606084134
2023-10-18 12:00:00,191660.05,190066.1,218469.39,189810.6536135722,191645.35621773623,189519.24494897714
2023-10-18 13:00:00,188366.24,186539.57,215681.39,186983.813352995,188810.7458339073,186872.54887935656
2023-10-18 14:00:00,190661.92,188002.93,216546.55,188066.24169343655,189746.7411098576,189172.58871698868
2023-10-18 15:00:00,190905.9,188650.9,212661.54,187188.29618361226,187525.76597633582,188882.7992725385
2023-10-18 16:00:00,189346.98,187032.18,204012.95,183019.16812599738,182906.49901136206,183911.41281156382
2023-10-18 17:00:00,187440.16,185494.58,196528.4,178887.2871665674,178689.9795321788,179648.26365572234
2023-10-18 18:00:00,191728.79,190072.44,200018.15,182495.41566009412,183137.27756858227,182316.0604252113
2023-10-18 19:00:00,189942.59,187177.01,202541.44,182706.73579923392,183723.91567624107,187330.82580085663
2023-10-18 20:00:00,182153.96,179867.95,197977.24,177090.7068884617,178736.5607552328,183913.5512639892
2023-10-18 21:00:00,176883.14,174935.23,193932.96,173166.896361402,173305.35053917737,182267.34753224792
2023-10-18 22:00:00,174652.9,173280.38,192956.31,172006.90458795428,171544.2092138163,182254.12117979256
2023-10-18 23:00:00,173498.36,172966.21,191959.08,171284.5755426336,170402.110133492,178800.16271691886
2023-10-19 00:00:00,171135.41,170689.94,189798.15,171367.79784819914,169120.0807358046,170014.86093860026
2023-10-19 01:00:00,167662.94,167628.5,188049.72,168815.8797526883,166405.37030556746,166756.64468932952
2023-10-19 02:00:00,164108.74,163973.82,185864.02,165701.45129051208,163104.02607673424,163528.49700650922
2023-10-19 03:00:00,161476.85,160695.02,183195.86,162959.48372014673,160545.20916298561,161077.39179117783
2023-10-19 04:00:00,161229.0,160243.7,182297.85,162470.57872543394,159786.0583463276,160520.2256198199
2023-10-19 05:00:00,166053.41,164867.39,186246.01,166579.54248073802,164735.27553133562,163029.2659133026
2023-10-19 06:00:00,175193.02,172953.11,193681.5,173860.74113781704,173043.4079074864,168032.61276475285
2023-10-19 07:00:00,181313.66,178949.95,197164.42,178640.2987472029,179173.8488501565,172765.8012294615
2023-10-19 08:00:00,185938.44,182251.35,201061.8,181771.536986308,182212.66885471018,175973.60966875424
2023-10-19 09:00:00,193213.79,190299.56,210036.03,189448.35602525878,190298.1931200644,183072.40260756123
2023-10-19 10:00:00,196573.88,193503.86,216099.18,193754.2452379222,193260.85758777073,188024.3919855871
2023-10-19 11:00:00,196443.97,193297.74,217273.98,194463.94159675276,193758.9767871396,189898.4643113636
2023-10-19 12:00:00,195255.82,191660.05,215836.1,193184.70014301356,192403.81868119116,189960.83459738005
2023-10-19 13:00:00,191263.46,188366.24,212651.15,189781.54709988023,189520.4397031513,187632.27379097347
2023-10-19 14:00:00,192281.1,190661.92,215282.49,191175.260400314,191563.24126972494,189064.2190083961
2023-10-19 15:00:00,193632.41,190905.9,213246.27,190766.87966973847,190810.03328927653,188075.55273996427
2023-10-19 16:00:00,191222.68,189346.98,204893.36,186986.78059457825,187560.40441271456,183012.68325475612
2023-10-19 17:00:00,188730.64,187440.16,197611.44,183244.62153307121,185132.08627186157,176887.79231367167
2023-10-19 18:00:00,191565.78,191728.79,201009.34,187066.73876619877,190053.14775911867,179582.41081539195
2023-10-19 19:00:00,188463.21,189942.59,201452.01,186026.18552098153,188136.3168115328,184028.43571522826
2023-10-19 20:00:00,179618.86,182153.96,195488.49,179135.92311595907,181240.95363676394,181262.39789139509
2023-10-19 21:00:00,174007.83,176883.14,189065.6,173887.08023667338,175313.5898702799,179283.68218578905
2023-10-19 22:00:00,172579.23,174652.9,187028.96,171790.37453756938,172672.40580436427,179326.6645630236
2023-10-19 23:00:00,172076.96,173498.36,186783.14,170580.00548275994,171110.19212997108,176504.50827856886
2023-10-20 00:00:00,169980.48,171135.41,185636.68,170877.78901018747,170976.53641985884,168570.63475838193
2023-10-20 01:00:00,166667.14,167662.94,183428.84,167935.22380317695,168019.11561375702,164820.0022474774
2023-10-20 02:00:00,163522.33,164108.74,181099.26,164970.67501337262,165275.10759728905,161375.9272497915
2023-10-20 03:00:00,160440.14,161476.85,179031.64,162636.0137694977,161678.2558211778,159310.81413330513
2023-10-20 04:00:00,160776.14,161229.0,178129.42,162318.81360559445,161575.51040248064,158977.78559995117
2023-10-20 05:00:00,165777.1,166053.41,181444.23,166601.90270749215,166448.21237630225,162458.26541782057
2023-10-20 06:00:00,174182.01,175193.02,189375.23,174994.39160698012,175860.43758152495,168274.0270790041
2023-10-20 07:00:00,180324.47,181313.66,194232.58,180663.82029747136,181737.40740748178,172301.08429993293
2023-10-20 08:00:00,186433.32,185938.44,196804.19,184136.7500468744,185190.65734319863,174175.2916322821
2023-10-20 09:00:00,194030.77,193213.79,204445.25,191330.9298452476,192159.76208961045,180329.7893350129
2023-10-20 10:00:00,198636.1,196573.88,209706.77,195515.02520682692,196190.89320976133,185420.21922390928
2023-10-20 11:00:00,199394.47,196443.97,211289.2,196160.71200602164,196765.28025391366,187091.82251084282
2023-10-20 12:00:00,197152.78,195255.82,209219.56,194762.2497848412,195516.9370654345,187386.6107741832
2023-10-20 13:00:00,192103.63,191263.46,205623.03,191184.43680083205,191744.09379429385,184011.83143109962
2023-10-20 14:00:00,193465.95,192281.1,207610.43,192592.57102023202,192996.84193105466,185512.8384983584
2023-10-20 15:00:00,192739.63,193632.41,206848.39,192931.94549420808,193651.30968071494,184889.08815056327
2023-10-20 16:00:00,190339.33,191222.68,200789.16,189628.81152570204,189914.4444682968,180197.53609610343
2023-10-20 17:00:00,188365.33,188730.64,194898.51,186273.5965079665,186639.09264476388,175755.99050613306
2023-10-20 18:00:00,191536.98,191565.78,197511.4,189340.8262404418,189303.83430023256,179434.39997930513
2023-10-20 19:00:00,189031.88,188463.21,197225.18,187753.86572662788,187657.7991502091,183879.42749883188
2023-10-20 20:00:00,179297.1,179618.86,191119.01,180596.2609410967,179506.90624107368,180783.4238865377
2023-10-20 21:00:00,173878.19,174007.83,188632.04,176272.18779765812,174988.08427569547,178592.47430133904
2023-10-20 22:00:00,172722.1,172579.23,187951.41,174948.31221455988,173205.28507866946,177721.43578575552
2023-10-20 23:00:00,171826.24,172076.96,187741.82,174396.05603561288,172916.74177901502,174943.06718313412
2023-10-21 00:00:00,169484.42,169980.48,186316.36,172726.50452014254,170442.80394560398,168437.4209175351
2023-10-21 01:00:00,165965.08,166667.14,184248.08,169818.21496358878,166796.47666284867,164751.67297211892
2023-10-21 02:00:00,162350.28,163522.33,180600.85,166497.27928658482,163439.70164425706,161640.6129809408
2023-10-21 03:00:00,159942.51,160440.14,178046.04,163713.75871943298,160338.0511726523,159063.03111673254
2023-10-21 04:00:00,160467.82,160776.14,178150.52,163791.1142237674,160351.7805470862,158814.64265108487
2023-10-21 05:00:00,165001.06,165777.1,181365.29,168044.5008646383,165761.08074516148,161614.45913099693
2023-10-21 06:00:00,172211.55,174182.01,187832.42,175624.1209032887,173282.2383164536,167165.39133075034
2023-10-21 07:00:00,177249.49,180324.47,191234.06,180779.9428593599,178205.25189529607,170511.60183704182
2023-10-21 08:00:00,184553.96,186433.32,194030.62,184890.55621843817,182748.11670198757,172270.57545653993
2023-10-21 09:00:00,191354.13,194030.77,202540.66,192616.5557054119,190500.98004552178,179142.71031655418
2023-10-21 10:00:00,195461.72,198636.1,206474.94,196614.6610981561,193991.61815347764,183910.44037846496
2023-10-21 11:00:00,195625.5,199394.47,207508.89,197194.64381924347,194908.5332292428,185175.09049635497
2023-10-21 12:00:00,193525.28,197152.78,206369.68,195594.12114083293,193638.1107105208,184818.6559879554
2023-10-21 13:00:00,189540.91,192103.63,203581.51,191893.60359570183,189009.40376307693,181342.8157580812
2023-10-21 14:00:00,190497.3,193465.95,205890.29,193529.05210674243,190990.2496117087,182407.74266704093
2023-10-21 15:00:00,190367.65,192739.63,204184.97,192802.55509351342,189873.50526975695,180982.0282835637
2023-10-21 16:00:00,187632.45,190339.33,199525.81,189763.71762507883,187183.24479367156,176464.6664278788
2023-10-21 17:00:00,185445.33,188365.33,193396.76,186347.56822469056,184228.64890288125,172403.04652016706
2023-10-21 18:00:00,190269.04,191536.98,194874.73,189152.45878311578,186791.33773172626,176739.53319176185
2023-10-21 19:00:00,185542.99,189031.88,193906.6,187729.9438857741,184778.56075254825,181974.2031150998
2023-10-21 20:00:00,175659.28,179297.1,186815.69,179774.81657512407,175735.4311997995,177323.66404912935
2023-10-21 21:00:00,170019.52,173878.19,184217.2,175441.53708763592,171057.5557981868,174659.80571571604
2023-10-21 22:00:00,169127.9,172722.1,184411.14,174396.99359465129,170264.96006355036,173388.5162543469
2023-10-21 23:00:00,169602.97,171826.24,184496.26,173640.2414299354,170065.52867858266,170861.62102579424
2023-10-22 00:00:00,167365.25,169484.42,182489.83,168206.12006201845,168135.7258459849,167991.60325305996
2023-10-22 01:00:00,163072.97,165965.08,180501.31,165292.8993234616,164852.16725506456,165627.2221773479
2023-10-22 02:00:00,160287.98,162350.28,177043.5,161972.37081132317,161522.84411277281,163739.76015885273
2023-10-22 03:00:00,157735.58,159942.51,174243.95,159494.5385321724,159045.4341756993,161872.59741918807
2023-10-22 04:00:00,158328.41,160467.82,172711.41,159297.3573618915,159521.8755829452,161889.81227648072
2023-10-22 05:00:00,162465.66,165001.06,174561.7,162917.73887407553,162519.8734301717,163990.04961179371
2023-10-22 06:00:00,167193.67,172211.55,179205.51,169526.7955388169,168717.78838950564,167006.762819316
2023-10-22 07:00:00,172302.05,177249.49,181737.6,173981.8151631458,173527.1802281583,169502.07887777986
2023-10-22 08:00:00,177797.43,184553.96,183697.66,178736.8460914132,176804.77333709184,171717.82343448146
2023-10-22 09:00:00,183627.9,191354.13,188572.32,184963.50642175545,182519.78300731754,177077.94582676588
2023-10-22 10:00:00,187855.25,195461.72,190116.57,188193.309656891,184576.1966004315,179641.2013136144
2023-10-22 11:00:00,187762.53,195625.5,190269.89,188383.95761384035,184706.82993825735,180677.3953473821
2023-10-22 12:00:00,185000.18,193525.28,189590.97,187005.37631449712,183269.51830690092,180763.27404323532
2023-10-22 13:00:00,181523.53,189540.91,188733.68,184020.47042140583,180700.40512599988,179187.59322604456
2023-10-22 14:00:00,180516.51,190497.3,191120.15,185215.54316610174,182330.31051152208,179484.02882975191
2023-10-22 15:00:00,180127.06,190367.65,190312.11,184915.7226298807,181713.5132539379,177708.2441103805
2023-10-22 16:00:00,177625.04,187632.45,185573.88,181707.09908708176,178127.39427015826,173246.37729140697
2023-10-22 17:00:00,177255.12,185445.33,178965.83,178094.18044417293,174562.84593073052,168339.788713098
2023-10-22 18:00:00,181695.55,190269.04,181669.16,181457.62911200005,177732.79429914156,172906.2257878144
2023-10-22 19:00:00,177604.3,185542.99,184851.54,180160.78445440403,176890.0198409265,180829.23328244296
2023-10-22 20:00:00,169774.71,175659.28,180637.33,172858.0651434003,170991.3676354883,178240.56035402368
2023-10-22 21:00:00,165544.87,170019.52,178366.2,168572.27675549552,166540.76365529269,176609.28000239102
2023-10-22 22:00:00,164411.39,169127.9,178500.86,167927.74227543586,165247.38238297406,176533.89694123896
2023-10-22 23:00:00,163743.2,169602.97,178866.33,167894.4200894848,165238.75671936944,174089.24905044897
2023-10-23 00:00:00,160551.88,167365.25,177699.17,172572.25183766545,167026.14084969898,160643.24706534928
2023-10-23 01:00:00,157544.39,163072.97,175275.51,169160.26264655264,164182.46262784986,157614.08311271906
2023-10-23 02:00:00,154723.81,160287.98,171160.14,165876.67357947232,160607.68127780312,154925.1469869203
2023-10-23 03:00:00,152550.33,157735.58,168421.88,163263.63884800186,158134.85088614107,153103.71000545396
2023-10-23 04:00:00,153762.74,158328.41,167908.4,163447.51739692598,158119.10326872583,153197.07094334002
2023-10-23 05:00:00,158641.69,162465.66,171522.98,167573.6508479368,163144.8660119956,156771.09703636874
2023-10-23 06:00:00,165335.56,167193.67,177624.01,173808.62528395338,171848.47608265583,162928.02878225807
2023-10-23 07:00:00,172065.1,172302.05,181336.51,178738.80217575005,178532.67630125795,167653.58219702213
2023-10-23 08:00:00,179421.89,177797.43,183470.22,183359.1563417077,184010.1049405002,170785.75159774936
2023-10-23 09:00:00,187084.35,183627.9,190861.77,190145.86545909947,192183.00482607933,177712.08211053454
2023-10-23 10:00:00,190054.72,187855.25,195706.69,194663.90757224633,196374.4462639491,182348.74771036836
2023-10-23 11:00:00,189822.9,187762.53,197218.65,195379.90913536714,196842.42476280616,184064.81101842588
2023-10-23 12:00:00,187166.37,185000.18,196501.74,193589.59595557084,195393.9793933599,184214.22103472258
2023-10-23 13:00:00,183085.77,181523.53,191749.93,189456.7316924602,190621.09390345222,181989.62262639578
2023-10-23 14:00:00,182652.48,180516.51,189782.52,188778.01215905143,191276.67049603493,182980.42829081882
2023-10-23 15:00:00,181754.71,180127.06,190199.66,188443.63385085357,191148.49516731699,182212.968158776
2023-10-23 16:00:00,180408.25,177625.04,186664.4,185412.82757649888,188201.44604868517,177561.82450550413
2023-10-23 17:00:00,179210.57,177255.12,183353.09,183250.36676815673,185977.22533218973,172951.58136657768
2023-10-23 18:00:00,182279.1,181695.55,187786.25,187325.85293981773,189718.54723403245,177722.0308716473
2023-10-23 19:00:00,177354.75,177604.3,184171.0,184189.94089814226,186657.75326919588,183812.39780761846
2023-10-23 20:00:00,169104.74,169774.71,175366.49,175854.24185694347,176683.5845922341,179871.34283950532
2023-10-23 21:00:00,163846.29,165544.87,169828.31,170979.37978083442,170564.3108138866,177245.68587142264
2023-10-23 22:00:00,161545.68,164411.39,166830.78,169262.58676921955,169079.27925332772,176230.85193326444
2023-10-23 23:00:00,163819.53,163743.2,164316.98,168018.4402233866,168202.04376048417,173853.89602137837
2023-10-24 00:00:00,163241.44,160551.88,161466.04,158845.81730174797,161521.4903925356,162538.2630642495
2023-10-24 01:00:00,160051.89,157544.39,158725.76,155751.78730948607,158269.7727117764,160319.2047476752
2023-10-24 02:00:00,157037.59,154723.81,156247.32,152988.73860950797,155434.60655781146,158788.07993218384
2023-10-24 03:00:00,154966.07,152550.33,154066.63,150854.26695885856,153083.7336309052,157994.60670922732
2023-10-24 04:00:00,155569.78,153762.74,154303.61,151537.35606947527,154625.4192081738,159109.51092957886
2023-10-24 05:00:00,160121.62,158641.69,159082.83,156014.2651747041,159606.63791359673,163683.73970794078
2023-10-24 06:00:00,167127.3,165335.56,168058.89,163072.5032786959,166551.6262143975,170825.9191591052
2023-10-24 07:00:00,173825.36,172065.1,174625.01,169044.36902184392,172714.81836182697,176610.94886227473
2023-10-24 08:00:00,180325.23,179421.89,178213.98,174668.6622070584,176758.66666956316,179948.31169757887
2023-10-24 09:00:00,186550.27,187084.35,185587.1,181678.10779332765,182462.0652701009,187587.5683189956
2023-10-24 10:00:00,190058.49,190054.72,190278.58,185460.4831652601,185218.9454203038,192606.85934409127
2023-10-24 11:00:00,190049.44,189822.9,191470.9,185788.54011346758,185325.6304337531,195314.2195935504
2023-10-24 12:00:00,187603.09,187166.37,190066.1,183865.55380530478,183707.68625429602,195860.63736697705
2023-10-24 13:00:00,184734.98,183085.77,186539.57,180223.4958832456,180657.09180100568,193113.19278340501
2023-10-24 14:00:00,183286.53,182652.48,188002.93,180511.13195354262,181267.44212368192,194951.79926467963
2023-10-24 15:00:00,181359.59,181754.71,188650.9,180028.00904891788,182500.37541848276,193402.0796017511
2023-10-24 16:00:00,176413.94,180408.25,187032.18,177946.42812850012,180058.28737706383,187813.89670606793
2023-10-24 17:00:00,172787.8,179210.57,185494.58,176233.901591045,178230.1140059475,183059.74281461188
2023-10-24 18:00:00,174369.04,182279.1,190072.44,179961.68818906893,182130.37427509032,187022.90249724686
2023-10-24 19:00:00,169934.83,177354.75,187177.01,176497.07294735365,177072.51632132096,192829.67015266253
2023-10-24 20:00:00,162904.89,169104.74,179867.95,168909.78233267288,168633.77929108386,188971.05071509778
2023-10-24 21:00:00,159840.8,163846.29,174935.23,164119.65316368852,162856.5122405767,186387.7365330063
2023-10-24 22:00:00,160123.82,161545.68,173280.38,162451.5267842573,160093.4179712927,185311.30031953173
2023-10-24 23:00:00,160053.93,163819.53,172966.21,163082.0570325088,161940.1860721394,182906.9468892589
2023-10-25 00:00:00,158018.53,163241.44,170689.94,164141.21466870682,159828.7198264859,157976.24112384368
2023-10-25 01:00:00,154335.7,160051.89,167628.5,160906.05521234666,157068.47913726998,154848.62019227445
2023-10-25 02:00:00,151633.91,157037.59,163973.82,157851.35036573256,153715.55708285412,152334.46052098868
2023-10-25 03:00:00,149316.67,154966.07,160695.02,155436.0678070582,151050.30099560565,150934.3519396661
2023-10-25 04:00:00,150133.7,155569.78,160243.7,155711.83431732495,151570.06563769444,151008.34739942758
2023-10-25 05:00:00,155235.54,160121.62,164867.39,160087.93839524727,157390.7267094966,154997.73817547772
2023-10-25 06:00:00,166131.61,167127.3,172953.11,166781.0243589135,166356.23047779905,161543.47607940141
2023-10-25 07:00:00,175509.89,173825.36,178949.95,172795.79488450038,173723.8741400363,166688.04022821464
2023-10-25 08:00:00,184586.29,180325.23,182251.35,177918.86895207947,179784.41676769598,169702.22928553133
2023-10-25 09:00:00,195632.08,186550.27,190299.56,184694.30259056503,185588.1315980598,177592.26780607126
2023-10-25 10:00:00,201164.91,190058.49,193503.86,188233.11796674502,189065.07066919532,183272.61413899323
2023-10-25 11:00:00,201793.33,190049.44,193297.74,188194.5808587588,189384.3218257558,184719.9076279714
2023-10-25 12:00:00,199848.23,187603.09,191660.05,186098.2471046158,186447.5133497806,184138.00341523366
2023-10-25 13:00:00,195516.18,184734.98,188366.24,182948.57884814203,183493.95191923456,181261.3557428394
2023-10-25 14:00:00,195842.88,183286.53,190661.92,182851.01110363207,183155.46302171916,183219.7758934638
2023-10-25 15:00:00,196183.36,181359.59,190905.9,181847.43038583224,182243.35849287017,181935.21435106616
2023-10-25 16:00:00,193019.21,176413.94,189346.98,178521.77095510933,178194.6254015882,176199.18185174832
2023-10-25 17:00:00,190544.73,172787.8,187440.16,176031.99365237544,175177.12971118547,171408.86607313182
2023-10-25 18:00:00,192627.13,174369.04,191728.79,179067.88202296794,177601.8771833537,175033.46634403238
2023-10-25 19:00:00,187990.89,169934.83,189942.59,176145.64492077765,173826.07216916286,179675.42521356873
2023-10-25 20:00:00,178494.46,162904.89,182153.96,169047.74851245817,167062.17560013878,175654.04403920734
2023-10-25 21:00:00,174387.07,159840.8,176883.14,164989.64881785485,162624.23464345714,173130.88509884608
2023-10-25 22:00:00,172072.9,160123.82,174652.9,163985.61139626006,161436.0549223012,172709.99257906573
2023-10-25 23:00:00,171705.13,160053.93,173498.36,163566.79842687596,161167.69502894644,169786.86434237665
2023-10-26 00:00:00,168519.64,158018.53,171135.41,166649.01370869201,162087.8780338121,169555.6309545349
2023-10-26 01:00:00,165411.66,154335.7,167662.94,163253.4308365529,158066.74619893392,167117.18875328545
2023-10-26 02:00:00,161987.34,151633.91,164108.74,160229.95200933257,155337.29161189144,164576.47020375094
2023-10-26 03:00:00,159738.48,149316.67,161476.85,157831.94821829593,152933.6777165247,162464.31030727318
2023-10-26 04:00:00,160640.16,150133.7,161229.0,158277.31853446277,153184.85827065387,162212.915100615
2023-10-26 05:00:00,166464.92,155235.54,166053.41,163179.77159376588,158397.9180764719,165555.8906607285
2023-10-26 06:00:00,177873.7,166131.61,175193.02,172301.8495089024,167825.40260763606,171874.30958828257
2023-10-26 07:00:00,186108.54,175509.89,181313.66,179717.22138595587,176304.64349289206,176575.86494814747
2023-10-26 08:00:00,192661.6,184586.29,185938.44,186572.65539325884,184317.60113497952,179838.26905603675
2023-10-26 09:00:00,200898.6,195632.08,193213.79,195292.82021955546,194099.40896536884,187411.88901340117
2023-10-26 10:00:00,204559.52,201164.91,196573.88,199532.65271091438,199040.4109776408,192790.11467547165
2023-10-26 11:00:00,203994.02,201793.33,196443.97,199759.3563539716,199203.64896659116,194605.83716208424
2023-10-26 12:00:00,201614.05,199848.23,195255.82,197908.88584721554,197692.02539306745,194426.02942178643
2023-10-26 13:00:00,197289.06,195516.18,191263.46,193879.3185508903,193188.9016118944,191794.01436926052
2023-10-26 14:00:00,198941.01,195842.88,192281.1,194221.86988897348,193729.7514175861,193701.85442374277
2023-10-26 15:00:00,199702.93,196183.36,193632.41,194315.83893539198,194076.66094505272,192711.8124702686
2023-10-26 16:00:00,196904.57,193019.21,191222.68,191271.21529867506,191115.99127815125,186762.07754464535
2023-10-26 17:00:00,194295.48,190544.73,188730.64,188641.5426119904,188588.49030099084,180406.58709801888
2023-10-26 18:00:00,195945.79,192627.13,191565.78,191190.2882475158,190544.20861041592,184042.92244702228
2023-10-26 19:00:00,190171.96,187990.89,188463.21,187525.77087259805,187295.40901514198,187437.99030763836
2023-10-26 20:00:00,180954.79,178494.46,179618.86,178906.1306488929,176900.79653982818,183425.6523715759
2023-10-26 21:00:00,175200.42,174387.07,174007.83,174067.78200232933,172596.98309686987,180304.29799262327
2023-10-26 22:00:00,173337.4,172072.9,172579.23,172234.64936348435,170495.11460293015,179833.5387793755
2023-10-26 23:00:00,172445.05,171705.13,172076.96,172240.4794139617,170748.0646627003,177483.34323684254
2023-10-27 00:00:00,169681.22,168519.64,169980.48,172294.91361032368,170402.21968552435,169515.51015953883
2023-10-27 01:00:00,166055.11,165411.66,166667.14,169020.29854879668,167144.3715658048,166139.39222213675
2023-10-27 02:00:00,163004.08,161987.34,163522.33,165798.8474587361,163704.46430236334,163036.08514581714
2023-10-27 03:00:00,161118.62,159738.48,160440.14,163271.9522006703,161462.55762744672,160984.19130826002
2023-10-27 04:00:00,162202.95,160640.16,160776.14,163844.67196010202,162492.1161665297,160625.18716995584
2023-10-27 05:00:00,168086.52,166464.92,165777.1,169090.14887284665,167753.67401881522,164223.14174296407
2023-10-27 06:00:00,179377.9,177873.7,174182.01,178674.47040270214,178451.84880427626,171101.4961152937
2023-10-27 07:00:00,186679.32,186108.54,180324.47,186035.44917551786,185994.25297841427,175666.34505141183
2023-10-27 08:00:00,193463.26,192661.6,186433.32,192489.70090511558,192610.2861054907,178329.1784261216
2023-10-27 09:00:00,201863.81,200898.6,194030.77,200440.87673334204,201734.4495187979,184864.31964824305
2023-10-27 10:00:00,204707.66,204559.52,198636.1,204646.3521171516,205206.58490089717,190084.6375095511
2023-10-27 11:00:00,204161.14,203994.02,199394.47,204823.65494365784,205215.93271194163,192032.5015666299
2023-10-27 12:00:00,202123.99,201614.05,197152.78,202509.46234358766,202676.7169881963,191946.82627533807
2023-10-27 13:00:00,197554.89,197289.06,192103.63,198170.5229589305,198137.7178351726,188590.6600987911
2023-10-27 14:00:00,198560.02,198941.01,193465.95,199052.30637980087,199632.1987664328,190345.0042424093
2023-10-27 15:00:00,198471.27,199702.93,192739.63,198722.2622421891,200271.82240751488,189557.34007822207
2023-10-27 16:00:00,195133.05,196904.57,190339.33,195406.409583899,196722.8142722615,184273.30107597398
2023-10-27 17:00:00,192370.75,194295.48,188365.33,192592.6573433454,193614.9350707455,179377.60393290402
2023-10-27 18:00:00,194105.72,195945.79,191536.98,194868.288086783,196155.95756303743,183102.7010290358
2023-10-27 19:00:00,188846.52,190171.96,189031.88,190968.0423665944,190633.08413379826,185803.73754653835
2023-10-27 20:00:00,178229.5,180954.79,179297.1,182057.97916590315,180660.57306320942,181860.19410030937
2023-10-27 21:00:00,172284.56,175200.42,173878.19,177098.4255255995,175438.05686066428,179446.70466878032
2023-10-27 22:00:00,170552.46,173337.4,172722.1,175814.74311614071,173587.15059882583,178448.68839412715
2023-10-27 23:00:00,170756.97,172445.05,171826.24,175062.17025376463,172878.92871185043,176373.54766101253
2023-10-28 00:00:00,168014.84,169681.22,169484.42,170556.80140995607,170101.21119595127,168834.9634134336
2023-10-28 01:00:00,164977.34,166055.11,165965.08,167031.16693968824,166633.56149405314,166420.93587035703
2023-10-28 02:00:00,161772.92,163004.08,162350.28,163767.3325629171,163331.06740349758,163840.925655612
2023-10-28 03:00:00,159730.54,161118.62,159942.51,161557.92521821568,161350.0870748188,161762.39205631713
2023-10-28 04:00:00,160791.48,162202.95,160467.82,162347.4016421044,162107.11255508108,162050.48944891687
2023-10-28 05:00:00,167084.69,168086.52,165001.06,167559.59626636008,167931.51353461388,165306.25433507407
2023-10-28 06:00:00,175280.86,179377.9,172211.55,177283.10006667266,178197.49895931818,171416.41283120774
2023-10-28 07:00:00,182154.22,186679.32,177249.49,184197.04240912906,185279.24352989945,174875.31325842967
2023-10-28 08:00:00,188812.67,193463.26,184553.96,191303.7513416972,192352.40637046605,176870.29466008086
2023-10-28 09:00:00,198889.63,201863.81,191354.13,199652.9932676539,201019.0447405294,184212.6216470893
2023-10-28 10:00:00,203677.91,204707.66,195461.72,203497.8270768012,204098.59935996207,189190.1450968766
2023-10-28 11:00:00,203750.2,204161.14,195625.5,203482.4046804827,203261.7399763483,190623.59554702378
2023-10-28 12:00:00,201195.58,202123.99,193525.28,201460.66377055788,201238.30385961462,190140.40116725102
2023-10-28 13:00:00,196665.56,197554.89,189540.91,197197.433028192,196761.61623699253,186951.31241030782
2023-10-28 14:00:00,198010.11,198560.02,190497.3,198134.502775759,198039.93473985483,188390.78216379788
2023-10-28 15:00:00,197565.75,198471.27,190367.65,198066.321579806,198208.3334616596,187217.50676721253
2023-10-28 16:00:00,193994.4,195133.05,187632.45,194886.5979666736,194582.53758083747,183224.57673665456
2023-10-28 17:00:00,191189.12,192370.75,185445.33,192152.3602695985,191747.99424393216,178787.15955752585
2023-10-28 18:00:00,193151.96,194105.72,190269.04,194928.01287812632,192996.5511895506,182658.16863793024
2023-10-28 19:00:00,187450.12,188846.52,185542.99,190399.45875176758,187864.12176251019,185937.29491550912
2023-10-28 20:00:00,177240.99,178229.5,175659.28,180571.65569067025,177704.01147148525,180661.56145005338
2023-10-28 21:00:00,171875.85,172284.56,170019.52,175212.3436047382,171526.21745953348,177939.78667858918
2023-10-28 22:00:00,170284.39,170552.46,169127.9,173696.90450898345,169839.2794032718,177011.0069790808
2023-10-28 23:00:00,169811.99,170756.97,169602.97,173707.4515420099,170249.81718417892,175024.84137861241
2023-10-29 00:00:00,166927.36,168014.84,167365.25,167410.3127248945,168017.40018233316,167788.62518815463
2023-10-29 01:00:00,163726.7,164977.34,163072.97,164013.2604691654,164564.86823577082,165222.85124529884
2023-10-29 02:00:00,160645.13,161772.92,160287.98,160923.72222387616,161629.99477393125,162782.4844778137
2023-10-29 03:00:00,158488.38,159730.54,157735.58,158693.3902444762,159628.54021306438,160552.65233869397
2023-10-29 04:00:00,159731.73,160791.48,158328.41,159430.72710525698,161129.0415787374,160174.31793748963
2023-10-29 05:00:00,165066.64,167084.69,162465.66,164645.32256484905,167200.89396621872,162225.37256212573
2023-10-29 06:00:00,171999.12,175280.86,167193.67,172348.3419013299,173961.78216241472,166222.73000141126
2023-10-29 07:00:00,178298.93,182154.22,172302.05,178703.60380156693,177900.50053233333,169129.73501687503
2023-10-29 08:00:00,185680.77,188812.67,177797.43,184629.10694518086,183312.15325392966,171644.5372253939
2023-10-29 09:00:00,192177.04,198889.63,183627.9,192519.11705222374,191425.80316333883,177264.45628008276
2023-10-29 10:00:00,194683.78,203677.91,187855.25,196520.76181454715,195562.242816336,179778.09108258536
2023-10-29 11:00:00,194135.24,203750.2,187762.53,196403.669092225,195458.79592747425,180697.0508999747
2023-10-29 12:00:00,192377.36,201195.58,185000.18,194016.08316829585,192917.3501436526,180615.51959426494
2023-10-29 13:00:00,188447.36,196665.56,181523.53,190070.82332964698,188674.66361660973,179225.08202171302
2023-10-29 14:00:00,187344.33,198010.11,180516.51,190734.2595654606,187664.70495601548,180030.46384276284
2023-10-29 15:00:00,185518.44,197565.75,180127.06,190515.88348263182,186914.736120094,178201.09887696154
2023-10-29 16:00:00,181816.91,193994.4,177625.04,187390.05924209516,184075.81328748493,173700.21830065656
2023-10-29 17:00:00,179728.08,191189.12,177255.12,185150.58301209263,182369.1700112626,168454.68924198954
2023-10-29 18:00:00,181730.28,193151.96,181695.55,187798.49303831317,185275.79895870684,172904.1833474651
2023-10-29 19:00:00,176271.61,187450.12,177604.3,183418.90324658953,181281.47798693887,178676.4282713431
2023-10-29 20:00:00,168212.16,177240.99,169774.71,174613.05512005184,172496.64467743362,175350.54479575853
2023-10-29 21:00:00,163815.1,171875.85,165544.87,169706.20946658365,167882.64669517605,173317.26971107462
2023-10-29 22:00:00,163144.73,170284.39,164411.39,168277.0921907795,167029.5496861335,173358.49740601497
2023-10-29 23:00:00,162265.49,169811.99,163743.2,167705.97449380285,166718.12757254526,171563.9657209688
2023-10-30 00:00:00,159267.81,166927.36,160551.88,169066.5503948351,165102.13558190476,159427.1123069441
2023-10-30 01:00:00,155984.0,163726.7,157544.39,165836.0057179219,161793.6509416224,156573.28927115098
2023-10-30 02:00:00,153520.06,160645.13,154723.81,162724.79805170302,158793.46638062794,153544.76215917373
2023-10-30 03:00:00,152079.92,158488.38,152550.33,160558.03666632032,156919.3072857404,151546.78669035525
2023-10-30 04:00:00,154143.85,159731.73,153762.74,161658.50826989155,157921.37786096337,151417.5154874908
2023-10-30 05:00:00,161841.82,165066.64,158641.69,167001.34118778346,163912.82775041915,154838.0932787227
2023-10-30 06:00:00,173710.36,171999.12,165335.56,174802.00864207884,174824.3756850362,161397.02088570374
2023-10-30 07:00:00,182451.62,178298.93,172065.1,181458.93798449892,183231.72676760904,165962.47736871988
2023-10-30 08:00:00,189349.52,185680.77,179421.89,188421.5294241329,190793.66434475966,168723.60381400815
2023-10-30 09:00:00,197258.52,192177.04,187084.35,196009.39181666187,199802.09924590154,175861.97289486617
2023-10-30 10:00:00,200479.27,194683.78,190054.72,199062.92750326952,204110.20167724215,180526.61029321823
2023-10-30 11:00:00,201215.57,194135.24,189822.9,198792.00753789328,204592.51337287904,182041.12318352715
2023-10-30 12:00:00,200023.49,192377.36,187166.37,196676.26042923913,202238.59132646478,182142.98543347156
2023-10-30 13:00:00,195167.02,188447.36,183085.77,192437.50663627876,197827.5118580905,179354.80749873436
2023-10-30 14:00:00,195241.69,187344.33,182652.48,192053.43343281886,198244.6691774831,179645.65552166937
2023-10-30 15:00:00,194825.9,185518.44,181754.71,191041.8832854835,198222.78362671228,179114.4812480621
2023-10-30 16:00:00,192651.77,181816.91,180408.25,188113.72242463558,194066.8761876991,174599.10102696653
2023-10-30 17:00:00,190867.06,179728.08,179210.57,186000.20353326146,190353.87230356687,170308.19524534067
2023-10-30 18:00:00,193263.8,181730.28,182279.1,188466.0651640071,192363.7043492403,175373.7930939577
2023-10-30 19:00:00,188074.43,176271.61,177354.75,183522.4729928241,187149.26812793617,178387.01291038014
2023-10-30 20:00:00,177644.44,168212.16,169104.74,174723.517349959,176007.60848664586,173073.86291079014
2023-10-30 21:00:00,171925.32,163815.1,163846.29,169580.70611218904,170981.4945301964,169656.10485875962
2023-10-30 22:00:00,169826.61,163144.73,161545.68,167963.89204233242,170615.47910860958,168127.6376600386
2023-10-30 23:00:00,168117.76,162265.49,163819.53,168162.4442195094,168483.18602407136,165640.43939192366
2023-10-31 00:00:00,164924.36,159267.81,163241.44,165617.8619894682,166054.52993083064,164732.2591925617
2023-10-31 01:00:00,161625.59,155984.0,160051.89,162379.82195744113,162569.9708673514,161020.44184034842
2023-10-31 02:00:00,158751.6,153520.06,157037.59,159504.147884854,159886.98255210236,158232.9106119906
2023-10-31 03:00:00,157513.91,152079.92,154966.07,157629.04423525615,157737.95635112104,156328.07656863736
2023-10-31 04:00:00,158836.14,154143.85,155569.78,158881.59930558133,159021.84505956792,156592.99082947877
2023-10-31 05:00:00,165167.37,161841.82,160121.62,165031.96829927567,164716.41247067152,160871.89418996146
2023-10-31 06:00:00,176591.69,173710.36,167127.3,174231.70260076137,175086.04785212607,168652.9733526321
2023-10-31 07:00:00,185177.76,182451.62,173825.36,181783.27540081035,182580.540008685,174801.78868776484
2023-10-31 08:00:00,191296.2,189349.52,180325.23,188391.46063852982,189501.74478812082,178161.8876756822
2023-10-31 09:00:00,197801.16,197258.52,186550.27,196045.97107023117,197837.9401973147,185902.42627520527
2023-10-31 10:00:00,201084.25,200479.27,190058.49,199677.36254317456,201656.14877151366,191239.55825288605
2023-10-31 11:00:00,202101.67,201215.57,190049.44,199991.27519666494,202113.2160623831,192879.55570988805
2023-10-31 12:00:00,200663.01,200023.49,187603.09,198091.23958080963,199961.91512870116,192591.1707582148
2023-10-31 13:00:00,195497.22,195167.02,184734.98,194013.49433441853,195644.38095552273,189549.7878676082
2023-10-31 14:00:00,196488.89,195241.69,183286.53,193782.88547236903,196044.5123243847,191034.65046439282
2023-10-31 15:00:00,196078.63,194825.9,181359.59,192808.94574349505,195859.28398301304,189914.28441978196
2023-10-31 16:00:00,193278.82,192651.77,176413.94,189359.2640163349,192259.7741108742,185379.27273927192
2023-10-31 17:00:00,193216.18,190867.06,172787.8,186733.1627446651,189790.53061200297,181371.99645541792
2023-10-31 18:00:00,195765.81,193263.8,174369.04,188924.82391510528,192154.12736626997,185535.75222871144
2023-10-31 19:00:00,189343.23,188074.43,169934.83,184200.3929703196,187970.82544643598,188597.65691008716
2023-10-31 20:00:00,179284.79,177644.44,162904.89,175233.38029642773,178487.48292892202,183471.66676257327
2023-10-31 21:00:00,173352.55,171925.32,159840.8,170517.03373937611,171675.15917111505,180000.49282505186
2023-10-31 22:00:00,170586.58,169826.61,160123.82,169368.12993345136,169078.36125744577,178652.95999637645
2023-10-31 23:00:00,168544.53,168117.76,160053.93,168472.88564045835,168103.3121150402,176651.79523512686
2023-11-01 00:00:00,165150.84,164924.36,158018.53,164356.17851748824,163365.45787783788,165159.44382846172
2023-11-01 01:00:00,161902.17,161625.59,154335.7,160934.33167118725,160094.51993941216,161041.85110306216
2023-11-01 02:00:00,159243.56,158751.6,151633.91,158040.48118108735,157180.44286116833,157483.89429941558
2023-11-01 03:00:00,157957.9,157513.91,149316.67,156165.80926782973,155262.04473883644,155108.9316246575
2023-11-01 04:00:00,160280.37,158836.14,150133.7,157277.98583120832,156363.76688391855,154466.91938884204
2023-11-01 05:00:00,167113.54,165167.37,155235.54,163089.13265580448,162206.2260815588,158363.03428673412
2023-11-01 06:00:00,175849.96,176591.69,166131.61,173417.25488766175,173597.29522648983,165194.08659552695
2023-11-01 07:00:00,184001.82,185177.76,175509.89,181752.7925570009,183163.81444040893,170442.26546132102
2023-11-01 08:00:00,188038.05,191296.2,184586.29,188881.9514669927,190207.47876995048,173522.70246675907
2023-11-01 09:00:00,195852.58,197801.16,195632.08,196931.57847489926,197051.73761582936,181350.76153469764
2023-11-01 10:00:00,200910.36,201084.25,201164.91,200735.6757336635,201366.89532370574,186075.41087096502
2023-11-01 11:00:00,201540.62,202101.67,201793.33,201266.36351978147,201906.9246675222,186752.25935199528
2023-11-01 12:00:00,200181.54,200663.01,199848.23,199622.75952132398,200095.2277270139,185718.8121829971
2023-11-01 13:00:00,194776.43,195497.22,195516.18,195055.79562280266,195836.8704432314,182682.3693861605
2023-11-01 14:00:00,194981.32,196488.89,195842.88,195415.36350520427,196220.13514745905,184680.4150105101
2023-11-01 15:00:00,194581.46,196078.63,196183.36,194992.14552323232,196310.13432625818,183789.54669666843
2023-11-01 16:00:00,191463.5,193278.82,193019.21,192007.2649034821,193010.0730344504,178930.8145616411
2023-11-01 17:00:00,190538.18,193216.18,190544.73,190540.80527402807,191791.41914373374,174811.90763881474
2023-11-01 18:00:00,192015.88,195765.81,192627.13,192942.42574986,194250.95718831633,178678.90492873517
2023-11-01 19:00:00,185769.97,189343.23,187990.89,187870.72438434558,188355.0876867454,181037.20179542707
2023-11-01 20:00:00,174665.04,179284.79,178494.46,178525.2959467611,178062.98166135885,175862.84467862258
2023-11-01 21:00:00,169085.07,173352.55,174387.07,173479.2709197984,172626.85929110617,172315.4465055722
2023-11-01 22:00:00,167795.12,170586.58,172072.9,171297.65037317676,170304.36534459438,171288.20976745576
2023-11-01 23:00:00,166257.1,168544.53,171705.13,170005.54810685947,168622.70847870948,168967.70732834676
2023-11-02 00:00:00,163301.6,165150.84,168519.64,163895.8126938573,163066.84298767315,163517.04588231994
2023-11-02 01:00:00,159919.17,161902.17,165411.66,160692.51817281925,159982.4586171482,160451.51062421774
2023-11-02 02:00:00,156947.94,159243.56,161987.34,157801.68322158963,157033.11811582022,157489.4956124217
2023-11-02 03:00:00,155270.76,157957.9,159738.48,156146.8590041805,155665.36325563374,155079.45825705508
2023-11-02 04:00:00,156484.15,160280.37,160640.16,157732.76776299241,157657.99944126015,154676.62589552117
2023-11-02 05:00:00,163619.78,167113.54,166464.92,164155.1231866109,163955.2004004608,158505.7202853498
2023-11-02 06:00:00,175081.8,175849.96,177873.7,174297.71139855092,174133.35980233646,165678.68451579992
2023-11-02 07:00:00,183600.11,184001.82,186108.54,182385.01445839662,182640.25345501746,170624.56624025575
2023-11-02 08:00:00,189723.33,188038.05,192661.6,187770.58814944464,187599.67424337674,174385.66321357046
2023-11-02 09:00:00,196293.28,195852.58,200898.6,195408.1039843276,194907.49658120523,182090.3056060917
2023-11-02 10:00:00,200073.47,200910.36,204559.52,199384.27789474692,199076.36456529496,187011.97534587723
2023-11-02 11:00:00,200952.5,201540.62,203994.02,199678.53296326988,199719.60740448654,188351.44028606347
2023-11-02 12:00:00,199310.24,200181.54,201614.05,198078.68245738084,197889.92645923165,187969.7518768724
2023-11-02 13:00:00,194099.76,194776.43,197289.06,193279.8967487282,193070.83092333266,185008.2154094014
2023-11-02 14:00:00,196171.2,194981.32,198941.01,193928.3075117753,193526.92205655994,187016.65221865024
2023-11-02 15:00:00,195169.09,194581.46,199702.93,193921.0868771085,193410.02235235265,186211.10339234147
2023-11-02 16:00:00,191092.12,191463.5,196904.57,191152.73114698834,190495.3316771246,180925.59872173247
2023-11-02 17:00:00,190605.95,190538.18,194295.48,189533.0002018481,189183.01386410036,175484.3097485773
2023-11-02 18:00:00,193510.66,192015.88,195945.79,191390.06413333648,190840.79920816934,178766.98949533363
2023-11-02 19:00:00,189907.31,185769.97,190171.96,186035.38056946147,185000.47488934142,180238.9194622289
2023-11-02 20:00:00,179320.24,174665.04,180954.79,176112.76991343586,173841.27598026438,174819.33322906905
2023-11-02 21:00:00,173640.03,169085.07,175200.42,170533.56369879222,168069.30707030493,170600.32168343867
2023-11-02 22:00:00,171303.68,167795.12,173337.4,168804.74042424705,166575.39586777118,169735.63144401103
2023-11-02 23:00:00,169614.59,166257.1,172445.05,167415.51972635498,164948.55998904372,167965.40761617458
2023-11-03 00:00:00,165939.14,163301.6,169681.22,165500.07956977643,162766.90640053203,166733.8211109061
2023-11-03 01:00:00,162173.18,159919.17,166055.11,162086.81624134711,159532.07655705354,163131.93180193112
2023-11-03 02:00:00,159406.01,156947.94,163004.08,159135.60829389194,156387.59068891045,159849.6097669535
2023-11-03 03:00:00,157879.42,155270.76,161118.62,157439.63186932975,154899.6080594522,157506.47326694758
2023-11-03 04:00:00,159634.17,156484.15,162202.95,158651.02801144967,156374.630174482,157246.25550295477
2023-11-03 05:00:00,167139.9,163619.78,168086.52,165043.88520866135,163780.0737811717,161259.27302390337
2023-11-03 06:00:00,178665.59,175081.8,179377.9,175898.56205384896,175045.32165339412,168890.67258530512
2023-11-03 07:00:00,187081.89,183600.11,186679.32,183837.5924574402,184072.6643944961,173866.07058710506
2023-11-03 08:00:00,191598.18,189723.33,193463.26,189871.72227474093,189580.18887182712,177370.5575718784
2023-11-03 09:00:00,198097.37,196293.28,201863.81,197014.5048352571,196052.71235328552,184220.7989454113
2023-11-03 10:00:00,201428.07,200073.47,204707.66,200517.6483287074,199989.44179553865,189616.36470346383
2023-11-03 11:00:00,201145.08,200952.5,204161.14,200968.29545141538,200639.40047101665,191389.72569681064
2023-11-03 12:00:00,200979.83,199310.24,202123.99,199259.09204857599,199205.0607794902,190772.56464327377
2023-11-03 13:00:00,195575.55,194099.76,197554.89,194313.2591519352,193636.29589803368,187154.06284657525
2023-11-03 14:00:00,195356.58,196171.2,198560.02,195593.30352273386,195569.762018217,188688.8515952283
2023-11-03 15:00:00,192947.7,195169.09,198471.27,195025.25568993634,194607.44539233285,187653.2216715317
2023-11-03 16:00:00,189397.13,191092.12,195133.05,191596.47285120626,190466.19850069968,182709.16739180064
2023-11-03 17:00:00,188686.1,190605.95,192370.75,190338.23500546327,189975.45723329144,178276.97822248007
2023-11-03 18:00:00,192074.39,193510.66,194105.72,192716.6753820498,192818.27848639933,181575.2296161903
2023-11-03 19:00:00,187933.62,189907.31,188846.52,188278.25696786778,188003.57674019624,182454.12139187273
2023-11-03 20:00:00,178068.42,179320.24,178229.5,178021.25269912241,177227.51285790413,176751.6969121211
2023-11-03 21:00:00,172218.15,173640.03,172284.56,172311.69959172135,171258.81513102658,173294.1281467721
2023-11-03 22:00:00,170579.38,171303.68,170552.46,170234.92530794188,169159.36215947312,172198.0042699096
2023-11-03 23:00:00,168698.31,169614.59,170756.97,169068.62516152242,167594.64265541843,170823.20979044345
2023-11-04 00:00:00,165669.35,165939.14,168014.84,164977.48942100783,164683.74857498618,165537.21605188347
2023-11-04 01:00:00,162316.21,162173.18,164977.34,161598.1798861153,161195.1879521242,161777.3808240777
2023-11-04 02:00:00,159071.83,159406.01,161772.92,158683.81727020713,158508.48130397525,158087.7344111783
2023-11-04 03:00:00,157143.56,157879.42,159730.54,157001.4607085119,156752.05018039598,155313.45338800165
2023-11-04 04:00:00,158739.53,159634.17,160791.48,158498.06041127272,157971.18435142827,155194.61594297225
2023-11-04 05:00:00,165087.48,167139.9,167084.69,165205.38070380854,165278.00334688398,158440.7126729606
2023-11-04 06:00:00,174928.24,178665.59,175280.86,174829.35293443222,175530.7521847638,164841.69971468937
2023-11-04 07:00:00,182312.08,187081.89,182154.22,182474.5222632803,183693.93455838898,168971.8097870605
2023-11-04 08:00:00,188407.25,191598.18,188812.67,187708.6557960843,188575.96021869397,172335.35977650504
2023-11-04 09:00:00,195637.26,198097.37,198889.63,195352.69988572915,195493.54539949013,179840.49958056066
2023-11-04 10:00:00,199000.96,201428.07,203677.91,199404.59795385963,199376.0649837198,184227.42138511466
2023-11-04 11:00:00,199239.41,201145.08,203750.2,199523.0493517739,199100.48505177975,185295.38880494834
2023-11-04 12:00:00,196553.86,200979.83,201195.58,198225.40789149818,198510.30594890116,184292.57691789864
2023-11-04 13:00:00,192221.16,195575.55,196665.56,193267.74830691353,193412.78138598494,181472.33010468743
2023-11-04 14:00:00,192069.23,195356.58,198010.11,193779.28519891913,193425.32038478562,182764.77737435658
2023-11-04 15:00:00,190028.55,192947.7,197565.75,192574.47801861915,191507.27215146547,181422.07002491332
2023-11-04 16:00:00,187029.4,189397.13,193994.4,189144.72154759103,188044.94305422436,177073.52612750154
2023-11-04 17:00:00,188188.62,188686.1,191189.12,187678.60277147568,187059.231637491,172314.32141731025
2023-11-04 18:00:00,193599.71,192074.39,193151.96,190297.13826756398,190098.00430318544,175853.1539036215
2023-11-04 19:00:00,186591.89,187933.62,187450.12,185690.19282647653,185019.54100860836,176449.47547005143
2023-11-04 20:00:00,176296.34,178068.42,177240.99,175720.29769340932,174769.55176637508,169841.7243407549
2023-11-04 21:00:00,169713.33,172218.15,171875.85,170187.8218891213,169299.86717338537,166515.95400428196
2023-11-04 22:00:00,166449.03,170579.38,170284.39,168607.65751734402,167614.26828679573,165549.68346873458
2023-11-04 23:00:00,164275.78,168698.31,169811.99,167317.77557233587,165951.76139039916,164389.9369033919
2023-11-05 00:00:00,160836.74,165669.35,166927.36,160651.18589779537,162285.62057612918,160844.80088391135
2023-11-05 01:00:00,157750.07,162316.21,163726.7,157356.74917676157,158942.95642540144,156954.57299968373
2023-11-05 02:00:00,154611.76,159071.83,160645.13,154370.79910619103,155935.93332762606,153466.16530242068
2023-11-05 03:00:00,153459.82,157143.56,158488.38,152490.19815552753,153968.1974374565,150412.70406574119
2023-11-05 04:00:00,155038.88,158739.53,159731.73,153805.59520603073,155208.95237757405,149583.4714930643
2023-11-05 05:00:00,160444.29,165087.48,165066.64,159753.60443435522,161086.02313849345,151640.8472593275
2023-11-05 06:00:00,166175.31,174928.24,171999.12,168600.48495389606,168352.74261146213,155850.20394079047
2023-11-05 07:00:00,172657.34,182312.08,178298.93,175622.6754427757,174511.09238162928,159076.5271550085
2023-11-05 08:00:00,178553.18,188407.25,185680.77,181639.85745758418,180927.00732054733,162107.81359543046
2023-11-05 09:00:00,184691.57,195637.26,192177.04,188137.59439540203,187291.68524676035,168160.75117038714
2023-11-05 10:00:00,188478.7,199000.96,194683.78,191257.9276939497,190159.41821466817,171197.92705475722
2023-11-05 11:00:00,190170.89,199239.41,194135.24,191345.1607690783,190254.528262672,171742.45466106283
2023-11-05 12:00:00,188800.62,196553.86,192377.36,189406.80224950175,187981.6501540449,170957.85747973822
2023-11-05 13:00:00,183753.58,192221.16,188447.36,185139.02267242328,183930.78180994408,169051.7403834881
2023-11-05 14:00:00,181972.2,192069.23,187344.33,185060.80549532885,183297.27722647853,169514.5071767261
2023-11-05 15:00:00,179563.45,190028.55,185518.44,183411.2700880435,181078.50049999912,168061.1359133998
2023-11-05 16:00:00,176027.02,187029.4,181816.91,180107.5490652536,177676.5544905261,163861.00268547688
2023-11-05 17:00:00,177627.43,188188.62,179728.08,179727.80203880087,176147.69512147558,159070.83956295997
2023-11-05 18:00:00,181342.3,193599.71,181730.28,183334.34284540953,178707.5983578653,162597.35153369643
2023-11-05 19:00:00,175428.58,186591.89,176271.61,178275.30267836308,173326.27383965164,164982.82484391658
2023-11-05 20:00:00,166629.42,176296.34,168212.16,169164.99898095295,165341.34395173256,160364.48897572362
2023-11-05 21:00:00,161459.98,169713.33,163815.1,163767.4827417064,160872.6497630518,157710.1425445621
2023-11-05 22:00:00,159486.31,166449.03,163144.73,161726.4123050924,159013.47789992255,157676.50779844244
2023-11-05 23:00:00,156771.11,164275.78,162265.49,160134.15250680945,157593.4219908784,156564.53099261815
2023-11-06 00:00:00,152759.25,160836.74,159267.81,161044.56033594362,156450.56386220313,152309.43782278273
2023-11-06 01:00:00,149184.96,157750.07,155984.0,157765.8998493452,153089.70882547653,148178.36734974387
2023-11-06 02:00:00,146905.83,154611.76,153520.06,154914.26112026267,150264.46287808265,144095.53932547948
2023-11-06 03:00:00,145599.59,153459.82,152079.92,153487.6185304387,148791.35929312633,141129.75248493697
2023-11-06 04:00:00,147763.23,155038.88,154143.85,155186.02731646973,150476.43585255597,140731.30716280057
2023-11-06 05:00:00,156319.62,160444.29,161841.82,161632.23180356662,158069.97310912728,143775.92254199623
2023-11-06 06:00:00,168551.38,166175.31,173710.36,170550.3959015983,170897.8984911051,149581.134177198
2023-11-06 07:00:00,179204.57,172657.34,182451.62,178083.98935318633,181376.12378067747,154107.3504600618
2023-11-06 08:00:00,183539.3,178553.18,189349.52,184005.25835987195,187725.28517048332,157872.14084795996
2023-11-06 09:00:00,191960.79,184691.57,197258.52,190797.95898305517,195098.74595058072,164924.2462178023
2023-11-06 10:00:00,196114.75,188478.7,200479.27,194202.76444775006,198693.30346634967,169074.77980980714
2023-11-06 11:00:00,194906.19,190170.89,201215.57,195011.84311232952,198891.30521157855,170145.23458073247
2023-11-06 12:00:00,191535.64,188800.62,200023.49,193743.45612676442,197547.8044553373,169344.0167754489
2023-11-06 13:00:00,186456.65,183753.58,195167.02,188872.78856469915,192716.9006955238,166135.82021425775
2023-11-06 14:00:00,185293.94,181972.2,195241.69,188132.37088548084,192459.02338570528,165747.38702185245
2023-11-06 15:00:00,186433.56,179563.45,194825.9,186463.2443824233,190320.3873637238,164616.07047388057
2023-11-06 16:00:00,185336.68,176027.02,192651.77,183499.90008536793,188095.44554413663,160611.37103907453
2023-11-06 17:00:00,187785.43,177627.43,190867.06,183386.34904029206,186867.22471969947,156548.26946742018
2023-11-06 18:00:00,192403.99,181342.3,193263.8,186702.53470076362,191358.24741896574,160509.16290354906
2023-11-06 19:00:00,187486.88,175428.58,188074.43,181656.0310002803,185563.94233492098,160463.8751390593
2023-11-06 20:00:00,177443.73,166629.42,177644.44,172302.26389311248,175154.32353174294,153898.91572359845
2023-11-06 21:00:00,168343.92,161459.98,171925.32,166800.28573928316,168935.95306159297,149819.9345989679
2023-11-06 22:00:00,164620.65,159486.31,169826.61,164739.1455936228,166287.56093236996,147936.0827439063
2023-11-06 23:00:00,160947.0,156771.11,168117.76,162767.52994256603,163935.7573809496,147072.15012295224
2023-11-07 00:00:00,156716.87,152759.25,164924.36,159616.30647023013,157316.96407179066,155806.54064521828
2023-11-07 01:00:00,152978.14,149184.96,161625.59,156236.6099446173,154172.8330919509,150225.09173909173
2023-11-07 02:00:00,150117.69,146905.83,158751.6,153497.12737881995,151156.73676012023,145884.85712632907
2023-11-07 03:00:00,148351.66,145599.59,157513.91,152068.50617169082,149920.28550434316,142643.3321567557
2023-11-07 04:00:00,150682.35,147763.23,158836.14,153704.8427018314,151767.16296974753,142075.64304174326
2023-11-07 05:00:00,158901.59,156319.62,165167.37,160624.3999067828,159898.8901110401,145811.50074443553
2023-11-07 06:00:00,170796.09,168551.38,176591.69,171221.0121622625,171612.74657030447,152914.31060189242
2023-11-07 07:00:00,180394.81,179204.57,185177.76,180005.59787057954,181466.36211645097,159047.08048152138
2023-11-07 08:00:00,183650.16,183539.3,191296.2,185345.8674001108,186871.25849525342,163050.09820836343
2023-11-07 09:00:00,189857.22,191960.79,197801.16,192559.91879639553,193906.64091124717,170423.18391119703
2023-11-07 10:00:00,193993.48,196114.75,201084.25,196186.7974535666,197427.60250276257,175143.19825878914
2023-11-07 11:00:00,193487.73,194906.19,202101.67,196218.6264382577,197427.57797448724,176065.2960359649
2023-11-07 12:00:00,191660.12,191535.64,200663.01,193811.15253924148,195692.14044677664,174934.29582959402
2023-11-07 13:00:00,185864.54,186456.65,195497.22,189026.33753354265,190552.04302881946,171723.70663003853
2023-11-07 14:00:00,186560.67,185293.94,196488.89,188610.40071740517,190440.9002737885,172156.183486943
2023-11-07 15:00:00,186106.46,186433.56,196078.63,188242.01175064844,190714.7513402959,170429.97950464374
2023-11-07 16:00:00,184054.88,185336.68,193278.82,185879.78779140842,188444.2225119995,165670.65442014905
2023-11-07 17:00:00,187826.05,187785.43,193216.18,186813.55296504343,189575.32495348138,161579.5889027923
2023-11-07 18:00:00,192320.54,192403.99,195765.81,190656.8340776501,193284.96255266474,164662.3948352531
2023-11-07 19:00:00,185156.72,187486.88,189343.23,185234.89949238344,187456.99886526208,164646.5941658805
2023-11-07 20:00:00,173968.91,177443.73,179284.79,175623.59066831443,177330.6732922047,158736.54186288614
2023-11-07 21:00:00,167888.23,168343.92,173352.55,168690.10058020137,169667.67998999686,155098.9797306327
2023-11-07 22:00:00,164794.2,164620.65,170586.58,165727.70419762697,166060.57949046878,154162.7760024964
2023-11-07 23:00:00,160797.57,160947.0,168544.53,163093.1488061727,163315.38112306703,152966.231865778
2023-11-08 00:00:00,157275.94,156716.87,165150.84,158981.45594693488,156511.77501495986,156021.13061954392
2023-11-08 01:00:00,153653.81,152978.14,161902.17,155548.72626589893,153144.2718311596,150614.23029894917
2023-11-08 02:00:00,150627.5,150117.69,159243.56,152766.48028010846,150329.1136443549,146060.14443306928
2023-11-08 03:00:00,148972.64,148351.66,157957.9,151268.59544449838,149016.87378259358,142677.07589723915
2023-11-08 04:00:00,150988.62,150682.35,160280.37,153308.11831241602,151167.70146814449,141686.07399248838
2023-11-08 05:00:00,159060.3,158901.59,167113.54,160339.13110570353,158828.32668137943,145370.80458018667
2023-11-08 06:00:00,170355.1,170796.09,175849.96,169985.74565233444,170873.29955986948,152568.4781529341
2023-11-08 07:00:00,179629.25,180394.81,184001.82,178535.31488717426,179892.64366625014,158530.2063194254
2023-11-08 08:00:00,183550.81,183650.16,188038.05,182835.28807177304,183766.61666039118,163116.19978141916
2023-11-08 09:00:00,189925.31,189857.22,195852.58,189811.408845137,190100.42948617204,171841.3365709495
2023-11-08 10:00:00,194290.61,193993.48,200910.36,194126.6101905731,194644.75221305282,176630.12422727447
2023-11-08 11:00:00,194196.89,193487.73,201540.62,194363.51288938898,194219.48781527844,176796.97735158153
2023-11-08 12:00:00,191932.4,191660.12,200181.54,192650.81151618416,192886.57053529363,175439.67562218834
2023-11-08 13:00:00,185415.4,185864.54,194776.43,187347.78342139628,187226.03810891727,171802.4435628498
2023-11-08 14:00:00,185758.11,186560.67,194981.32,187246.13101321005,187555.5301103097,173112.26727415898
2023-11-08 15:00:00,185673.74,186106.46,194581.46,186617.9157985407,186980.5500038381,172107.6008622817
2023-11-08 16:00:00,182894.36,184054.88,191463.5,184004.74013996526,184219.9503067224,167617.5818775764
2023-11-08 17:00:00,187093.7,187826.05,190538.18,185385.7369546151,187197.05008200445,163709.3427791975
2023-11-08 18:00:00,191929.21,192320.54,192015.88,188672.7826978756,190532.79276500636,166842.84054280823
2023-11-08 19:00:00,184576.92,185156.72,185769.97,182735.7840710221,183720.30407261362,166806.12284458266
2023-11-08 20:00:00,173840.77,173968.91,174665.04,172458.54129794097,172462.89367501842,160166.76823063163
2023-11-08 21:00:00,167994.67,167888.23,169085.07,166642.0500797402,166217.6588185096,156077.87902356416
2023-11-08 22:00:00,164089.4,164794.2,167795.12,164308.29009111246,163340.02169498158,154520.48317203126
2023-11-08 23:00:00,160084.72,160797.57,166257.1,161520.73907996557,160716.60064648246,153211.8299743898
2023-11-09 00:00:00,155766.38,157275.94,163301.6,156961.27104057398,155446.44892694033,154878.62496764679
2023-11-09 01:00:00,152049.58,153653.81,159919.17,153484.75118505736,151914.78074561423,149980.51663765154
2023-11-09 02:00:00,148836.21,150627.5,156947.94,150638.23953798646,149136.86368307428,145372.0203879519
2023-11-09 03:00:00,147102.5,148972.64,155270.76,149018.1108199342,147568.39486282863,141728.9395176224
2023-11-09 04:00:00,148674.64,150988.62,156484.15,150729.9896300708,149107.1705291737,140652.9721867859
2023-11-09 05:00:00,156249.22,159060.3,163619.78,158311.51891181103,157250.6004386651,144742.48676863845
2023-11-09 06:00:00,167248.79,170355.1,175081.8,169585.30962370432,169115.2362126806,153018.39324515173
2023-11-09 07:00:00,176182.36,179629.25,183600.11,178652.36259708003,178632.55192108563,158394.57127839138
2023-11-09 08:00:00,181236.83,183550.81,189723.33,183269.94027748436,182733.14901802683,162458.06122314453
2023-11-09 09:00:00,187211.3,189925.31,196293.28,189994.44869976476,189300.95433661577,170042.73703174852
2023-11-09 10:00:00,191462.06,194290.61,200073.47,193978.62919944437,193578.5891116874,174398.81148558218
2023-11-09 11:00:00,191040.03,194196.89,200952.5,193921.9784930468,193232.81072802053,174893.00036024724
2023-11-09 12:00:00,189610.59,191932.4,199310.24,191729.37996698805,191314.8883093505,173403.05038905292
2023-11-09 13:00:00,183635.99,185415.4,194099.76,186187.57568544694,185902.14141876873,169787.2827282999
2023-11-09 14:00:00,183627.65,185758.11,196171.2,186788.52511655784,186250.38145621555,171733.92327074884
2023-11-09 15:00:00,184241.1,185673.74,195169.09,186649.58419944785,186163.7527257836,171358.26917057158
2023-11-09 16:00:00,182403.43,182894.36,191092.12,183892.838758198,183316.10003339723,166944.70884107062
2023-11-09 17:00:00,185737.89,187093.7,190605.95,185806.5234214379,185409.58182415518,162093.80502329598
2023-11-09 18:00:00,190893.06,191929.21,193510.66,189730.6698742019,189582.84509438107,164687.23628513797
2023-11-09 19:00:00,185153.32,184576.92,189907.31,184448.63482337163,183665.94142606112,163440.9071394108
2023-11-09 20:00:00,174557.27,173840.77,179320.24,174280.49189172982,172603.89916965057,156274.7060948021
2023-11-09 21:00:00,167470.46,167994.67,173640.03,168037.53148225366,166635.66799909997,151060.95208005654
2023-11-09 22:00:00,163524.01,164089.4,171303.68,164882.59718451844,163377.40223992287,149577.52820652636
2023-11-09 23:00:00,160324.91,160084.72,169614.59,161841.4986631751,159854.26334789544,148296.88876552967
2023-11-10 00:00:00,155359.32,155766.38,165939.14,157604.31613873524,154522.2227917858,156448.1501747317
2023-11-10 01:00:00,151005.8,152049.58,162173.18,153948.84339728803,151016.96900964598,151588.48389415976
2023-11-10 02:00:00,147605.93,148836.21,159406.01,151002.09828493244,148261.22446613712,147517.0795852833
2023-11-10 03:00:00,145994.74,147102.5,157879.42,149345.9617532668,146806.9552094232,144473.8343542572
2023-11-10 04:00:00,147883.01,148674.64,159634.17,151055.98893084953,148532.46787104898,143979.41252835662
2023-11-10 05:00:00,156119.4,156249.22,167139.9,158467.73289080805,156138.45147435387,148293.43259127715
2023-11-10 06:00:00,168152.7,167248.79,178665.59,169501.5151877788,168005.9570231393,156882.2995784308
2023-11-10 07:00:00,178827.44,176182.36,187081.89,178132.3293226479,176335.42423947266,162357.6804163508
2023-11-10 08:00:00,182925.51,181236.83,191598.18,182584.30408699,181228.6530143367,166254.34909003257
2023-11-10 09:00:00,188535.62,187211.3,198097.37,188757.14964665286,187357.6585946073,173602.22005776572
2023-11-10 10:00:00,191865.14,191462.06,201428.07,192541.06393866826,191160.77717425037,178449.60659116684
2023-11-10 11:00:00,191760.3,191040.03,201145.08,192200.317574064,190795.19819015553,179097.03298942832
2023-11-10 12:00:00,190530.13,189610.59,200979.83,190975.83808486772,189651.76786705316,177514.65245665074
2023-11-10 13:00:00,184229.88,183635.99,195575.55,185401.90553288738,183944.4897373514,173410.0485184808
2023-11-10 14:00:00,182341.17,183627.65,195356.58,185506.59652433035,183728.6234015138,174915.85024808385
2023-11-10 15:00:00,182365.6,184241.1,192947.7,184951.57528665892,183806.51936014285,174235.78318563837
2023-11-10 16:00:00,179781.22,182403.43,189397.13,182445.0736477884,181615.37820020723,170013.26281958653
2023-11-10 17:00:00,180332.19,185737.89,188686.1,184235.93974383658,184478.7173365229,165859.339120844
2023-11-10 18:00:00,183335.96,190893.06,192074.39,188414.85746699295,188508.42226780276,168056.31246174168
2023-11-10 19:00:00,175701.45,185153.32,187933.62,183204.4311350485,183556.30838047704,166486.49783220244
2023-11-10 20:00:00,166960.35,174557.27,178068.42,173074.80954839438,172778.76166432493,158824.58325307758
2023-11-10 21:00:00,160910.04,167470.46,172218.15,166872.96677620066,165943.50363396425,154434.25133613255
2023-11-10 22:00:00,157741.22,163524.01,170579.38,163955.79037033088,162426.93293579403,153128.65379730638
2023-11-10 23:00:00,153565.67,160324.91,168698.31,161159.40771598447,159028.7390204398,152482.58741903977
2023-11-11 00:00:00,150007.07,155359.32,165669.35,155611.53070444777,153838.2572367638,148499.532626183
2023-11-11 01:00:00,145990.04,151005.8,162316.21,151912.74803514816,150475.42390133068,143094.2799395726
2023-11-11 02:00:00,141963.16,147605.93,159071.83,148744.1636645494,146887.7942572189,137975.90391060928
2023-11-11 03:00:00,140455.77,145994.74,157143.56,147044.97665362325,145339.69275846842,134259.65962322423
2023-11-11 04:00:00,142028.53,147883.01,158739.53,148720.02871373275,147163.56423237582,133597.30483321796
2023-11-11 05:00:00,149832.5,156119.4,165087.48,155943.04779872697,154002.3515627462,137183.76846454912
2023-11-11 06:00:00,160571.69,168152.7,174928.24,166515.42776757857,165192.39412284346,143640.42871554612
2023-11-11 07:00:00,169469.81,178827.44,182312.08,175331.0930743054,174872.2987454246,147895.96777026096
2023-11-11 08:00:00,173943.59,182925.51,188407.25,180005.9261591364,179376.8098600753,151799.81297063816
2023-11-11 09:00:00,179095.73,188535.62,195637.26,186253.41118684632,184838.7888593763,159985.52920494045
2023-11-11 10:00:00,182094.34,191865.14,199000.96,189798.02553488326,188292.3440184915,164473.35223096862
2023-11-11 11:00:00,181308.43,191760.3,199239.41,189790.84025015365,188094.23323279756,164804.6900209271
2023-11-11 12:00:00,179990.08,190530.13,196553.86,187943.3391719798,186731.94274805664,162996.68918348348
2023-11-11 13:00:00,175069.06,184229.88,192221.16,182501.3180549211,181246.46427905813,159734.59246979677
2023-11-11 14:00:00,173788.36,182341.17,192069.23,181856.7106476884,179690.77201712254,161049.33739206532
2023-11-11 15:00:00,172632.12,182365.6,190028.55,181306.08865710572,179777.81727506086,159838.59539545962
2023-11-11 16:00:00,170118.41,179781.22,187029.4,178639.73963641172,177017.73996146812,155499.7067650934
2023-11-11 17:00:00,171814.85,180332.19,188188.62,179907.45768245857,178419.6715588017,150820.84762834897
2023-11-11 18:00:00,176384.38,183335.96,193599.71,183883.32371507637,182679.2638735471,153671.98117068375
2023-11-11 19:00:00,170101.39,175701.45,186591.89,177327.8921973194,175715.22397149474,151520.7795472595
2023-11-11 20:00:00,161473.51,166960.35,176296.34,167977.9596191502,166187.39108801767,143576.65849251664
2023-11-11 21:00:00,155919.14,160910.04,169713.33,161990.90227131138,159657.37365635368,139484.0719559777
2023-11-11 22:00:00,152293.94,157741.22,166449.03,158798.1401721816,156305.72524451287,138350.06561603412
2023-11-11 23:00:00,148458.96,153565.67,164275.78,155607.90686025724,152945.04761384716,137752.88891384873
2023-11-12 00:00:00,144048.71,150007.07,160836.74,142982.43685394106,143234.7431735439,143643.33932889093
2023-11-12 01:00:00,139668.48,145990.04,157750.07,139576.94997311154,139649.14417446937,138572.47240768923
2023-11-12 02:00:00,136829.48,141963.16,154611.76,136337.1131698141,137546.27429789578,133942.3005078021
2023-11-12 03:00:00,135125.53,140455.77,153459.82,134942.7066026829,136191.24202952965,130222.52815712235
2023-11-12 04:00:00,137205.41,142028.53,155038.88,136365.6212094985,137565.88647429107,129335.0499747757
2023-11-12 05:00:00,144660.38,149832.5,160444.29,142791.8863542734,143322.4995171786,131834.95252062907
2023-11-12 06:00:00,154095.81,160571.69,166175.31,151427.96436835732,148461.0718010352,136600.22984507016
2023-11-12 07:00:00,160978.43,169469.81,172657.34,159039.6929591935,157241.08173770757,140417.03884018926
2023-11-12 08:00:00,163802.2,173943.59,178553.18,163641.5727002866,160741.15185284617,144501.28339862236
2023-11-12 09:00:00,165331.41,179095.73,184691.57,168825.00875174193,163820.46083761955,150585.85619858306
2023-11-12 10:00:00,165231.03,182094.34,188478.7,171950.74796052053,166151.36670896353,153815.1502838819
2023-11-12 11:00:00,162558.8,181308.43,190170.89,171920.57244773567,166260.50200966853,153679.9175084371
2023-11-12 12:00:00,160581.6,179990.08,188800.62,170662.50562444632,164484.2199170415,152224.74155735146
2023-11-12 13:00:00,157146.34,175069.06,183753.58,165916.1301727354,160142.61699714992,149648.8577546829
2023-11-12 14:00:00,152844.36,173788.36,181972.2,164832.02995353832,158363.3033736168,149457.9523327706
2023-11-12 15:00:00,150888.26,172632.12,179563.45,163882.78226108378,157190.95487456062,147674.4928942114
2023-11-12 16:00:00,147733.72,170118.41,176027.02,161390.74073767482,154506.98578197547,143618.24783282043
2023-11-12 17:00:00,149849.11,171814.85,177627.43,162786.14245395275,155924.71559486445,139367.24137727966
2023-11-12 18:00:00,152385.0,176384.38,181342.3,166583.99066166807,160537.74301326412,141871.4957785817
2023-11-12 19:00:00,144973.32,170101.39,175428.58,161261.740140123,154848.8510630933,141154.04441006726
2023-11-12 20:00:00,137913.57,161473.51,166629.42,153099.99327577697,146593.1397195987,135453.60691384014
2023-11-12 21:00:00,133909.96,155919.14,161459.98,147870.8062307621,141957.44984357784,132248.89789689434
2023-11-12 22:00:00,131087.05,152293.94,159486.31,145066.8439729976,139336.30865964483,132066.10707737235
2023-11-12 23:00:00,128468.65,148458.96,156771.11,142047.91943366674,137914.6249259559,131469.55358228213
2023-11-13 00:00:00,124424.59,144048.71,152759.25,143275.93735186273,131353.1274511841,123912.01948127175
2023-11-13 01:00:00,121470.64,139668.48,149184.96,139416.89377303264,126878.83424153866,119711.04965102738
2023-11-13 02:00:00,118653.9,136829.48,146905.83,136674.28341853525,123317.3730010095,115833.40055647955
2023-11-13 03:00:00,117602.11,135125.53,145599.59,135193.51236811053,121466.90592439727,113078.28557675303
2023-11-13 04:00:00,119938.82,137205.41,147763.23,137079.3753547532,123412.72289974135,113177.3461240784
2023-11-13 05:00:00,126916.35,144660.38,156319.62,144553.77636506292,131092.74258655214,117508.8522425565
2023-11-13 06:00:00,135743.65,154095.81,168551.38,154836.75908835663,142938.07045501863,125364.66164550192
2023-11-13 07:00:00,144400.69,160978.43,179204.57,163219.773418839,152724.13548073827,131120.815750124
2023-11-13 08:00:00,152721.26,163802.2,183539.3,166852.48505157896,156749.05202665465,136004.86120396998
2023-11-13 09:00:00,158508.12,165331.41,191960.79,171409.29889419425,163419.50738296143,143609.45129479092
2023-11-13 10:00:00,161293.89,165231.03,196114.75,173439.76173132155,166894.16939472556,147774.51100528555
2023-11-13 11:00:00,161386.94,162558.8,194906.19,172129.6515013976,165985.8615060902,148863.1648006149
2023-11-13 12:00:00,160181.78,160581.6,191535.64,170156.55789829817,163342.38213171688,147838.00527282525
2023-11-13 13:00:00,156465.48,157146.34,186456.65,165797.36718576984,159055.35673880458,143728.35571952906
2023-11-13 14:00:00,153187.33,152844.36,185293.94,163464.2235977385,157478.103242766,143046.56791540925
2023-11-13 15:00:00,151685.23,150888.26,186433.56,162878.6778393443,158046.25125589763,142047.94870034035
2023-11-13 16:00:00,150222.82,147733.72,185336.68,160581.1217350163,157064.78417466657,138667.5763168948
2023-11-13 17:00:00,154719.76,149849.11,187785.43,161996.48741002099,161456.23244044944,134976.25649460137
2023-11-13 18:00:00,159920.35,152385.0,192403.99,165136.44506067352,165609.55665852161,137939.29578614948
2023-11-13 19:00:00,153885.93,144973.32,187486.88,159265.57033971898,161502.9908486864,134934.25497676956
2023-11-13 20:00:00,146231.28,137913.57,177443.73,151338.99361994382,152536.733414892,127002.47868471521
2023-11-13 21:00:00,141761.71,133909.96,168343.92,145710.5485924753,145112.66824812995,122160.89005873757
2023-11-13 22:00:00,138080.65,131087.05,164620.65,142735.88216907275,141752.9438348185,120004.11482553702
2023-11-13 23:00:00,134700.58,128468.65,160947.0,139656.79871152368,138492.60950849982,119345.97001173369
2023-11-14 00:00:00,131113.6,124424.59,156716.87,131058.93300913885,131776.53365631506,130025.16571090615
2023-11-14 01:00:00,128033.39,121470.64,152978.14,127837.13657128312,128560.88481357691,124939.46837299889
2023-11-14 02:00:00,125121.1,118653.9,150117.69,125011.23655715729,126108.79796283232,120813.0791423631
2023-11-14 03:00:00,124212.52,117602.11,148351.66,123724.43302602826,124687.17815308714,117930.84328860766
2023-11-14 04:00:00,127173.98,119938.82,150682.35,125620.73822777558,126602.12037826933,117741.73036260215
2023-11-14 05:00:00,135256.72,126916.35,158901.59,132397.72425784406,134299.98828767712,121843.0395134122
2023-11-14 06:00:00,144876.09,135743.65,170796.09,141636.36636730752,146195.00263894643,130106.47082377777
2023-11-14 07:00:00,154830.61,144400.69,180394.81,149631.1302198617,155808.53967499727,136554.70125099816
2023-11-14 08:00:00,161522.51,152721.26,183650.16,154830.26034546606,159454.79120183468,141077.23227079285
2023-11-14 09:00:00,167214.97,158508.12,189857.22,159796.57680945419,165018.56852649603,148151.2592234027
2023-11-14 10:00:00,170311.95,161293.89,193993.48,162463.0908703563,168587.99628805934,152500.77955826675
2023-11-14 11:00:00,169921.18,161386.94,193487.73,162107.90315803618,167856.69944535982,153222.11022250587
2023-11-14 12:00:00,167530.93,160181.78,191660.12,160771.65027151784,166708.74074831602,152010.92508593466
2023-11-14 13:00:00,163561.79,156465.48,185864.54,156662.2929140004,162117.76732061768,148350.52816701875
2023-11-14 14:00:00,160617.0,153187.33,186560.67,155051.05357952762,161045.21885009858,148570.63608726978
2023-11-14 15:00:00,157411.76,151685.23,186106.46,153991.40690835373,160670.04675214813,146909.63097478574
2023-11-14 16:00:00,154026.97,150222.82,184054.88,152085.36516535128,159012.01353531692,142603.34835385127
2023-11-14 17:00:00,160551.91,154719.76,187826.05,154901.72957292496,162308.49414464092,139471.19389345148
2023-11-14 18:00:00,166880.08,159920.35,192320.54,158976.7131814376,167710.159885225,142313.33670323412
2023-11-14 19:00:00,160313.29,153885.93,185156.72,153385.39771467517,161559.23926073714,139215.38096606324
2023-11-14 20:00:00,151557.95,146231.28,173968.91,145466.05623899106,152180.72135325777,132176.05402175977
2023-11-14 21:00:00,145712.78,141761.71,167888.23,140798.61637597927,146562.68428659183,128024.00658594165
2023-11-14 22:00:00,141689.29,138080.65,164794.2,137711.2065222141,143559.16854846326,126563.94894880104
2023-11-14 23:00:00,138589.83,134700.58,160797.57,134534.8009851946,140370.26758346576,125619.27331702343
2023-11-15 00:00:00,135167.1,131113.6,157275.94,137063.67257790774,140252.40851378857,134440.71151194058
2023-11-15 01:00:00,131874.7,128033.39,153653.81,133737.34030802618,136949.3939443061,129978.84079614565
2023-11-15 02:00:00,129684.15,125121.1,150627.5,130946.63690316633,134153.93199659162,125992.71058809305
2023-11-15 03:00:00,128576.18,124212.52,148972.64,129690.48443944688,132709.19429728406,123077.05489337712
2023-11-15 04:00:00,131457.44,127173.98,150988.62,131981.64470855967,134547.70487937564,122930.43754593776
2023-11-15 05:00:00,139363.87,135256.72,159060.3,139362.7378233482,142876.04027101208,127422.52308762909
2023-11-15 06:00:00,150286.46,144876.09,170355.1,148779.15506401582,154609.52857713707,135464.4119763393
2023-11-15 07:00:00,161207.01,154830.61,179629.25,157298.0672387104,164437.5005649155,142295.7344295694
2023-11-15 08:00:00,168123.04,161522.51,183550.81,162224.47771961606,168994.59395028645,146993.3596778678
2023-11-15 09:00:00,174044.88,167214.97,189925.31,167194.04902483235,174849.0894756331,155956.93379614933
2023-11-15 10:00:00,177083.86,170311.95,194290.61,169957.9337537881,178874.05452912688,160813.82359226263
2023-11-15 11:00:00,175185.5,169921.18,194196.89,169375.60360866343,178817.30001536527,161152.23607796282
2023-11-15 12:00:00,172336.51,167530.93,191932.4,167374.6771701529,176480.40483559977,159776.17010521344
2023-11-15 13:00:00,167239.77,163561.79,185415.4,163003.7543134604,171389.81992875758,155763.77269606155
2023-11-15 14:00:00,164929.8,160617.0,185758.11,160968.07163790285,171183.2344049213,156649.1895931448
2023-11-15 15:00:00,164436.12,157411.76,185673.74,159248.86988465738,170096.02407015808,155701.4176420614
2023-11-15 16:00:00,163644.54,154026.97,182894.36,156379.17538380207,167333.4979429038,151566.99263923045
2023-11-15 17:00:00,168076.95,160551.91,187093.7,160413.91116020284,171792.92048932638,148363.59319351322
2023-11-15 18:00:00,172308.5,166880.08,191929.21,164960.03288927788,176201.88060527068,151197.7651399157
2023-11-15 19:00:00,165858.14,160313.29,184576.92,158777.28200016625,169780.8328609071,148664.88300060906
2023-11-15 20:00:00,156529.77,151557.95,173840.77,150322.30032457644,159722.25751837727,140430.44812844947
2023-11-15 21:00:00,149970.87,145712.78,167994.67,145229.8428738713,153959.51188887845,135687.6118601861
2023-11-15 22:00:00,145710.65,141689.29,164089.4,141838.1397549699,150139.4857803016,133998.91274289682
2023-11-15 23:00:00,141850.26,138589.83,160084.72,138791.02334856466,146568.50652345124,133001.78821394636
2023-11-16 00:00:00,137569.64,135167.1,155766.38,139383.0730881145,139967.1295061643,136913.02606402413
2023-11-16 01:00:00,135084.7,131874.7,152049.58,136087.08029314585,136621.97191376818,132177.53291456317
2023-11-16 02:00:00,132375.82,129684.15,148836.21,133410.1994049213,133797.1545363245,127707.21517178007
2023-11-16 03:00:00,131437.12,128576.18,147102.5,132119.39439627624,132349.59833074437,124258.23624243459
2023-11-16 04:00:00,133062.31,131457.44,148674.64,134348.89567648922,133758.40395220814,123591.26724330343
2023-11-16 05:00:00,141863.05,139363.87,156249.22,141761.5907452083,142305.95480065167,128295.42792048656
2023-11-16 06:00:00,153402.41,150286.46,167248.79,151974.87891757482,154375.91002807432,137569.48136699502
2023-11-16 07:00:00,165682.17,161207.01,176182.36,161439.703679809,165138.93139674014,143696.83078491606
2023-11-16 08:00:00,173225.25,168123.04,181236.83,167803.55006633044,171034.65792700934,148642.73685645525
2023-11-16 09:00:00,180173.19,174044.88,187211.3,173595.71422127326,176770.2225538174,156137.40208571043
2023-11-16 10:00:00,182888.16,177083.86,191462.06,176891.57254117556,180468.61361194105,160150.43043578125
2023-11-16 11:00:00,183564.11,175185.5,191040.03,176115.83686295984,178988.0802132892,160339.71452804026
2023-11-16 12:00:00,180854.84,172336.51,189610.59,174140.16455989098,177360.26146203157,158567.7062036332
2023-11-16 13:00:00,175520.57,167239.77,183635.99,169266.12518932048,171691.18839352694,154311.38434767898
2023-11-16 14:00:00,174308.29,164929.8,183627.65,167675.12773494262,169898.6348886405,156102.33771112986
2023-11-16 15:00:00,174812.56,164436.12,184241.1,167066.22895854412,169319.424638065,155839.30840040251
2023-11-16 16:00:00,171530.82,163644.54,182403.43,165440.3929161946,168667.9094956088,151412.76453813014
2023-11-16 17:00:00,175808.41,168076.95,185737.89,169172.92595934545,172128.88971717822,148185.97551378846
2023-11-16 18:00:00,180161.66,172308.5,190893.06,173782.818881949,176864.03116952596,150877.09817377938
2023-11-16 19:00:00,172764.56,165858.14,185153.32,168218.57767987676,171148.55012174047,147863.33790891495
2023-11-16 20:00:00,162810.85,156529.77,174557.27,159144.81935310003,161433.1348172382,139208.2513235115
2023-11-16 21:00:00,156369.83,149970.87,167470.46,153092.4238109654,154545.44646193023,133344.10731114115
2023-11-16 22:00:00,151953.9,145710.65,163524.01,149269.50488693157,149920.51086957048,131436.5697768401
2023-11-16 23:00:00,148062.72,141850.26,160324.91,145943.57781140466,146547.0814017952,130620.70061993499
2023-11-17 00:00:00,143918.83,137569.64,155359.32,147542.63027201948,144574.40175923202,143207.22467324982
2023-11-17 01:00:00,140401.59,135084.7,151005.8,144146.0639306365,141831.1061232002,138043.22258065865
2023-11-17 02:00:00,137650.72,132375.82,147605.93,141148.06050483373,138698.94776109606,133682.3905643238
2023-11-17 03:00:00,136762.33,131437.12,145994.74,139911.96280023817,137628.90889527355,130318.19655542258
2023-11-17 04:00:00,139750.21,133062.31,147883.01,141966.0882788534,138947.27804361968,129908.74784681351
2023-11-17 05:00:00,148585.06,141863.05,156119.4,150400.04091625332,148340.37054880927,134547.78807189054
2023-11-17 06:00:00,160734.2,153402.41,168152.7,161818.21030991978,160607.1204675873,143700.73859421408
2023-11-17 07:00:00,172377.75,165682.17,178827.44,172956.3602337158,171395.20172665105,149877.4125046324
2023-11-17 08:00:00,179896.82,173225.25,182925.51,179089.97804288566,176876.7592285561,154482.84800052663
2023-11-17 09:00:00,186747.58,180173.19,188535.62,185363.57895908217,183700.41221868322,161719.6324508134
2023-11-17 10:00:00,191432.83,182888.16,191865.14,188436.02375372683,186508.84738695744,165505.09685479282
2023-11-17 11:00:00,190667.73,183564.11,191760.3,188436.553263991,186826.68849581745,165715.19819494066
2023-11-17 12:00:00,188133.61,180854.84,190530.13,186351.10182347754,184519.44611824502,163964.35283104703
2023-11-17 13:00:00,181029.19,175520.57,184229.88,180927.4995245972,179046.60308323638,159221.44249380118
2023-11-17 14:00:00,178069.85,174308.29,182341.17,179151.78661283143,177645.68978325187,160194.29492340924
2023-11-17 15:00:00,176166.64,174812.56,182365.6,178598.81361372594,177434.269238342,159158.69045638142
2023-11-17 16:00:00,174410.12,171530.82,179781.22,175643.1540945549,174445.43887325897,155298.68210299726
2023-11-17 17:00:00,177065.26,175808.41,180332.19,178756.5888265692,177144.91280513277,152450.3927997542
2023-11-17 18:00:00,181731.23,180161.66,183335.96,182995.73362059912,181190.4428710912,155168.23079912405
2023-11-17 19:00:00,174695.94,172764.56,175701.45,176139.56680479788,174279.35260557357,152114.34634742944
2023-11-17 20:00:00,163980.67,162810.85,166960.35,166800.0657315689,163974.08510450448,143031.7384095857
2023-11-17 21:00:00,157863.19,156369.83,160910.04,160540.98476017607,157466.67653601032,138112.62325722733
2023-11-17 22:00:00,153747.91,151953.9,157741.22,156712.3490599852,153310.74015488947,136825.6452677811
2023-11-17 23:00:00,150347.03,148062.72,153565.67,152917.57399998925,149351.46004432766,136152.00043574793
2023-11-18 00:00:00,146834.37,143918.83,150007.07,151483.77030070339,146283.32813269625,145808.82850166468
2023-11-18 01:00:00,143841.39,140401.59,145990.04,147789.83408858333,142457.32295888866,141103.680578708
2023-11-18 02:00:00,141099.08,137650.72,141963.16,144565.35134467576,139144.42244827672,136318.21434748557
2023-11-18 03:00:00,139780.15,136762.33,140455.77,143314.35023951548,138528.64507169498,133004.28405298377
2023-11-18 04:00:00,142304.12,139750.21,142028.53,145679.03895855605,141067.6345007563,132962.50844535854
2023-11-18 05:00:00,150590.92,148585.06,149832.5,154109.75088828083,149317.3922731534,137363.63876431785
2023-11-18 06:00:00,162287.97,160734.2,160571.69,165730.44531235524,160709.9177027205,144730.37586025914
2023-11-18 07:00:00,173241.53,172377.75,169469.81,176462.6572441355,171845.94106857225,149962.7362155836
2023-11-18 08:00:00,180331.96,179896.82,173943.59,182953.2068656828,178303.6617429188,155338.5123867479
2023-11-18 09:00:00,188087.15,186747.58,179095.73,189298.55018876525,185078.82947240412,163236.651817727
2023-11-18 10:00:00,192565.11,191432.83,182094.34,193019.51933946487,189323.38231197998,167091.44976876027
2023-11-18 11:00:00,192354.09,190667.73,181308.43,192223.43065854072,188663.92963064203,167325.0147129202
2023-11-18 12:00:00,189754.73,188133.61,179990.08,189958.93250525472,186024.48071370219,165102.32216824815
2023-11-18 13:00:00,184150.38,181029.19,175069.06,184053.00128924593,179502.5002079484,161122.89506257008
2023-11-18 14:00:00,181995.08,178069.85,173788.36,181997.13983886162,177164.48755669748,162192.09374558707
2023-11-18 15:00:00,180538.41,176166.64,172632.12,180732.8009806442,175338.75834345462,161086.70710420306
2023-11-18 16:00:00,177653.54,174410.12,170118.41,178603.61401121487,173602.2534464238,157583.89746073872
2023-11-18 17:00:00,180070.45,177065.26,171814.85,181225.9506268686,175404.42454994735,155088.89878763395
2023-11-18 18:00:00,183264.77,181731.23,176384.38,185895.3101570275,180094.93479814476,158506.17548903107
2023-11-18 19:00:00,176807.33,174695.94,170101.39,179280.61560586002,173149.9643927678,153904.709306994
2023-11-18 20:00:00,166030.96,163980.67,161473.51,169370.5465203843,162984.9939560949,144537.3215191024
2023-11-18 21:00:00,159566.12,157863.19,155919.14,163140.87342487255,156846.32509789013,139500.37893313443
2023-11-18 22:00:00,155730.06,153747.91,152293.94,159080.0168953147,152757.63532133083,138129.63315751476
2023-11-18 23:00:00,152696.84,150347.03,148458.96,155359.13520530678,149492.71076107133,137631.14814862618
2023-11-19 00:00:00,149104.43,146834.37,144048.71,150376.75205120372,147413.100943126,148054.71413399716
2023-11-19 01:00:00,145756.67,143841.39,139668.48,146844.10873117502,144234.54623942747,143324.42871127528
2023-11-19 02:00:00,142783.05,141099.08,136829.48,143951.4688566852,141334.8121486032,138949.77247875254
2023-11-19 03:00:00,141484.19,139780.15,135125.53,142553.10745368278,140157.16007899618,135784.0698439248
2023-11-19 04:00:00,143928.58,142304.12,137205.41,144798.13928309272,142806.77935975476,135455.7135619555
2023-11-19 05:00:00,151461.42,150590.92,144660.38,152988.98744159497,150490.74029545664,138992.55188310627
2023-11-19 06:00:00,159049.76,162287.97,154095.81,163919.22725489072,160432.14790675222,143980.13248050303
2023-11-19 07:00:00,167396.14,173241.53,160978.43,173838.5036534114,168375.67929014898,148677.66473520617
2023-11-19 08:00:00,174977.08,180331.96,163802.2,179708.42799965816,174851.9014464998,153550.32566843292
2023-11-19 09:00:00,182810.41,188087.15,165331.41,185295.10436724295,181311.58049317912,159148.97580787152
2023-11-19 10:00:00,186480.89,192565.11,165231.03,188028.147463811,184558.61770768894,161987.2766932319
2023-11-19 11:00:00,186703.69,192354.09,162558.8,187216.5221345422,185848.57884991218,162158.4581559845
2023-11-19 12:00:00,184649.86,189754.73,160581.6,184813.258440376,183576.7161240196,160425.08010743657
2023-11-19 13:00:00,179183.41,184150.38,157146.34,179744.49056914815,177773.95307492194,157037.3939052054
2023-11-19 14:00:00,176185.86,181995.08,152844.36,176950.37118037915,174266.5279789543,156625.85155502756
2023-11-19 15:00:00,172700.03,180538.41,150888.26,175549.4612485757,172047.29042013196,155250.51378946865
2023-11-19 16:00:00,167238.17,177653.54,147733.72,172449.0843996697,168110.55840257395,151625.46501898582
2023-11-19 17:00:00,170276.8,180070.45,149849.11,175008.64488862045,170729.3186761268,149760.30885379002
2023-11-19 18:00:00,174603.49,183264.77,152385.0,178421.72975676358,173592.74481920616,152980.78660913336
2023-11-19 19:00:00,166930.82,176807.33,144973.32,171510.58319187613,165730.4945817744,149916.377672039
2023-11-19 20:00:00,156760.99,166030.96,137913.57,161994.9089039877,158200.51682062933,142697.63931849445
2023-11-19 21:00:00,151533.36,159566.12,133909.96,156276.12425609166,153616.36349966374,138693.7066445874
2023-11-19 22:00:00,148157.53,155730.06,131087.05,152648.65027062615,149848.42395099343,137803.2666557594
2023-11-19 23:00:00,145179.47,152696.84,128468.65,149486.3340082487,146855.27464087255,136854.7960620184
2023-11-20 00:00:00,141314.6,149104.43,124424.59,147702.56153019128,149314.52769915704,140743.20092114116
2023-11-20 01:00:00,138570.43,145756.67,121470.64,144290.31095979857,145800.42281714396,136405.35297750248
2023-11-20 02:00:00,136705.25,142783.05,118653.9,141292.38278395782,142419.50803011426,132485.42964044868
2023-11-20 03:00:00,137019.65,141484.19,117602.11,140068.02541088668,141157.05130217702,129779.78581157945
2023-11-20 04:00:00,139994.97,143928.58,119938.82,142658.52559493663,143961.78918781792,130380.72740622217
2023-11-20 05:00:00,148134.06,151461.42,126916.35,150689.38249355354,153455.00583866343,136058.06940217444
2023-11-20 06:00:00,160650.74,159049.76,135743.65,160486.8833018481,162795.50870697977,144870.07202721006
2023-11-20 07:00:00,174883.02,167396.14,144400.69,170265.88906592416,174298.62926671572,152006.32143825045
2023-11-20 08:00:00,184245.32,174977.08,152721.26,178210.97017964846,184331.67231283666,156940.78309654706
2023-11-20 09:00:00,190768.08,182810.41,158508.12,185519.02387372783,191488.2197495113,164599.33239937483
2023-11-20 10:00:00,193552.37,186480.89,161293.89,189308.99731398415,195570.258246508,168255.01514669656
2023-11-20 11:00:00,192977.65,186703.69,161386.94,189226.8810978156,195683.082188753,168353.86103800632
2023-11-20 12:00:00,190254.75,184649.86,160181.78,187187.88262559823,193709.90087132243,166299.81824361367
2023-11-20 13:00:00,185403.03,179183.41,156465.48,181815.11799774677,188231.78881390707,161564.71140690905
2023-11-20 14:00:00,184433.67,176185.86,153187.33,178779.2994590043,184286.4824572428,160669.73818903347
2023-11-20 15:00:00,183376.17,172700.03,151685.23,176539.46419604486,182489.42441671988,160722.57333943536
2023-11-20 16:00:00,180697.77,167238.17,150222.82,173323.85616769025,178618.2064462108,158685.5034285069
2023-11-20 17:00:00,182574.35,170276.8,154719.76,176726.11831465788,182039.2843132578,157728.83501166888
2023-11-20 18:00:00,185233.36,174603.49,159920.35,181518.7901188602,186264.26244826682,161363.2931115318
2023-11-20 19:00:00,177118.27,166930.82,153885.93,174694.90512192098,177560.30274273903,156705.48756017216
2023-11-20 20:00:00,166214.81,156760.99,146231.28,164883.7770680081,164721.39951655146,147326.53049110822
2023-11-20 21:00:00,160102.34,151533.36,141761.71,159229.04529432714,158683.65301015825,140929.73991174996
2023-11-20 22:00:00,156029.51,148157.53,138080.65,155409.22429886542,156094.41984795957,138162.7708560014
2023-11-20 23:00:00,153059.12,145179.47,134700.58,152018.90319351826,152582.1301747678,136775.32252955736
2023-11-21 00:00:00,149638.67,141314.6,131113.6,146936.24134334846,148463.172711982,150373.45094585218
2023-11-21 01:00:00,146562.5,138570.43,128033.39,143787.67440323895,146084.51485592846,147160.48128543783
2023-11-21 02:00:00,143789.59,136705.25,125121.1,141149.30565814115,144636.00423526965,144387.4496344118
2023-11-21 03:00:00,142807.14,137019.65,124212.52,140486.48275252324,143820.6962028718,142609.53410120195
2023-11-21 04:00:00,145341.39,139994.97,127173.98,143388.43564321633,146508.80621513454,143765.83769762988
2023-11-21 05:00:00,153757.18,148134.06,135256.72,151784.49663699366,154968.43058506065,149761.7476990295
2023-11-21 06:00:00,166895.69,160650.74,144876.09,163169.64089737527,166069.42879648868,159607.3362022823
2023-11-21 07:00:00,179727.33,174883.02,154830.61,175105.13030904613,178839.3779767665,167495.2085335545
2023-11-21 08:00:00,186093.55,184245.32,161522.51,182969.17838117815,184800.218826179,172393.92851615403
2023-11-21 09:00:00,191909.57,190768.08,167214.97,189756.16945033302,192129.48877089488,179009.15244374383
2023-11-21 10:00:00,194475.78,193552.37,170311.95,193194.39569459955,196073.954778486,182956.10111159147
2023-11-21 11:00:00,193497.84,192977.65,169921.18,192817.65437235168,195706.81081371548,183426.82906508053
2023-11-21 12:00:00,189394.28,190254.75,167530.93,190246.50217037575,192953.83908560316,181699.0096071504
2023-11-21 13:00:00,183419.98,185403.03,163561.79,185289.64518380875,188004.03482213613,177414.58431466465
2023-11-21 14:00:00,182801.98,184433.67,160617.0,183319.44601586586,186572.54292375917,177896.57598483926
2023-11-21 15:00:00,182006.37,183376.17,157411.76,181250.53318052716,186555.3102290228,177416.5378019085
2023-11-21 16:00:00,180598.01,180697.77,154026.97,177969.87310334033,183112.46060796018,174616.55229545792
2023-11-21 17:00:00,183345.17,182574.35,160551.91,181660.3331394088,184747.2626924289,174302.20169012586
2023-11-21 18:00:00,184508.67,185233.36,166880.08,185991.64243319695,188605.27923072965,177645.8698178056
2023-11-21 19:00:00,179651.19,177118.27,160313.29,178788.25884281765,181071.8731458176,172452.45909681122
2023-11-21 20:00:00,172496.54,166214.81,151557.95,168384.52533383653,170399.84116102022,163586.41268961527
2023-11-21 21:00:00,164168.69,160102.34,145712.78,162152.69989287658,164132.72784992144,158615.50115463385
2023-11-21 22:00:00,157806.43,156029.51,141689.29,158106.44870075956,160057.62516216584,156842.26358461904
2023-11-21 23:00:00,157570.21,153059.12,138589.83,154901.1142615827,156997.65571781422,155273.35308284863
2023-11-22 00:00:00,155181.45,149638.67,135167.1,149773.5982491697,152563.61962325865,154801.77443855035
2023-11-22 01:00:00,151699.17,146562.5,131874.7,146455.90372982036,148744.91318686033,151438.0431781636
2023-11-22 02:00:00,149088.8,143789.59,129684.15,143798.5535649443,146289.8917000626,148471.99363408625
2023-11-22 03:00:00,148334.03,142807.14,128576.18,142733.42772133087,145068.35430321272,146384.41780253587
2023-11-22 04:00:00,150904.98,145341.39,131457.44,145421.52184486118,148136.99188092272,147605.02110244977
2023-11-22 05:00:00,158960.74,153757.18,139363.87,153674.7695744349,155719.2768322298,153799.76451834175
2023-11-22 06:00:00,170566.15,166895.69,150286.46,165256.22186508912,168078.291664032,163582.04657946827
2023-11-22 07:00:00,180037.97,179727.33,161207.01,176867.82655077023,179595.6530856334,171813.01681220884
2023-11-22 08:00:00,184262.39,186093.55,168123.04,183873.38149282627,186533.65599104157,176932.70404363683
2023-11-22 09:00:00,189741.9,191909.57,174044.88,190325.27856143066,193263.9481384387,185292.59806074554
2023-11-22 10:00:00,194076.73,194475.78,177083.86,193427.15984118608,195843.33338975115,189876.83188723293
2023-11-22 11:00:00,194134.67,193497.84,175185.5,192446.50063050375,195465.67619618235,190166.48542933495
2023-11-22 12:00:00,191645.59,189394.28,172336.51,189262.47767338558,191752.05119815408,188419.54810231275
2023-11-22 13:00:00,185574.15,183419.98,167239.77,183600.4215353722,186014.71717940446,183590.7801920596
2023-11-22 14:00:00,182766.34,182801.98,164929.8,181999.42522506273,185386.33917930446,184442.82269885027
2023-11-22 15:00:00,181926.18,182006.37,164436.12,180817.17976212845,183809.3791188964,184526.1558790073
2023-11-22 16:00:00,179736.11,180598.01,163644.54,178637.81820307934,181379.64475155267,181925.8298252576
2023-11-22 17:00:00,183103.23,183345.17,168076.95,181906.72089013268,184442.74378226366,181696.93204857723
2023-11-22 18:00:00,186754.51,184508.67,172308.5,185003.25891289872,185843.01352807967,184908.1826493219
2023-11-22 19:00:00,179111.17,179651.19,165858.14,178873.73219353965,180383.30875873295,179936.41475621468
2023-11-22 20:00:00,167715.45,172496.54,156529.77,169843.2565292271,171820.3962644948,170184.39590283338
2023-11-22 21:00:00,160880.69,164168.69,149970.87,162778.27166553546,164420.33990007985,165014.69224636038
2023-11-22 22:00:00,156633.73,157806.43,145710.65,157837.05541706402,158754.6148757847,162614.86759287954
2023-11-22 23:00:00,153367.49,157570.21,141850.26,155433.43127851028,156948.86299388806,160887.0275938045
2023-11-23 00:00:00,149692.28,155181.45,137569.64,148942.94617533527,153630.5457018447,150203.38508776133
2023-11-23 01:00:00,145741.08,151699.17,135084.7,145876.39566445732,150628.32499470725,146827.81795547417
2023-11-23 02:00:00,143047.12,149088.8,132375.82,143274.2225533108,147584.16682736546,143588.28915077553
2023-11-23 03:00:00,142049.4,148334.03,131437.12,142546.7485053207,146767.52793423587,141572.46473418523
2023-11-23 04:00:00,145352.17,150904.98,133062.31,144823.0201619378,148811.82800971848,142489.06982137432
2023-11-23 05:00:00,154203.76,158960.74,141863.05,153159.98024468578,157777.66595560056,148878.0145281051
2023-11-23 06:00:00,166778.43,170566.15,153402.41,165028.17431292974,168669.97699677816,159673.2467604094
2023-11-23 07:00:00,178666.77,180037.97,165682.17,176481.2898019172,178845.44430254397,167675.8346401831
2023-11-23 08:00:00,185545.61,184262.39,173225.25,182864.02199324043,183705.69436472657,173325.46828345975
2023-11-23 09:00:00,191397.5,189741.9,180173.19,189069.96682403266,189650.57817668183,180403.8217349337
2023-11-23 10:00:00,193940.05,194076.73,182888.16,192483.88469926172,193499.12759843114,184234.46583254315
2023-11-23 11:00:00,192174.72,194134.67,183564.11,192526.2004907567,193784.06704844136,184246.94165241005
2023-11-23 12:00:00,188941.53,191645.59,180854.84,189863.51861561742,191042.76404453116,182663.42915467318
2023-11-23 13:00:00,183842.6,185574.15,175520.57,184254.60937182393,185411.23044080986,177866.8027415232
2023-11-23 14:00:00,182251.8,182766.34,174308.29,182597.7107122497,182726.54867733744,179128.38810244048
2023-11-23 15:00:00,180529.05,181926.18,174812.56,182194.2515029555,181481.25026894378,179635.7258451469
2023-11-23 16:00:00,177297.19,179736.11,171530.82,179610.30163281725,179289.28179903873,176927.86651792697
2023-11-23 17:00:00,181195.95,183103.23,175808.41,182775.42235346587,182005.84629498425,176432.86022272267
2023-11-23 18:00:00,185308.89,186754.51,180161.66,186339.94116641732,185869.15857302092,179632.86914489465
2023-11-23 19:00:00,177973.9,179111.17,172764.56,179305.56228996092,178454.53002743257,175135.968989234
2023-11-23 20:00:00,166443.34,167715.45,162810.85,168897.24139454163,166977.44639484753,165374.5023951404
2023-11-23 21:00:00,159511.87,160880.69,156369.83,162179.36188749442,160194.63034315335,159387.68478483573
2023-11-23 22:00:00,155023.78,156633.73,151953.9,157765.25882981782,155651.58292630344,157043.09656574475
2023-11-23 23:00:00,151184.66,153367.49,148062.72,154572.6306371847,153585.39899260493,155524.0019921019
2023-11-24 00:00:00,147199.94,149692.28,143918.83,149432.33456234587,147704.5671197595,146227.6066731273
2023-11-24 01:00:00,144018.44,145741.08,140401.59,145779.93947341197,144101.18819076542,141207.83099402886
2023-11-24 02:00:00,141265.05,143047.12,137650.72,143006.5916392991,141295.1411032854,137123.93675392456
2023-11-24 03:00:00,140375.6,142049.4,136762.33,142010.5827297446,140336.76958343684,134316.13948989214
2023-11-24 04:00:00,143231.24,145352.17,139750.21,144898.28839738335,143096.59224734738,134967.88789831812
2023-11-24 05:00:00,152275.84,154203.76,148585.06,153494.1681623045,152179.07510372816,141137.08129232223
2023-11-24 06:00:00,165556.08,166778.43,160734.2,165815.08832673164,165280.89102808267,151564.22905991354
2023-11-24 07:00:00,178669.73,178666.77,172377.75,177411.57685361218,177699.5501997638,159398.25788291666
2023-11-24 08:00:00,185774.76,185545.61,179896.82,183946.75807580847,183715.05662221133,164544.8822641462
2023-11-24 09:00:00,191354.96,191397.5,186747.58,190019.08410807798,189958.36267302252,171394.76844359474
2023-11-24 10:00:00,195726.85,193940.05,191432.83,193371.5931311007,193005.48010848436,174788.79304843472
2023-11-24 11:00:00,194744.1,192174.72,190667.73,192337.43080464855,191779.88340157492,174647.74569569915
2023-11-24 12:00:00,191704.85,188941.53,188133.61,189376.20635217623,188395.03174518948,173161.4165095741
2023-11-24 13:00:00,185086.85,183842.6,181029.19,183445.6727676913,183060.57061881662,167786.2346997506
2023-11-24 14:00:00,181702.96,182251.8,178069.85,181533.51801191553,181219.0487635945,167825.247502353
2023-11-24 15:00:00,180937.13,180529.05,176166.64,180099.01898433213,179354.20229672416,167013.19924554505
2023-11-24 16:00:00,177922.66,177297.19,174410.12,177736.1499070683,176354.6245544108,164041.19793360154
2023-11-24 17:00:00,182940.37,181195.95,177065.26,180640.40586806744,179886.69673923848,162818.19550197665
2023-11-24 18:00:00,185736.95,185308.89,181731.23,184255.83920333398,183700.4442154596,165648.38163079848
2023-11-24 19:00:00,177905.29,177973.9,174695.94,177773.67558059483,176470.19299993472,160771.89510915638
2023-11-24 20:00:00,166130.55,166443.34,163980.67,167595.97526742448,166180.03762734923,151040.6624494392
2023-11-24 21:00:00,159645.98,159511.87,157863.19,160782.1348969801,158720.5264214928,145235.56003328974
2023-11-24 22:00:00,155043.11,155023.78,153747.91,156216.89802753206,154019.35734855346,143328.07374536357
2023-11-24 23:00:00,151464.84,151184.66,150347.03,153190.13785284347,151266.2257552914,141662.31770613065
2023-11-25 00:00:00,148605.41,147199.94,146834.37,148661.2047965747,147213.33598941175,148579.20106736157
2023-11-25 01:00:00,144921.77,144018.44,143841.39,145384.87074682224,144116.31304494056,145130.75250990473
2023-11-25 02:00:00,142186.46,141265.05,141099.08,142603.7379242587,141340.32681390826,141645.04849352193
2023-11-25 03:00:00,141228.77,140375.6,139780.15,141551.04232226254,140296.20898556357,139716.661652569
2023-11-25 04:00:00,143809.48,143231.24,142304.12,144160.03448246352,143145.2644793864,140952.65613933242
2023-11-25 05:00:00,150223.4,152275.84,150590.92,152577.40893281964,151373.1096325269,147239.8160540884
2023-11-25 06:00:00,160473.98,165556.08,162287.97,164683.2674579692,163805.33582415592,156271.73752843577
2023-11-25 07:00:00,172382.55,178669.73,173241.53,175966.19567863143,175775.32741012887,163356.75362856966
2023-11-25 08:00:00,178886.19,185774.76,180331.96,182262.394717227,182741.65908844178,169530.2327555784
2023-11-25 09:00:00,189102.61,191354.96,188087.15,188393.45392902993,189147.2674610556,176887.32213502686
2023-11-25 10:00:00,192660.12,195726.85,192565.11,192483.15887095468,193281.8623292971,180746.58053272945
2023-11-25 11:00:00,191141.76,194744.1,192354.09,191906.1202394899,192738.1999934766,180717.2839169527
2023-11-25 12:00:00,187266.0,191704.85,189754.73,189235.83341772808,189877.32515370814,178604.0779137715
2023-11-25 13:00:00,180341.47,185086.85,184150.38,183351.2892103012,182968.84293660495,174214.55696629535
2023-11-25 14:00:00,177729.22,181702.96,181995.08,180771.66527797244,180764.3187591823,174483.22615758437
2023-11-25 15:00:00,177495.34,180937.13,180538.41,179700.04152542603,179264.9012329519,173589.38342791106
2023-11-25 16:00:00,174298.5,177922.66,177653.54,176889.68532730016,176617.14912450855,170679.3285479741
2023-11-25 17:00:00,179882.36,182940.37,180070.45,180323.57615194877,180756.7340995364,170185.02169032657
2023-11-25 18:00:00,184061.97,185736.95,183264.77,183543.6673953003,183422.89211534327,174412.14167342338
2023-11-25 19:00:00,176031.27,177905.29,176807.33,176700.64238257328,176071.2061629349,168512.02252412072
2023-11-25 20:00:00,164937.99,166130.55,166030.96,165747.2521069274,164731.15154194762,158781.16053868778
2023-11-25 21:00:00,157984.4,159645.98,159566.12,159319.4498396168,157955.32944043545,153017.6912991753
2023-11-25 22:00:00,154021.32,155043.11,155730.06,155152.85456125758,153561.02790026637,150698.3547552606
2023-11-25 23:00:00,151020.6,151464.84,152696.84,151797.81853044257,149995.20465425128,149222.1578804972
2023-11-26 00:00:00,147182.1,148605.41,149104.43,144402.6877504644,146619.76623033275,147805.04911826405
2023-11-26 01:00:00,143804.51,144921.77,145756.67,140886.9695106891,143163.78135881902,144094.69341900278
2023-11-26 02:00:00,140561.04,142186.46,142783.05,138163.3145905907,140255.67702467254,141168.10097059645
2023-11-26 03:00:00,139557.84,141228.77,141484.19,137082.98844472336,139379.2882360835,139315.19414912708
2023-11-26 04:00:00,141651.43,143809.48,143928.58,139616.7620883547,141929.25264420884,140727.3076819288
2023-11-26 05:00:00,147903.3,150223.4,151461.42,146767.97238434764,148229.87062831697,146343.4910136587
2023-11-26 06:00:00,155971.9,160473.98,159049.76,156502.5550984619,156009.72222822203,153078.6025399279
2023-11-26 07:00:00,166812.6,172382.55,167396.14,166785.64657384827,166131.77565790413,159303.7042948009
2023-11-26 08:00:00,174356.09,178886.19,174977.08,173210.63755049757,173327.00454250266,164739.42193591435
2023-11-26 09:00:00,180005.96,189102.61,182810.41,180748.5142348605,181676.85190683877,169776.6234870366
2023-11-26 10:00:00,181580.29,192660.12,186480.89,183892.38323238792,185615.0887830856,172422.92119818594
2023-11-26 11:00:00,178833.37,191141.76,186703.69,182884.83731348574,185161.800800531,172062.2099459283
2023-11-26 12:00:00,174998.96,187266.0,184649.86,179965.27146905274,182011.00372940933,170143.34115450789
2023-11-26 13:00:00,168629.85,180341.47,179183.41,174269.38910687083,176195.30212302622,166219.85426162046
2023-11-26 14:00:00,162561.68,177729.22,176185.86,171732.9068183141,172832.19644184905,164218.89095948468
2023-11-26 15:00:00,158144.92,177495.34,172700.03,170242.94072687853,170786.6795862648,162619.34619186554
2023-11-26 16:00:00,153638.32,174298.5,167238.17,166559.78716195296,165738.61792352865,159438.56777460978
2023-11-26 17:00:00,159844.59,179882.36,170276.8,170519.51789128646,169108.11426533,159791.33193135995
2023-11-26 18:00:00,163030.66,184061.97,174603.49,174348.2651309927,173402.3128355778,162998.43925337546
2023-11-26 19:00:00,155743.64,176031.27,166930.82,167213.6819495432,165942.1610757934,157307.0031295919
2023-11-26 20:00:00,146988.82,164937.99,156760.99,156966.59783369707,155899.67784574968,149390.6577228112
2023-11-26 21:00:00,141578.82,157984.4,151533.36,150951.53985951107,150606.02301134577,144959.386808987
2023-11-26 22:00:00,136505.86,154021.32,148157.53,147229.12138461162,147134.6337081196,143328.72173109357
2023-11-26 23:00:00,131952.35,151020.6,145179.47,144159.173135231,144214.41208541967,141627.7892711491
2023-11-27 00:00:00,127734.82,147182.1,141314.6,140252.74323442063,140859.49454621758,126730.93554877357
2023-11-27 01:00:00,124121.0,143804.51,138570.43,137179.80264786707,138107.7885430855,122204.09285090305
2023-11-27 02:00:00,121353.7,140561.04,136705.25,134562.3509397331,135638.08875165333,118558.57249915428
2023-11-27 03:00:00,120403.61,139557.84,137019.65,133950.04942898732,134847.4571227961,116232.62833977905
2023-11-27 04:00:00,123254.62,141651.43,139994.97,136359.16345104142,137365.12660364684,117517.1296655527
2023-11-27 05:00:00,131182.93,147903.3,148134.06,143410.6725157512,145136.86476489765,124018.44552527874
2023-11-27 06:00:00,142105.24,155971.9,160650.74,153491.23483738932,157233.34102719722,133501.3845270477
2023-11-27 07:00:00,153976.14,166812.6,174883.02,165104.50383365699,171164.31266706198,141864.38500971283
2023-11-27 08:00:00,162302.36,174356.09,184245.32,172603.90162470195,176056.91282944375,148334.13079763067
2023-11-27 09:00:00,169830.45,180005.96,190768.08,178608.08494329514,184129.91640913166,155579.16219731016
2023-11-27 10:00:00,173614.66,181580.29,193552.37,181173.98895215074,187394.02277902604,158709.90397925617
2023-11-27 11:00:00,172656.34,178833.37,192977.65,179737.1979482948,182576.95761910608,158446.0080789201
2023-11-27 12:00:00,170522.88,174998.96,190254.75,176674.50638482725,180002.51983176434,156261.7050327584
2023-11-27 13:00:00,165803.77,168629.85,185403.03,171057.07999805195,174170.51972587983,151775.16344701947
2023-11-27 14:00:00,163031.11,162561.68,184433.67,167572.3933208051,168781.71919459282,150540.17756533314
2023-11-27 15:00:00,161508.1,158144.92,183376.17,165407.50400759367,167687.49036685145,150098.9079641507
2023-11-27 16:00:00,162492.64,153638.32,180697.77,162092.0734425734,164868.23251020256,148564.89829213335
2023-11-27 17:00:00,170105.67,159844.59,182574.35,166312.23421791906,169216.8830046264,149546.31817505517
2023-11-27 18:00:00,174523.37,163030.66,185233.36,169332.32073866276,172031.1827287515,153359.94779716645
2023-11-27 19:00:00,167170.07,155743.64,177118.27,162376.41240288317,164413.29566525685,148085.33553801023
2023-11-27 20:00:00,156684.01,146988.82,166214.81,152834.56575968937,153860.53879733637,138982.28709675669
2023-11-27 21:00:00,149173.72,141578.82,160102.34,147196.75210622433,147801.12898064608,132840.33238690862
2023-11-27 22:00:00,143108.76,136505.86,156029.51,142879.92661037052,143270.55755690386,129887.79872914919
2023-11-27 23:00:00,138070.61,131952.35,153059.12,139301.3638616423,140167.8972630629,128267.55159609641
2023-11-28 00:00:00,133927.31,127734.82,149638.67,135592.52878350523,130696.83000521653,132907.24944813809
2023-11-28 01:00:00,130392.11,124121.0,146562.5,132281.33645443767,126380.92296497885,127771.85354898896
2023-11-28 02:00:00,127501.77,121353.7,143789.59,129560.10093497574,123743.33071923356,123417.46618978871
2023-11-28 03:00:00,126330.11,120403.61,142807.14,128608.57415378433,122897.84784898469,120778.23755391661
2023-11-28 04:00:00,128739.28,123254.62,145341.39,131114.17506198556,125060.30609888509,121673.29510950464
2023-11-28 05:00:00,137188.4,131182.93,153757.18,138416.48742864063,133059.95069618238,127742.89898730844
2023-11-28 06:00:00,150031.01,142105.24,166895.69,149013.67380620757,147400.101039352,137147.03541990859
2023-11-28 07:00:00,164268.72,153976.14,179727.33,160368.4101966943,160704.24311235326,145396.31264485774
2023-11-28 08:00:00,169533.49,162302.36,186093.55,167263.34954746894,166892.37575920933,150677.34314654328
2023-11-28 09:00:00,175313.94,169830.45,191909.57,174216.3246662003,171323.19546954733,156552.09740354648
2023-11-28 10:00:00,176457.75,173614.66,194475.78,177256.57939716472,173537.2747708867,159839.5182719466
2023-11-28 11:00:00,174981.8,172656.34,193497.84,176167.24673785025,172631.91728011356,159701.77982380963
2023-11-28 12:00:00,172295.85,170522.88,189394.28,173187.42683945902,168897.18861967835,157552.25643137144
2023-11-28 13:00:00,164815.88,165803.77,183419.98,167878.6996213101,163361.88418282857,153010.6030953971
2023-11-28 14:00:00,162564.57,163031.11,182801.98,165584.83652236703,162260.43940903238,152266.2663745343
2023-11-28 15:00:00,161996.91,161508.1,182006.37,164240.28194090837,161154.69043272312,150717.71777165355
2023-11-28 16:00:00,162123.72,162492.64,180598.01,163059.9303522278,159757.3682872084,147386.616874468
2023-11-28 17:00:00,170386.34,170105.67,183345.17,168267.76015457287,163588.24105747827,149011.3580138624
2023-11-28 18:00:00,177170.42,174523.37,184508.67,171577.02021502773,171456.76972583376,152726.78368133036
2023-11-28 19:00:00,170026.05,167170.07,179651.19,165446.3835626813,162625.94869922724,146557.4495873285
2023-11-28 20:00:00,158935.3,156684.01,172496.54,156515.59209223062,155536.9280358038,137279.41071093656
2023-11-28 21:00:00,151691.38,149173.72,164168.69,149512.25270691203,146837.36170017946,132033.4139818468
2023-11-28 22:00:00,145440.43,143108.76,157806.43,144242.54870784134,140859.8871645531,129621.06337684878
2023-11-28 23:00:00,139948.33,138070.61,157570.21,141205.65339740747,140828.6798670871,127310.18988987421
2023-11-29 00:00:00,134992.58,133927.31,155181.45,139024.68299544294,139061.33979279146,134605.06285983647
2023-11-29 01:00:00,131566.77,130392.11,151699.17,135636.13543935228,135898.33171766624,129346.25627332318
2023-11-29 02:00:00,129268.0,127501.77,149088.8,132879.24603837277,133152.87952633918,125268.98584786252
2023-11-29 03:00:00,128402.13,126330.11,148334.03,131887.12686676253,132433.7747574286,122536.5589926131
2023-11-29 04:00:00,130909.94,128739.28,150904.98,134224.06302712642,134689.58933564328,123636.77513192543
2023-11-29 05:00:00,139598.21,137188.4,158960.74,141768.04354383607,143665.82903787697,129887.51342879195
2023-11-29 06:00:00,153272.3,150031.01,170566.15,152655.3805806559,156241.863664867,139768.0215826542
2023-11-29 07:00:00,166683.87,164268.72,180037.97,164026.6045092316,168802.89521660184,148738.00482151785
2023-11-29 08:00:00,172572.91,169533.49,184262.39,169526.68297694108,173031.74761383526,154360.87308225164
2023-11-29 09:00:00,177700.08,175313.94,189741.9,175150.70618289284,179395.11672725508,161862.2995063148
2023-11-29 10:00:00,178897.21,176457.75,194076.73,177519.08729201427,182550.08926594455,166136.6241991368
2023-11-29 11:00:00,176384.71,174981.8,194134.67,176353.1617449455,181096.06004531615,165782.1063834539
2023-11-29 12:00:00,172406.05,172295.85,191645.59,173680.36262680058,178447.40070226687,163548.88493894332
2023-11-29 13:00:00,165267.54,164815.88,185574.15,167454.56815574024,172661.32842457184,158113.65314643006
2023-11-29 14:00:00,163837.91,162564.57,182766.34,164458.80949393407,169877.16139035474,157681.4620085504
2023-11-29 15:00:00,163985.86,161996.91,181926.18,163079.73618158966,168978.61382450696,157467.8749851515
2023-11-29 16:00:00,164594.11,162123.72,179736.11,161695.45252008815,168392.82782671173,154963.9367860752
2023-11-29 17:00:00,171555.64,170386.34,183103.23,167446.35771007,173583.72804765796,156240.04479080226
2023-11-29 18:00:00,177297.88,177170.42,186754.51,172113.8689329925,178692.13242604455,159370.45685976246
2023-11-29 19:00:00,170369.93,170026.05,179111.17,165422.98915397847,171371.31330905724,153176.46649409732
2023-11-29 20:00:00,159618.6,158935.3,167715.45,155319.72821305078,159744.46349652665,142989.7451569223
2023-11-29 21:00:00,151765.45,151691.38,160880.69,148814.2002363841,152872.10505261796,137448.5618490871
2023-11-29 22:00:00,145323.02,145440.43,156633.73,143713.2240966579,147014.60465555778,134491.15016264032
2023-11-29 23:00:00,139560.9,139948.33,153367.49,139333.43292972524,143555.3984596861,132036.93355753054
2023-11-30 00:00:00,134716.02,134992.58,149692.28,135962.46244331967,137699.8693443433,133509.68686341992
2023-11-30 01:00:00,130539.6,131566.77,145741.08,132465.0926701748,133987.00905819132,128444.83187031471
2023-11-30 02:00:00,127840.37,129268.0,143047.12,129935.53579971091,131060.82951940573,123855.28979438396
2023-11-30 03:00:00,126282.63,128402.13,142049.4,128984.71614874055,130146.71107488128,121002.3812109362
2023-11-30 04:00:00,127681.75,130909.94,145352.17,131618.52768757017,133251.3855361765,121374.10011502795
2023-11-30 05:00:00,135912.78,139598.21,154203.76,139904.79630397126,142215.1609301398,127945.23975461512
2023-11-30 06:00:00,150057.06,153272.3,166778.43,152121.39507673192,156282.5724346672,138687.5745764491
2023-11-30 07:00:00,163139.22,166683.87,178666.77,164330.2654992575,169050.7925327533,147695.95961545545
2023-11-30 08:00:00,169382.72,172572.91,185545.61,170721.75496398855,175394.16756023682,153634.87882522587
2023-11-30 09:00:00,174279.29,177700.08,191397.5,176469.3975567111,180119.41960472983,160269.59672728187
2023-11-30 10:00:00,174154.59,178897.21,193940.05,178564.01902846666,182550.39451871623,163639.6414789607
2023-11-30 11:00:00,172671.36,176384.71,192174.72,176927.38670798676,180408.43218503613,163604.06262405298
2023-11-30 12:00:00,168795.64,172406.05,188941.53,173823.81877653406,177598.47454011627,161429.27553572672
2023-11-30 13:00:00,161745.48,165267.54,183842.6,168010.22446940737,171798.05597450977,156116.47924599444
2023-11-30 14:00:00,160361.15,163837.91,182251.8,166302.3850076453,169606.9430311311,156665.58212481314
2023-11-30 15:00:00,160398.99,163985.86,180529.05,165576.5888382562,169793.263190995,156826.63580299786
2023-11-30 16:00:00,161764.26,164594.11,177297.19,164848.71745038044,167332.75285854912,153783.1174017748
2023-11-30 17:00:00,169161.59,171555.64,181195.95,170571.63077027883,173889.8784192924,154877.07068073697
2023-11-30 18:00:00,175089.24,177297.88,185308.89,175404.84100435989,178844.474286151,158361.58956736093
2023-11-30 19:00:00,167887.24,170369.93,177973.9,168792.42988695638,171825.24427940595,152700.35761415202
2023-11-30 20:00:00,157419.29,159618.6,166443.34,158334.7356180443,160325.68727194413,142578.87927326455
2023-11-30 21:00:00,150299.66,151765.45,159511.87,151198.60546747284,152836.7689213046,136310.11279107002
2023-11-30 22:00:00,143576.14,145323.02,155023.78,145740.11215746464,147050.53487250453,133146.864602339
2023-11-30 23:00:00,137802.73,139560.9,151184.66,140959.9925828368,141924.37545584195,130710.01097991574
2023-12-01 00:00:00,133003.05,134716.02,147199.94,135281.86795135456,133990.63868828322,131451.38002541097
2023-12-01 01:00:00,129404.55,130539.6,144018.44,131720.61977680953,130401.67854423232,125664.0386147397
2023-12-01 02:00:00,126804.28,127840.37,141265.05,129073.83841081113,127891.30320134273,121094.66469387535
2023-12-01 03:00:00,125987.36,126282.63,140375.6,127895.82370046014,126756.08440498677,118354.95387656355
2023-12-01 04:00:00,128549.97,127681.75,143231.24,129972.97488223837,129201.51106678524,119274.92225086276
2023-12-01 05:00:00,137997.79,135912.78,152275.84,138188.38413023148,137995.22813065024,126081.40520768866
2023-12-01 06:00:00,152087.21,150057.06,165556.08,151100.2811250937,151806.79587055455,137181.83473398304
2023-12-01 07:00:00,166562.46,163139.22,178669.73,163737.95636918064,165077.9639321443,146173.01743817484
2023-12-01 08:00:00,172334.47,169382.72,185774.76,169774.65755726775,171589.5131709121,151492.04802397665
2023-12-01 09:00:00,177163.09,174279.29,191354.96,174953.77930785998,176824.01732236432,158007.02595311764
2023-12-01 10:00:00,178686.6,174154.59,195726.85,176644.25070994446,178145.44503727838,161297.15753497105
2023-12-01 11:00:00,176261.47,172671.36,194744.1,175359.03012778427,176693.1552864945,160673.13486942483
2023-12-01 12:00:00,172614.14,168795.64,191704.85,172181.41412358175,173260.5794798388,159030.57316212414
2023-12-01 13:00:00,164439.39,161745.48,185086.85,165504.22833184915,167013.62959607827,153071.00526687008
2023-12-01 14:00:00,161415.77,160361.15,181702.96,163423.53602578893,164824.0836466754,151967.25605183994
2023-12-01 15:00:00,161278.06,160398.99,180937.13,163023.0960228954,164136.7701705495,150805.52103383734
2023-12-01 16:00:00,161580.59,161764.26,177922.66,162630.20278235213,164343.30119825318,147945.52657758747
2023-12-01 17:00:00,169513.69,169161.59,182940.37,168722.9901420471,170539.17891722274,147835.68408658897
2023-12-01 18:00:00,176071.87,175089.24,185736.95,173604.41999764103,175778.78777755142,150994.53517646383
2023-12-01 19:00:00,168939.04,167887.24,177905.29,166876.93432443033,168794.46914586937,144937.4283187101
2023-12-01 20:00:00,158353.22,157419.29,166130.55,156435.39050851946,157918.51374390887,134915.7412877757
2023-12-01 21:00:00,150970.07,150299.66,159645.98,149760.9700349472,150649.2521248722,128894.02679191176
2023-12-01 22:00:00,144130.26,143576.14,155043.11,144166.5610540041,144268.02819250085,126204.86202612593
2023-12-01 23:00:00,138345.13,137802.73,151464.84,139404.1395128749,139630.90139394024,123871.24366610199
2023-12-02 00:00:00,133848.63,133003.05,148605.41,136886.8535529593,136616.85779479123,132494.05433185236
2023-12-02 01:00:00,130297.73,129404.55,144921.77,133354.71881841967,133106.03754438047,127034.26578412244
2023-12-02 02:00:00,127808.74,126804.28,142186.46,130795.43456192904,130572.58127387601,122043.68984325994
2023-12-02 03:00:00,127002.35,125987.36,141228.77,129840.66436160816,129494.64299078293,118994.39272301043
2023-12-02 04:00:00,129095.51,128549.97,143809.48,132205.39344210151,131836.40737868092,119599.26120984655
2023-12-02 05:00:00,138063.48,137997.79,150223.4,140207.48212764063,140268.52278130746,125907.31767193445
2023-12-02 06:00:00,151755.32,152087.21,160473.98,152567.17613098046,153391.4139558935,135319.04445470005
2023-12-02 07:00:00,165448.51,166562.46,172382.55,165335.87902319938,166207.1262068876,143278.55772168632
2023-12-02 08:00:00,171330.03,172334.47,178886.19,171235.2349424217,172221.408363619,148901.30279807298
2023-12-02 09:00:00,176543.19,177163.09,189102.61,177607.68827569977,179841.92034461634,156090.6439216823
2023-12-02 10:00:00,177487.07,178686.6,192660.12,179631.80316913826,181464.05270672395,159713.1838533078
2023-12-02 11:00:00,174432.21,176261.47,191141.76,177771.64387897527,179894.81215661744,159318.72727926302
2023-12-02 12:00:00,169981.18,172614.14,187266.0,174198.98897434602,176447.9815530115,156852.0311450272
2023-12-02 13:00:00,163560.06,164439.39,180341.47,167093.4039988254,169293.17093608656,151864.13322126947
2023-12-02 14:00:00,162164.23,161415.77,177729.22,164765.92368279924,166923.00650311858,151191.18516797756
2023-12-02 15:00:00,162021.79,161278.06,177495.34,164576.48083228775,166692.0497329087,149826.55572980831
2023-12-02 16:00:00,161826.19,161580.59,174298.5,163795.63567708826,165112.79308172988,146760.22958998726
2023-12-02 17:00:00,169418.11,169513.69,179882.36,170090.21610930946,171724.93148044855,147314.33577336845
2023-12-02 18:00:00,176059.84,176071.87,184061.97,175360.7567656865,176838.73983361115,151045.21296114486
2023-12-02 19:00:00,168573.68,168939.04,176031.27,168567.43198877576,169597.71374650224,144638.0245833898
2023-12-02 20:00:00,158049.09,158353.22,164937.99,158224.81039156188,158856.08636821364,134627.26616392384
2023-12-02 21:00:00,150770.35,150970.07,157984.4,151189.153438572,151783.1710883761,128615.73148787487
2023-12-02 22:00:00,144502.9,144130.26,154021.32,145640.0695813488,146371.27089631025,125526.67840775002
2023-12-02 23:00:00,139050.6,138345.13,151020.6,140968.1851470058,141480.53155125922,123143.62458055485
2023-12-03 00:00:00,134439.76,133848.63,147182.1,135505.4984450433,138277.15996908935,133107.4517984573
2023-12-03 01:00:00,130850.09,130297.73,143804.51,132000.2181321508,133959.98803051864,127718.42847624897
2023-12-03 02:00:00,128406.8,127808.74,140561.04,129292.13577774724,131974.7429163587,123208.47533187515
2023-12-03 03:00:00,127533.78,127002.35,139557.84,128274.58456766349,130996.78434435949,120435.7738758999
2023-12-03 04:00:00,129129.81,129095.51,141651.43,130204.92398556942,132924.69186301145,121320.80391945303
2023-12-03 05:00:00,136685.25,138063.48,147903.3,137910.6118702552,140669.56024450925,126990.55151977175
2023-12-03 06:00:00,145465.25,151755.32,155971.9,149324.149032948,151212.96345112307,133800.11136788383
2023-12-03 07:00:00,155985.91,165448.51,166812.6,161350.30477321226,163338.66313509195,140316.06661839734
2023-12-03 08:00:00,165082.95,171330.03,174356.09,167567.8284004185,170103.9953956036,145853.10619529622
2023-12-03 09:00:00,171214.61,176543.19,180005.96,172774.38742845823,175357.16644035865,151051.9277184225
2023-12-03 10:00:00,170819.75,177487.07,181580.29,173899.84592818978,177065.73429238677,153284.6187151973
2023-12-03 11:00:00,168036.48,174432.21,178833.37,171619.8550255143,174131.8313831066,152779.43457362906
2023-12-03 12:00:00,163834.81,169981.18,174998.96,167843.45756809955,169612.5885509834,150854.1955460887
2023-12-03 13:00:00,157295.36,163560.06,168629.85,161503.63670051377,162935.28112594056,146282.6751008422
2023-12-03 14:00:00,152726.56,162164.23,162561.68,158703.4235220378,158968.80289234387,143661.0365779783
2023-12-03 15:00:00,150634.47,162021.79,158144.92,157254.55066412885,157094.9013081348,141185.64258409195
2023-12-03 16:00:00,149763.9,161826.19,153638.32,155866.60225549084,154434.9254367912,137179.7847446376
2023-12-03 17:00:00,156110.03,169418.11,159844.59,162358.24574268694,160489.9093667817,138313.23914420512
2023-12-03 18:00:00,161004.01,176059.84,163030.66,167521.693643989,165987.6021730834,141432.77515641865
2023-12-03 19:00:00,154783.16,168573.68,155743.64,160683.14366593756,159408.4062126591,134798.17876976088
2023-12-03 20:00:00,146138.48,158049.09,146988.82,151098.322397924,149642.4878783385,126259.59987472041
2023-12-03 21:00:00,140550.12,150770.35,141578.82,144721.12753152024,142959.62107619873,121550.63833160468
2023-12-03 22:00:00,135354.35,144502.9,136505.86,139057.01565573577,138067.01728099477,119337.40163431446
2023-12-03 23:00:00,130362.39,139050.6,131952.35,134090.78144940204,133152.2637156727,117042.36226011325
2023-12-04 00:00:00,126259.66,134439.76,127734.82,133116.24290780042,128609.25572880532,124554.33246828041
2023-12-04 01:00:00,122791.17,130850.09,124121.0,129557.198761714,125017.8064208672,119757.38073364749
2023-12-04 02:00:00,120381.58,128406.8,121353.7,126994.33168674972,122501.79973335142,116081.69120948293
2023-12-04 03:00:00,119848.53,127533.78,120403.61,126153.56516788877,121639.16192566845,114163.94103771576
2023-12-04 04:00:00,122236.19,129129.81,123254.62,128395.7396991246,123992.01139451818,115718.90292717886
2023-12-04 05:00:00,131093.91,136685.25,131182.93,136490.4154965246,132876.1361271676,122898.94885353102
2023-12-04 06:00:00,146121.85,145465.25,142105.24,147401.2474515641,146510.91457338972,133728.0522301735
2023-12-04 07:00:00,161196.07,155985.91,153976.14,159370.9056353587,161807.73854228327,143876.28290228327
2023-12-04 08:00:00,168235.15,165082.95,162302.36,167251.96963591906,170428.27297426536,150773.26934906194
2023-12-04 09:00:00,172564.37,171214.61,169830.45,173462.4521882727,176334.42467152368,157674.35772616294
2023-12-04 10:00:00,172472.55,170819.75,173614.66,174978.3343061188,177841.14452348097,160710.72197120567
2023-12-04 11:00:00,170087.72,168036.48,172656.34,172983.4108785061,175821.53516462262,160321.58242824345
2023-12-04 12:00:00,165760.55,163834.81,170522.88,169630.9094281088,172195.65753695345,158087.37422111657
2023-12-04 13:00:00,159678.06,157295.36,165803.77,163528.0810876621,165704.3340379413,153379.36242181485
2023-12-04 14:00:00,158449.89,152726.56,163031.11,160303.86414082488,163430.3734434942,151985.83390768705
2023-12-04 15:00:00,158073.13,150634.47,161508.1,158965.75652619303,162713.64326657265,151484.73030036443
2023-12-04 16:00:00,158177.47,149763.9,162492.64,158748.24003423896,162471.5297039437,149602.30913095642
2023-12-04 17:00:00,165618.68,156110.03,170105.67,165331.7738812766,170168.95401632952,151340.3662287236
2023-12-04 18:00:00,170348.21,161004.01,174523.37,170311.8642735251,175473.98886395327,155043.36909443603
2023-12-04 19:00:00,162571.15,154783.16,167170.07,163734.7373036027,168164.59264216915,148965.39910324954
2023-12-04 20:00:00,152325.45,146138.48,156684.01,154082.67747482593,157985.29913784665,139195.09384987247
2023-12-04 21:00:00,144895.47,140550.12,149173.72,147494.71932284752,150219.76262322633,132839.05274063244
2023-12-04 22:00:00,138290.7,135354.35,143108.76,141797.92620850453,143890.82491587108,129444.11583242657
2023-12-04 23:00:00,133233.86,130362.39,138070.61,136769.8125804164,138544.9709893808,126512.18819501184
2023-12-05 00:00:00,128910.71,126259.66,133927.31,131592.47324620243,132788.14514112496,127910.83289787169
2023-12-05 01:00:00,125506.71,122791.17,130392.11,128122.40509034669,129190.40791569444,123245.35512005135
2023-12-05 02:00:00,122940.45,120381.58,127501.77,125536.8545675847,126532.53265046363,119305.03484774615
2023-12-05 03:00:00,122233.96,119848.53,126330.11,124694.05880740736,125613.09707659583,117221.15240357029
2023-12-05 04:00:00,124218.73,122236.19,128739.28,126926.34915187756,127939.27051012573,118825.53458067153
2023-12-05 05:00:00,132958.83,131093.91,137188.4,135401.40498838868,136646.28360776708,126040.705055976
2023-12-05 06:00:00,148119.4,146121.85,150031.01,148653.69394462163,150055.76715034439,137119.60225023542
2023-12-05 07:00:00,162981.77,161196.07,164268.72,162406.65735126563,164460.2231222073,147013.890333342
2023-12-05 08:00:00,169747.26,168235.15,169533.49,168688.88526483206,170724.6005284566,152348.75724282724
2023-12-05 09:00:00,173657.27,172564.37,175313.94,173771.85938698874,176341.38153153658,158190.085277938
2023-12-05 10:00:00,172133.99,172472.55,176457.75,174403.76716732336,176901.4427552179,161295.90138603913
2023-12-05 11:00:00,169194.46,170087.72,174981.8,172308.41525873644,174702.1976834922,160958.9255108658
2023-12-05 12:00:00,165325.69,165760.55,172295.85,168578.1800205316,170161.37068545914,158428.81344752398
2023-12-05 13:00:00,159054.67,159678.06,164815.88,162136.2550248032,164166.86404429722,153136.86449323953
2023-12-05 14:00:00,158353.03,158449.89,162564.57,160371.43454163527,162087.91136036356,152621.5243161871
2023-12-05 15:00:00,158013.69,158073.13,161996.91,159812.14494734074,161811.00741688354,151372.66318552976
2023-12-05 16:00:00,158826.01,158177.47,162123.72,159626.3207248501,161781.72515660344,148939.23332968281
2023-12-05 17:00:00,166321.57,165618.68,170386.34,166628.5853909941,168998.72809954555,152170.6146726294
2023-12-05 18:00:00,172223.47,170348.21,177170.42,171978.6690328266,174626.84805519035,155796.95905846023
2023-12-05 19:00:00,164683.34,162571.15,170026.05,165154.4255908258,167837.89606542824,149537.6465771068
2023-12-05 20:00:00,153734.73,152325.45,158935.3,155175.91233723913,157130.52728937575,140243.29686443962
2023-12-05 21:00:00,145987.53,144895.47,151691.38,148083.9974509971,149672.65782883938,133695.5227879968
2023-12-05 22:00:00,139090.76,138290.7,145440.43,141930.74295768267,142706.75948177293,129636.79956965447
2023-12-05 23:00:00,133798.26,133233.86,139948.33,137021.52762408694,137475.74486431552,127300.57621961254
2023-12-06 00:00:00,129797.7,128910.71,134992.58,132819.19141976416,130377.16701935412,128336.50321641445
2023-12-06 01:00:00,126260.94,125506.71,131566.77,129383.73599367474,126949.2674090231,123107.80351009108
2023-12-06 02:00:00,123919.83,122940.45,129268.0,126932.19289945888,124720.37025013039,119041.70745634189
2023-12-06 03:00:00,123121.36,122233.96,128402.13,126141.63971373666,123911.91001008656,116693.41822346157
2023-12-06 04:00:00,125264.87,124218.73,130909.94,128232.17548537419,125907.71501311628,118228.67323447877
2023-12-06 05:00:00,134274.74,132958.83,139598.21,136574.76957152627,134725.90463450327,125214.90227603061
2023-12-06 06:00:00,149445.52,148119.4,153272.3,149672.7164525217,149023.38523629677,135267.00469826022
2023-12-06 07:00:00,165274.79,162981.77,166683.87,162743.31404432884,163469.01151788913,144254.55626699622
2023-12-06 08:00:00,172214.05,169747.26,172572.91,169398.4626816628,169976.6362308235,148660.92406513984
2023-12-06 09:00:00,177712.37,173657.27,177700.08,174147.36273903862,174457.2465147846,154769.33507299994
2023-12-06 10:00:00,178695.95,172133.99,178897.21,174145.2101281225,174071.21473224176,158744.05484357377
2023-12-06 11:00:00,175429.93,169194.46,176384.71,171683.1387581865,171554.84090990704,158246.6157284852
2023-12-06 12:00:00,170687.24,165325.69,172406.05,167869.15020466028,167688.5215950122,155876.8377890929
2023-12-06 13:00:00,163466.22,159054.67,165267.54,161456.71477880864,160908.95959930684,150007.34692716238
2023-12-06 14:00:00,161803.31,158353.03,163837.91,159713.02676531754,159650.6005579381,148793.42223761798
2023-12-06 15:00:00,161126.26,158013.69,163985.86,159162.18753073228,159224.57932330802,148287.01646663723
2023-12-06 16:00:00,161903.5,158826.01,164594.11,159292.97611722854,159897.8643418128,146030.07318318594
2023-12-06 17:00:00,168483.34,166321.57,171555.64,165847.0228685825,167031.0850554227,148772.89674094875
2023-12-06 18:00:00,173773.34,172223.47,177297.88,171150.4371356646,173041.14658450917,152305.17258715897
2023-12-06 19:00:00,167015.69,164683.34,170369.93,164424.93806724082,165638.02295174275,145369.52536978197
2023-12-06 20:00:00,156772.96,153734.73,159618.6,154259.92461747697,154829.70503251677,134718.69046046364
2023-12-06 21:00:00,149315.47,145987.53,151765.45,147094.96814413357,146756.19956528328,128510.02801515184
2023-12-06 22:00:00,143015.71,139090.76,145323.02,140955.76104122307,140746.07871388292,125086.26397110477
2023-12-06 23:00:00,137722.92,133798.26,139560.9,135793.6444604051,135386.0113496124,121926.49078943858
2023-12-07 00:00:00,133432.74,129797.7,134716.02,132804.8322044854,131273.42792537413,132218.978038815
2023-12-07 01:00:00,129897.19,126260.94,130539.6,129061.03377740117,127524.02669948095,127486.13895352138
2023-12-07 02:00:00,127213.85,123919.83,127840.37,126537.55772477835,124967.34430898466,123521.12590862036
2023-12-07 03:00:00,126243.91,123121.36,126282.63,125526.1039805684,124464.75781071399,121342.03493151735
2023-12-07 04:00:00,128598.2,125264.87,127681.75,127505.31570171675,126244.84409311383,122606.88472597701
2023-12-07 05:00:00,137568.55,134274.74,135912.78,136157.66510571056,135142.36899775057,130169.39530549533
2023-12-07 06:00:00,152457.48,149445.52,150057.06,150700.40833129958,150242.47542163503,141390.90006072234
2023-12-07 07:00:00,168608.83,165274.79,163139.22,165075.1083845842,165318.95099046125,151464.19592035466
2023-12-07 08:00:00,173858.83,172214.05,169382.72,171711.2279407005,172346.96247786115,157606.45431628198
2023-12-07 09:00:00,178463.26,177712.37,174279.29,176699.8729383538,177386.81446336306,163743.88558966995
2023-12-07 10:00:00,180084.58,178695.95,174154.59,177097.56742798715,178146.15065676297,166917.594724607
2023-12-07 11:00:00,177711.99,175429.93,172671.36,174722.73279620585,175418.89035593352,166654.05569087467
2023-12-07 12:00:00,173348.59,170687.24,168795.64,170550.49380175,170714.47894399427,164328.2769225019
2023-12-07 13:00:00,163985.68,163466.22,161745.48,163854.8517741272,163438.7992748985,158876.2723711568
2023-12-07 14:00:00,160953.42,161803.31,160361.15,162445.6589688414,161953.11971265962,158663.23491442314
2023-12-07 15:00:00,160468.31,161126.26,160398.99,161998.75645607075,161421.38737174097,158248.40522129287
2023-12-07 16:00:00,160633.4,161903.5,161764.26,162523.37184544353,162661.10506282002,155139.459619262
2023-12-07 17:00:00,165917.68,168483.34,169161.59,169163.6614295009,169333.9923006025,157902.6644740869
2023-12-07 18:00:00,171521.48,173773.34,175089.24,174438.71689187022,174472.17962588608,162049.50946363914
2023-12-07 19:00:00,164456.0,167015.69,167887.24,167611.31688391705,167904.13376210973,156050.61737096385
2023-12-07 20:00:00,156825.78,156772.96,157419.29,157340.68124449116,157277.02227205157,145405.2414238437
2023-12-07 21:00:00,149918.08,149315.47,150299.66,150072.10935374838,149224.13151326653,138895.024139224
2023-12-07 22:00:00,143544.54,143015.71,143576.14,143723.07558037143,143115.15796568056,135126.017919413
2023-12-07 23:00:00,139221.53,137722.92,137802.73,138441.9733840222,137863.748441812,132002.47534881442
2023-12-08 00:00:00,135175.92,133432.74,133003.05,134267.23600064556,133711.61261350097,134060.34423008023
2023-12-08 01:00:00,131822.58,129897.19,129404.55,130733.26330241442,130101.08415566516,129590.00870571783
2023-12-08 02:00:00,129446.14,127213.85,126804.28,128095.5010981509,127481.93130220158,126070.33513827165
2023-12-08 03:00:00,128463.73,126243.91,125987.36,127214.5570497436,126554.88376712787,124372.05642958073
2023-12-08 04:00:00,130975.2,128598.2,128549.97,129552.11951362425,129124.47774733715,126376.41733308992
2023-12-08 05:00:00,140004.42,137568.55,137997.79,138584.49249906943,138286.3206995838,134488.09396086953
2023-12-08 06:00:00,155199.01,152457.48,152087.21,153082.6269810027,153134.69974107112,146499.29516559275
2023-12-08 07:00:00,171088.73,168608.83,166562.46,168106.0312013437,169165.05618695775,157278.62675143336
2023-12-08 08:00:00,177344.75,173858.83,172334.47,173960.59145357055,174701.09232407488,162949.6103293035
2023-12-08 09:00:00,183576.36,178463.26,177163.09,178641.53945774262,179667.93288689436,168981.37450496622
2023-12-08 10:00:00,185080.1,180084.58,178686.6,179798.95182323238,181160.6060656854,172838.86240535803
2023-12-08 11:00:00,181734.42,177711.99,176261.47,177394.54668249292,178612.52340237904,172260.25049005542
2023-12-08 12:00:00,178325.79,173348.59,172614.14,173449.5988789743,174235.44519061144,170493.9305574973
2023-12-08 13:00:00,170672.53,163985.68,164439.39,165437.22680092792,165747.11465847294,164127.86175677576
2023-12-08 14:00:00,167364.62,160953.42,161415.77,162955.7326432048,162363.85593968403,162017.11779173295
2023-12-08 15:00:00,165901.23,160468.31,161278.06,162556.12010056252,161972.43977447093,160764.5932663856
2023-12-08 16:00:00,166238.94,160633.4,161580.59,162671.7971256527,161811.04552422266,158055.21950064617
2023-12-08 17:00:00,171883.94,165917.68,169513.69,168999.74005660752,168312.6441410401,159953.84058745106
2023-12-08 18:00:00,177824.86,171521.48,176071.87,174676.10892476965,173886.61545194415,163439.84310764942
2023-12-08 19:00:00,171065.08,164456.0,168939.04,167823.75733655095,166819.15364981236,156800.0212783096
2023-12-08 20:00:00,162178.42,156825.78,158353.22,158388.04104837653,157748.87726975855,146546.02634282288
2023-12-08 21:00:00,154327.01,149918.08,150970.07,151222.31675633942,149978.85286846515,140443.9590988142
2023-12-08 22:00:00,145873.29,143544.54,144130.26,144789.87691149482,143749.65008698634,137090.11191047175
2023-12-08 23:00:00,140969.07,139221.53,138345.13,139826.35261005486,138993.0311119161,133863.6975432855
2023-12-09 00:00:00,136582.69,135175.92,133848.63,137249.6328370483,135872.60135572962,136360.54412100825
2023-12-09 01:00:00,133160.73,131822.58,130297.73,133707.70136407952,132247.49745020334,131764.8628457177
2023-12-09 02:00:00,129992.68,129446.14,127808.74,131202.56878181128,130088.78806645259,127723.3775969783
2023-12-09 03:00:00,128665.3,128463.73,127002.35,130277.67541077676,128870.25207051767,125624.03937981724
2023-12-09 04:00:00,130520.87,130975.2,129095.51,132582.8699312231,131743.69633210715,127163.43682103895
2023-12-09 05:00:00,139691.21,140004.42,138063.48,141504.45710278547,140430.01326098788,133954.76870049146
2023-12-09 06:00:00,154116.66,155199.01,151755.32,155982.02000479435,155107.66932796978,144247.8896538641
2023-12-09 07:00:00,169819.66,171088.73,165448.51,170973.8699390357,169857.93039983363,153766.4437995099
2023-12-09 08:00:00,176898.28,177344.75,171330.03,177171.2319932781,176524.78874292536,159600.17100108712
2023-12-09 09:00:00,182685.39,183576.36,176543.19,183075.54579686353,182148.5030617163,167030.63558101506
2023-12-09 10:00:00,183556.01,185080.1,177487.07,184479.83473728472,183861.1564332981,170513.52077431997
2023-12-09 11:00:00,180191.57,181734.42,174432.21,181477.93835901556,180601.27543477778,169863.18829707796
2023-12-09 12:00:00,176544.61,178325.79,169981.18,177426.2736554985,177072.09875045766,167190.26193723056
2023-12-09 13:00:00,169910.14,170672.53,163560.06,170136.18870932385,169757.58427328872,161712.1121205796
2023-12-09 14:00:00,168208.9,167364.62,162164.23,167785.23801096456,166242.90368323663,160144.9333626332
2023-12-09 15:00:00,167173.91,165901.23,162021.79,167003.63244204593,165472.23031446186,158917.75361818244
2023-12-09 16:00:00,166121.08,166238.94,161826.19,166968.18062921037,165476.37049366112,156023.2699071086
2023-12-09 17:00:00,171837.6,171883.94,169418.11,173183.94458272104,171247.36203102776,158747.95503243146
2023-12-09 18:00:00,176680.51,177824.86,176059.84,179075.99958400923,176696.01925269037,163098.46563263246
2023-12-09 19:00:00,170087.24,171065.08,168573.68,172246.5616644238,170347.20655035853,156163.09358996985
2023-12-09 20:00:00,158670.15,162178.42,158049.09,162603.16994974884,160799.86275642848,145972.96074841282
2023-12-09 21:00:00,151009.74,154327.01,150770.35,155103.56474778414,153370.22705704242,139596.01735686781
2023-12-09 22:00:00,144493.99,145873.29,144502.9,148133.60961519653,145075.084678709,135943.33929929452
2023-12-09 23:00:00,140310.55,140969.07,139050.6,143099.11009753012,140188.25862057973,132959.57025558196
2023-12-10 00:00:00,135888.22,136582.69,134439.76,135954.1637904978,137257.27296550933,135522.24846701865
2023-12-10 01:00:00,131957.86,133160.73,130850.09,132477.14134005114,133631.20248398962,131210.70027119672
2023-12-10 02:00:00,129470.3,129992.68,128406.8,129681.23047682428,130564.7176257661,127562.34207020761
2023-12-10 03:00:00,128636.81,128665.3,127533.78,128591.52383461937,129138.37523726156,125802.88221264028
2023-12-10 04:00:00,130787.09,130520.87,129129.81,130487.33745698712,130759.84122170834,127482.1416051272
2023-12-10 05:00:00,137923.32,139691.21,136685.25,138850.60166736538,139648.19742606897,133847.34828771016
2023-12-10 06:00:00,148268.67,154116.66,145465.25,151192.57624121822,152263.22609462676,141314.12512454166
2023-12-10 07:00:00,161238.62,169819.66,155985.91,164924.12928065984,165803.08546861526,149263.1505045826
2023-12-10 08:00:00,171370.83,176898.28,165082.95,172091.7484680272,172866.59808997612,155077.76103598223
2023-12-10 09:00:00,178566.48,182685.39,171214.61,177736.79774160823,177708.77184931812,160254.30044374143
2023-12-10 10:00:00,180212.25,183556.01,170819.75,178503.76460558907,178790.2849581162,162408.6033930866
2023-12-10 11:00:00,178054.61,180191.57,168036.48,175643.92040534425,175867.6091942184,161482.5917633082
2023-12-10 12:00:00,173087.71,176544.61,163834.81,171799.82459274164,172020.02678982884,159145.5523900104
2023-12-10 13:00:00,166531.91,169910.14,157295.36,164754.72521813712,164876.6931407585,154053.8209020791
2023-12-10 14:00:00,161856.69,168208.9,152726.56,161651.91135109836,161122.10141629764,150265.7518637378
2023-12-10 15:00:00,158713.82,167173.91,150634.47,160200.92915172025,159907.34463407483,147206.66482578477
2023-12-10 16:00:00,156765.62,166121.08,149763.9,159300.3601401611,158616.72492564132,143056.44382854088
2023-12-10 17:00:00,162124.97,171837.6,156110.03,164901.6457755315,163636.72759029124,146315.97458792012
2023-12-10 18:00:00,167057.23,176680.51,161004.01,169808.01838595088,168061.756920816,149777.9375769961
2023-12-10 19:00:00,160642.67,170087.24,154783.16,163514.02369720183,161420.12107071214,142725.98700120163
2023-12-10 20:00:00,151935.1,158670.15,146138.48,154135.97009075887,152373.91790566628,134048.83801844614
2023-12-10 21:00:00,144708.64,151009.74,140550.12,147431.9080608907,145834.20273224002,129118.38806537633
2023-12-10 22:00:00,139021.09,144493.99,135354.35,141370.49608910253,139573.4951247986,125835.27486959749
2023-12-10 23:00:00,135003.47,140310.55,130362.39,136880.298329355,135359.12200120548,122653.36173800033
2023-12-11 00:00:00,130909.48,135888.22,126259.66,136318.94017580774,133411.53267585722,130262.74529475236
2023-12-11 01:00:00,127780.63,131957.86,122791.17,132597.35423350905,129651.12402894809,126488.05201206621
2023-12-11 02:00:00,125235.94,129470.3,120381.58,130005.48590563616,127029.53613350577,123626.75144644896
2023-12-11 03:00:00,124612.0,128636.81,119848.53,129159.01783616179,126382.55704710739,122546.89197909026
2023-12-11 04:00:00,127862.99,130787.09,122236.19,131491.91173691445,128507.50925443378,124869.09834578051
2023-12-11 05:00:00,138248.87,137923.32,131093.91,139874.10132785837,136746.4232361567,132561.48084136948
2023-12-11 06:00:00,155061.6,148268.67,146121.85,153148.13706647526,152270.252927088,143519.0758174317
2023-12-11 07:00:00,172476.28,161238.62,161196.07,167624.23784508495,169492.7802048881,154745.2550591688
2023-12-11 08:00:00,180338.41,171370.83,168235.15,175800.1137320971,177034.96870987586,162238.07846892092
2023-12-11 09:00:00,187607.92,178566.48,172564.37,181917.50526535936,183229.1643075544,169235.89142921727
2023-12-11 10:00:00,189861.83,180212.25,172472.55,183098.89575284134,184801.84015596786,172570.4268965507
2023-12-11 11:00:00,187376.86,178054.61,170087.72,180651.48426242024,182141.3961574413,171888.17435532325
2023-12-11 12:00:00,183619.1,173087.71,165760.55,176395.6973417031,178181.45305615314,169526.8002594869
2023-12-11 13:00:00,177073.78,166531.91,159678.06,169804.46513678078,171079.6358699491,164942.93197728228
2023-12-11 14:00:00,175563.43,161856.69,158449.89,166794.8084676132,168990.87948841878,162912.87006157174
2023-12-11 15:00:00,174587.4,158713.82,158073.13,165068.70278873178,167294.48543426266,162198.72454848338
2023-12-11 16:00:00,172802.28,156765.62,158177.47,164324.99669601567,166164.56287954803,161161.18681511277
2023-12-11 17:00:00,176345.12,162124.97,165618.68,170442.81882119554,172224.16317998932,165297.9370011633
2023-12-11 18:00:00,180166.74,167057.23,170348.21,175494.6872209111,177686.13405493318,169549.85185525613
2023-12-11 19:00:00,173964.72,160642.67,162571.15,168681.50109160374,170482.32013310128,162969.10779309768
2023-12-11 20:00:00,163052.99,151935.1,152325.45,159049.34679283676,161078.40311786023,153218.232682328
2023-12-11 21:00:00,154779.79,144708.64,144895.47,151495.72570416567,153270.22186816955,146443.19037327677
2023-12-11 22:00:00,148191.2,139021.09,138290.7,144871.27925713995,145711.6350574696,142084.6239878486
2023-12-11 23:00:00,143627.63,135003.47,133233.86,140209.88064126638,140905.67408748396,138350.06773723988
2023-12-12 00:00:00,138618.16,130909.48,128910.71,137905.5406527559,136869.28988110906,139108.44017458317
2023-12-12 01:00:00,135338.56,127780.63,125506.71,134400.9863313485,133261.63103235632,135224.25902288983
2023-12-12 02:00:00,133056.72,125235.94,122940.45,131604.0179488638,130337.8305274192,131956.98119826132
2023-12-12 03:00:00,132279.52,124612.0,122233.96,130732.80188399192,129745.33634087913,130433.25794599896
2023-12-12 04:00:00,134742.42,127862.99,124218.73,133254.50650019327,132402.36435396157,132744.12255549864
2023-12-12 05:00:00,144948.58,138248.87,132958.83,142826.46996962788,141619.80500801228,140836.97631899122
2023-12-12 06:00:00,161429.2,155061.6,148119.4,158412.84521501677,157620.59004776357,152549.8310396067
2023-12-12 07:00:00,177647.03,172476.28,162981.77,174569.549233191,174550.1306809976,164081.86636669433
2023-12-12 08:00:00,183857.31,180338.41,169747.26,182153.72229295305,181754.76545193515,169385.50694086443
2023-12-12 09:00:00,190861.05,187607.92,173657.27,188171.60830445963,188805.01783108973,175194.20599543862
2023-12-12 10:00:00,193281.56,189861.83,172133.99,188914.95099856274,191393.75809915536,177888.88832243133
2023-12-12 11:00:00,190532.76,187376.86,169194.46,186186.99094007784,188441.74756591575,177032.25210962066
2023-12-12 12:00:00,186267.14,183619.1,165325.69,182286.65786333458,183994.7066050273,174277.63208877694
2023-12-12 13:00:00,178970.93,177073.78,159054.67,175580.33400912533,177634.1046539791,168481.15370305435
2023-12-12 14:00:00,178073.73,175563.43,158353.03,173973.9616956799,175464.1575371214,167217.36147215485
2023-12-12 15:00:00,176573.65,174587.4,158013.69,173014.03402001713,174517.04672841565,165982.26180945904
2023-12-12 16:00:00,175030.44,172802.28,158826.01,172212.15820924635,173568.8110949928,164327.1789587667
2023-12-12 17:00:00,177573.14,176345.12,166321.57,177812.8007662363,177310.50484571527,169679.74643714135
2023-12-12 18:00:00,180964.86,180166.74,172223.47,182853.7055569593,181669.2047954448,174396.80035436494
2023-12-12 19:00:00,174697.74,173964.72,164683.34,176133.16311142768,175489.54701164976,167983.19042415568
2023-12-12 20:00:00,163758.67,163052.99,153734.73,165025.98054796373,163926.81735952423,158453.07929992877
2023-12-12 21:00:00,155209.51,154779.79,145987.53,156941.3885232837,155799.5464091258,151599.00571155912
2023-12-12 22:00:00,148487.68,148191.2,139090.76,150175.59391883708,149009.52710528692,146691.27206705388
2023-12-12 23:00:00,143864.96,143627.63,133798.26,145267.25052120144,144642.89855025575,143515.422343414
2023-12-13 00:00:00,139701.76,138618.16,129797.7,140044.34610690645,138663.25324286005,139170.6359037168
2023-12-13 01:00:00,136102.09,135338.56,126260.94,136432.02319128014,135155.65144118702,134827.808922682
2023-12-13 02:00:00,133654.41,133056.72,123919.83,133965.60679689975,133144.13467392066,131597.27005832485
2023-12-13 03:00:00,133130.71,132279.52,123121.36,133127.9142484679,132241.59107705546,129950.39979948691
2023-12-13 04:00:00,136198.7,134742.42,125264.87,135547.37661434466,134576.95192734076,132008.71705795353
2023-12-13 05:00:00,146165.27,144948.58,134274.74,145016.86936601068,144336.94265662457,139841.7518054953
2023-12-13 06:00:00,162989.83,161429.2,149445.52,160251.3929594882,160891.35005975244,151438.81592206372
2023-12-13 07:00:00,179958.07,177647.03,165274.79,176048.03908493067,177475.7894133065,161991.45529899318
2023-12-13 08:00:00,187716.94,183857.31,172214.05,183438.46640579464,183263.04405390468,167061.52900442862
2023-12-13 09:00:00,193917.66,190861.05,177712.37,190081.290816611,190406.70961639876,172659.2176891746
2023-12-13 10:00:00,196221.97,193281.56,178695.95,191903.61591400573,191808.54639127362,175799.11103866535
2023-12-13 11:00:00,194507.81,190532.76,175429.93,189123.52488118413,189754.35755381364,174622.8766644424
2023-12-13 12:00:00,190725.76,186267.14,170687.24,184566.7641476778,185155.06095644928,171686.24334924138
2023-12-13 13:00:00,182564.12,178970.93,163466.22,177333.33523822672,177643.65450217802,165456.18619705315
2023-12-13 14:00:00,180064.09,178073.73,161803.31,175405.24922564358,176300.29470945976,163893.49169902355
2023-12-13 15:00:00,178383.7,176573.65,161126.26,173976.7367794735,175122.86862095355,163573.88896227902
2023-12-13 16:00:00,176720.26,175030.44,161903.5,173126.89367853996,173941.0135624595,162291.60120735798
2023-12-13 17:00:00,179901.4,177573.14,168483.34,177745.8082432408,177243.5362642272,167042.52820846363
2023-12-13 18:00:00,182333.74,180964.86,173773.34,182276.48854824118,180177.64282054032,171669.85758844914
2023-12-13 19:00:00,175913.79,174697.74,167015.69,175884.0119730456,174221.22216401904,164587.46399845026
2023-12-13 20:00:00,165172.33,163758.67,156772.96,165373.16322862916,163515.24112220836,154043.62056805994
2023-12-13 21:00:00,156770.35,155209.51,149315.47,157283.99240836815,154787.13116128786,147279.74085348658
2023-12-13 22:00:00,150524.27,148487.68,143015.71,150770.55364265508,148088.80787378637,142580.6256873071
2023-12-13 23:00:00,145809.37,143864.96,137722.92,145839.88312972005,143823.98143195486,138380.0269288209
2023-12-14 00:00:00,141324.01,139701.76,133432.74,140526.07659428316,140369.96141002723,141112.501528137
2023-12-14 01:00:00,137777.39,136102.09,129897.19,136911.59645209744,136605.9980527343,137206.702840929
2023-12-14 02:00:00,134970.89,133654.41,127213.85,134275.33848250407,134271.3178254363,134129.91267390066
2023-12-14 03:00:00,134193.05,133130.71,126243.91,133468.33773739444,133746.73266646077,132634.72866825416
2023-12-14 04:00:00,137339.29,136198.7,128598.2,136241.2428341221,136502.04860906745,134465.39826433224
2023-12-14 05:00:00,147797.39,146165.27,137568.55,146077.36677249274,146038.50924247637,142717.27348286135
2023-12-14 06:00:00,164343.2,162989.83,152457.48,162372.07692007098,163170.70641262332,154944.35749845847
2023-12-14 07:00:00,181519.51,179958.07,168608.83,179108.58121937627,179858.9129722757,166425.9859415909
2023-12-14 08:00:00,189719.08,187716.94,173858.83,185969.27527199598,187121.0680408335,172810.70754133494
2023-12-14 09:00:00,196667.58,193917.66,178463.26,191973.74540618956,193872.52199296176,178698.54255922543
2023-12-14 10:00:00,197552.33,196221.97,180084.58,194003.96440649577,195851.34895709212,181029.40149913303
2023-12-14 11:00:00,194758.05,194507.81,177711.99,191889.53541097,193730.41793118307,180279.50671653534
2023-12-14 12:00:00,189987.74,190725.76,173348.59,187844.35884441348,189799.83744462748,177475.89645444526
2023-12-14 13:00:00,182523.39,182564.12,163985.68,179591.55328240848,181430.10152215976,171625.9043965589
2023-12-14 14:00:00,180840.22,180064.09,160953.42,177241.36243617782,179135.7784710047,170596.45463715462
2023-12-14 15:00:00,180636.31,178383.7,160468.31,176147.11849243284,176735.14994324537,170477.64381623827
2023-12-14 16:00:00,178288.78,176720.26,160633.4,175135.46998761408,175567.08505697903,168756.57025176712
2023-12-14 17:00:00,181501.49,179901.4,165917.68,179159.40685946718,179669.88869917492,173511.1861844164
2023-12-14 18:00:00,183983.43,182333.74,171521.48,183188.6258571098,182255.64217392818,178425.7512281549
2023-12-14 19:00:00,177982.11,175913.79,164456.0,176691.533733124,176002.83052549118,171530.86536880044
2023-12-14 20:00:00,166430.55,165172.33,156825.78,166789.99055159543,165004.4682757469,160913.37112328113
2023-12-14 21:00:00,157832.07,156770.35,149918.08,158814.3350705009,156275.84888227546,154040.28714502047
2023-12-14 22:00:00,151165.96,150524.27,143544.54,152309.41476581743,149985.80788631295,149175.47614395956
2023-12-14 23:00:00,146097.23,145809.37,139221.53,147600.07347563276,145357.3931233885,145033.16166305132
2023-12-15 00:00:00,141930.99,141324.01,135175.92,142668.63257800406,141275.78155589564,140877.9919168918
2023-12-15 01:00:00,138214.02,137777.39,131822.58,139122.6894791617,137795.6501894876,136627.6746807237
2023-12-15 02:00:00,135360.87,134970.89,129446.14,136502.01406742114,135111.0363377234,133290.08873827645
2023-12-15 03:00:00,135114.04,134193.05,128463.73,135630.4792754244,134279.65531272924,131878.5690077236
2023-12-15 04:00:00,138554.04,137339.29,130975.2,138444.85897607755,137739.87169064186,134172.59266978825
2023-12-15 05:00:00,149400.6,147797.39,140004.42,148464.1603623913,148526.90548628368,142843.50005776164
2023-12-15 06:00:00,166107.71,164343.2,155199.01,164671.81943343452,164629.7075832386,155559.06194601368
2023-12-15 07:00:00,183916.88,181519.51,171088.73,181267.6975428956,181617.99019976167,167906.51506185823
2023-12-15 08:00:00,191731.03,189719.08,177344.75,188401.9824058361,189881.71970233083,173935.85300861887
2023-12-15 09:00:00,198157.37,196667.58,183576.36,195070.18859115444,196766.48170102033,179584.26367730502
2023-12-15 10:00:00,200500.45,197552.33,185080.1,196637.9486553895,198022.18078075754,183014.72544374812
2023-12-15 11:00:00,199034.5,194758.05,181734.42,193812.92518099112,195216.7743665926,181918.18648991603
2023-12-15 12:00:00,194483.95,189987.74,178325.79,189683.0419871487,190689.03558831918,179292.9423239203
2023-12-15 13:00:00,187008.46,182523.39,170672.53,182016.63227639868,183159.92956602102,172241.64794755477
2023-12-15 14:00:00,184145.69,180840.22,167364.62,179791.95825055457,180845.38859878096,169433.96433216677
2023-12-15 15:00:00,181247.93,180636.31,165901.23,178814.8112289648,180608.6820502693,168750.4744423245
2023-12-15 16:00:00,178112.6,178288.78,166238.94,177580.84323640796,178045.92932018987,167004.33635865114
2023-12-15 17:00:00,181535.06,181501.49,171883.94,181606.31252484868,181722.69882507977,171064.91832841453
2023-12-15 18:00:00,184688.33,183983.43,177824.86,185618.21716669586,183296.3691742459,175343.10581726235
2023-12-15 19:00:00,177250.0,177982.11,171065.08,179392.66588293572,177128.31421243958,167953.07182732242
2023-12-15 20:00:00,165394.23,166430.55,162178.42,168824.10372247003,165647.82325079045,157513.10775107576
2023-12-15 21:00:00,157370.89,157832.07,154327.01,160446.46897194264,157297.11645054034,151019.40250359397
2023-12-15 22:00:00,150796.59,151165.96,145873.29,153138.02976166946,150760.53443311033,146360.24497850603
2023-12-15 23:00:00,146234.67,146097.23,140969.07,148102.07859586508,145917.48022412672,142155.00288113375
2023-12-16 00:00:00,141871.07,141930.99,136582.69,142738.3074219703,142663.29392181544,142277.95518731547
2023-12-16 01:00:00,138272.22,138214.02,133160.73,139081.75786154467,139097.47044187767,138446.29019984882
2023-12-16 02:00:00,135466.05,135360.87,129992.68,136152.11455348766,136310.05941229084,135240.79784901763
2023-12-16 03:00:00,135019.85,135114.04,128665.3,135396.79100467075,136328.45630433227,133936.6436358443
2023-12-16 04:00:00,137793.06,138554.04,130520.87,138177.82809585638,139181.9492512811,136010.21195584713
2023-12-16 05:00:00,147997.11,149400.6,139691.21,148296.55677943685,149983.58760113447,143786.1443783199
2023-12-16 06:00:00,164022.75,166107.71,154116.66,164234.21635741382,165900.06300837974,155310.15938033914
2023-12-16 07:00:00,181857.91,183916.88,169819.66,181010.13344022597,183696.20491001927,166622.42290062294
2023-12-16 08:00:00,189655.52,191731.03,176898.28,188529.8408410556,191552.9479685904,172575.02750332459
2023-12-16 09:00:00,195924.05,198157.37,182685.39,194762.9122635458,198035.4621936456,179638.58435101208
2023-12-16 10:00:00,196773.92,200500.45,183556.01,196502.15245086545,199794.51898470268,182626.87729144044
2023-12-16 11:00:00,194848.07,199034.5,180191.57,194247.97038590343,197658.2836647365,181240.25970216276
2023-12-16 12:00:00,190758.11,194483.95,176544.61,190112.83782506004,193018.02605800386,178193.03383688803
2023-12-16 13:00:00,183631.84,187008.46,169910.14,182802.92426267042,185570.3021257303,172244.7977508051
2023-12-16 14:00:00,181179.04,184145.69,168208.9,180535.24911026852,182850.51599930882,170406.98488469588
2023-12-16 15:00:00,179697.99,181247.93,167173.91,178791.3801628906,180530.5030990654,169685.14674981247
2023-12-16 16:00:00,177113.06,178112.6,166121.08,176725.5590405052,177624.22465748937,167514.85643311645
2023-12-16 17:00:00,181096.7,181535.06,171837.6,180909.8775833258,181309.01942167775,171865.99258703197
2023-12-16 18:00:00,184442.11,184688.33,176680.51,184628.2355580427,184301.61646091563,176539.30730677355
2023-12-16 19:00:00,177415.64,177250.0,170087.24,177953.98520731725,177111.08082038435,169495.63721786105
2023-12-16 20:00:00,165898.51,165394.23,158670.15,166503.6516142411,165187.26633649814,159254.75413786137
2023-12-16 21:00:00,157430.05,157370.89,151009.74,158461.49776813388,157280.05710158305,152705.81637996374
2023-12-16 22:00:00,151206.96,150796.59,144493.99,151939.95702483627,151095.89358247916,148300.69917340227
2023-12-16 23:00:00,146532.71,146234.67,140310.55,147329.19190751345,146140.3869574668,144493.67294740514
2023-12-17 00:00:00,141782.25,141871.07,135888.22,139189.2267050929,141601.220700522,141728.6696989659
2023-12-17 01:00:00,137730.79,138272.22,131957.86,135509.95944937062,137920.85697960627,137510.3468727061
2023-12-17 02:00:00,135113.92,135466.05,129470.3,132820.4100186559,135051.09503524864,134208.3374420554
2023-12-17 03:00:00,134243.19,135019.85,128636.81,132167.88501805934,134460.1167940264,132655.61260586817
2023-12-17 04:00:00,137117.44,137793.06,130787.09,134751.90246481943,136768.75318759345,134447.72352560886
2023-12-17 05:00:00,145701.12,147997.11,137923.32,143830.7477294696,146338.71322885164,141439.77330009188
2023-12-17 06:00:00,157135.48,164022.75,148268.67,157657.77236564504,159244.67746077527,149746.26529080927
2023-12-17 07:00:00,172497.28,181857.91,161238.62,173185.82853198552,174003.27967674666,158769.26544588318
2023-12-17 08:00:00,183891.42,189655.52,171370.83,181616.0568256398,182169.11330930606,165435.40904613276
2023-12-17 09:00:00,191824.23,195924.05,178566.48,188182.5185069136,188069.12491479793,170651.2783802015
2023-12-17 10:00:00,192783.49,196773.92,180212.25,189363.19206607898,189704.21870360442,171790.85240846837
2023-12-17 11:00:00,190452.15,194848.07,178054.61,187296.95791669222,187516.4123266697,169766.34826947475
2023-12-17 12:00:00,186613.37,190758.11,173087.71,182904.8226595421,182982.51903675808,166733.2925356608
2023-12-17 13:00:00,179114.44,183631.84,166531.91,176032.86120782574,175845.78176894117,161274.19774474058
2023-12-17 14:00:00,174531.13,181179.04,161856.69,172987.87313567888,173178.52556965206,156790.9416307544
2023-12-17 15:00:00,170927.54,179697.99,158713.82,171129.1651258523,169547.18097693924,153809.4931904583
2023-12-17 16:00:00,167653.4,177113.06,156765.62,168818.5457778942,167221.55936968332,150321.26927006672
2023-12-17 17:00:00,170088.32,181096.7,162124.97,172937.3422116615,170352.917940593,154760.48017988433
2023-12-17 18:00:00,173623.69,184442.11,167057.23,176608.7617453257,175011.72293352406,158508.05744642895
2023-12-17 19:00:00,166778.4,177415.64,160642.67,170309.23360321668,168459.0180000766,151366.254967998
2023-12-17 20:00:00,156437.79,165898.51,151935.1,159980.86410851165,157991.30745629955,142711.7992307889
2023-12-17 21:00:00,149126.78,157430.05,144708.64,152189.17702225322,150430.68544890138,137659.7494624502
2023-12-17 22:00:00,142759.68,151206.96,139021.09,146192.83547221354,144552.77894521027,133552.537659684
2023-12-17 23:00:00,138003.0,146532.71,135003.47,141697.00236138664,140392.57363925106,129781.18232461391
2023-12-18 00:00:00,133378.04,141782.25,130909.48,140628.5421937008,136539.53874394798,133056.29643546385
2023-12-18 01:00:00,130255.18,137730.79,127780.63,136924.48787580672,132894.47862872062,129158.7714381754
2023-12-18 02:00:00,127760.91,135113.92,125235.94,134219.2013742978,130125.91385648042,126142.25004156263
2023-12-18 03:00:00,127500.74,134243.19,124612.0,133551.8575212939,129715.67192534977,125155.02803963513
2023-12-18 04:00:00,130289.64,137117.44,127862.99,136626.76004990397,132573.08820233314,127453.27042936566
2023-12-18 05:00:00,141116.59,145701.12,138248.87,146420.8312543653,143653.26331997607,135161.22313888813
2023-12-18 06:00:00,159048.84,157135.48,155061.6,161155.18292649966,160204.45603656207,146775.01726914055
2023-12-18 07:00:00,180085.24,172497.28,172476.28,177802.13858196634,179335.51140087916,159072.3012960257
2023-12-18 08:00:00,190583.83,183891.42,180338.41,186909.6541021567,189794.92284117214,167210.02534604038
2023-12-18 09:00:00,198255.9,191824.23,187607.92,194083.52986122525,197605.48578839956,173155.6816759602
2023-12-18 10:00:00,200771.76,192783.49,189861.83,195685.4429641248,199862.82852048427,175401.35641803572
2023-12-18 11:00:00,196897.86,190452.15,187376.86,193540.2507144799,198551.15747043557,174397.42842171915
2023-12-18 12:00:00,191224.52,186613.37,183619.1,189571.47802418494,193796.22084973502,171768.34277819187
2023-12-18 13:00:00,184155.8,179114.44,177073.78,182466.72107668043,186734.9300778075,166905.122438818
2023-12-18 14:00:00,181616.53,174531.13,175563.43,179512.02302881607,182254.99763644126,164830.73763345572
2023-12-18 15:00:00,181437.52,170927.54,174587.4,177202.15706229338,179895.44682486085,163710.3829613181
2023-12-18 16:00:00,180140.3,167653.4,172802.28,174595.94224308908,176491.74816440124,162947.37032138064
2023-12-18 17:00:00,183064.86,170088.32,176345.12,177814.82087957222,180049.5544270237,168308.357440392
2023-12-18 18:00:00,185118.2,173623.69,180166.74,181444.47858616387,183207.96721228695,172565.27468863653
2023-12-18 19:00:00,177251.7,166778.4,173964.72,174856.5522141182,176562.19308514087,165247.56833787568
2023-12-18 20:00:00,165552.18,156437.79,163052.99,163975.84865579943,165094.13362186216,155424.5031714598
2023-12-18 21:00:00,157321.34,149126.78,154779.79,156092.74188234037,156734.63016692994,149043.3615597832
2023-12-18 22:00:00,150028.82,142759.68,148191.2,149601.91195312995,150053.79814775081,143939.46976835848
2023-12-18 23:00:00,144956.52,138003.0,143627.63,144886.02193664125,145275.574200394,139835.23530451857
2023-12-19 00:00:00,139872.76,133378.04,138618.16,140491.07069314652,141013.38960912204,140219.33876236485
2023-12-19 01:00:00,136703.52,130255.18,135338.56,137065.77366041698,137591.5176429557,136256.41042052786
2023-12-19 02:00:00,134401.62,127760.91,133056.72,134502.71112399804,135218.25638794035,132925.629995892
2023-12-19 03:00:00,133728.82,127500.74,132279.52,133931.85294415732,134565.39740402572,131553.47973152113
2023-12-19 04:00:00,136785.38,130289.64,134742.42,136590.27408007582,137061.74650792804,133685.61956364723
2023-12-19 05:00:00,147317.34,141116.59,144948.58,146917.1446415267,147768.3262546326,141833.8398297905
2023-12-19 06:00:00,165246.77,159048.84,161429.2,163488.06728403326,163251.73423827573,154302.42786237245
2023-12-19 07:00:00,184320.79,180085.24,177647.03,181675.20751244616,182190.75021102786,167095.88735117126
2023-12-19 08:00:00,193655.56,190583.83,183857.31,190216.360562479,192530.7972715661,173226.46944581243
2023-12-19 09:00:00,200214.57,198255.9,190861.05,197307.65461491304,199688.91043419842,178415.84406447684
2023-12-19 10:00:00,202181.82,200771.76,193281.56,199214.32763331672,202054.63568788976,179655.44929278898
2023-12-19 11:00:00,198463.26,196897.86,190532.76,196272.59550609172,198258.7397263296,178151.56203530706
2023-12-19 12:00:00,193217.03,191224.52,186267.14,191585.21214420235,193468.3405130686,174847.95635950525
2023-12-19 13:00:00,186193.34,184155.8,178970.93,184413.99671796485,186099.00987962986,168895.2156345834
2023-12-19 14:00:00,184229.9,181616.53,178073.73,182334.59400755278,183466.50607708163,167245.7990848305
2023-12-19 15:00:00,182957.79,181437.52,176573.65,181209.10123034133,183068.45389184152,166005.3688408849
2023-12-19 16:00:00,182657.15,180140.3,175030.44,179483.52928979695,181317.54069020267,165034.2811421497
2023-12-19 17:00:00,185157.37,183064.86,177573.14,182558.0926351052,183927.19145320414,171288.0248977244
2023-12-19 18:00:00,188205.55,185118.2,180964.86,185624.55330758498,187040.4565843834,176328.83857748893
2023-12-19 19:00:00,180970.27,177251.7,174697.74,178722.35485815202,179038.1577187221,169793.43080237333
2023-12-19 20:00:00,168785.75,165552.18,163758.67,167418.5207890892,166802.66744943094,160293.42831028518
2023-12-19 21:00:00,159414.2,157321.34,155209.51,159082.38545827774,158319.99220450048,152989.35899893616
2023-12-19 22:00:00,151737.41,150028.82,148487.68,152224.73281605882,151092.9641010688,147095.70106525603
2023-12-19 23:00:00,146696.98,144956.52,143864.96,147322.5635877603,146342.33105389323,143560.14890580953
2023-12-20 00:00:00,141621.92,139872.76,139701.76,143006.63101536033,141239.09103546743,141816.3266512537
2023-12-20 01:00:00,137609.64,136703.52,136102.09,139437.11734074022,137644.86617567966,137434.73786293308
2023-12-20 02:00:00,135157.11,134401.62,133654.41,136938.83824811867,135226.63894607377,134319.58504599213
2023-12-20 03:00:00,134513.62,133728.82,133130.71,136264.82832756394,134508.1210244305,132835.6734503586
2023-12-20 04:00:00,137798.68,136785.38,136198.7,139245.5455438083,137409.22888674404,134880.3080039081
2023-12-20 05:00:00,148224.75,147317.34,146165.27,149316.67765466066,148011.26261303475,142907.72112606477
2023-12-20 06:00:00,166296.89,165246.77,162989.83,165743.04527003405,165394.5101045891,155438.20004036982
2023-12-20 07:00:00,186783.74,184320.79,179958.07,183541.6473898005,184457.2730621811,167596.29167414017
2023-12-20 08:00:00,195346.41,193655.56,187716.94,192720.87715936828,193344.59810128363,173390.57468809112
2023-12-20 09:00:00,203387.55,200214.57,193917.66,199519.6293372698,199892.26249772095,178743.02267183294
2023-12-20 10:00:00,205119.92,202181.82,196221.97,201463.09681053014,202355.6811153783,181013.1084909671
2023-12-20 11:00:00,201163.06,198463.26,194507.81,198685.62548398686,198896.31934766003,179017.83939635957
2023-12-20 12:00:00,197459.32,193217.03,190725.76,194154.4328171161,194462.17466362286,175433.1986471942
2023-12-20 13:00:00,190582.94,186193.34,182564.12,186635.28895022778,186877.9831671062,168997.54373051322
2023-12-20 14:00:00,188523.29,184229.9,180064.09,183999.97220497235,185026.70883295988,166903.7473588731
2023-12-20 15:00:00,185437.66,182957.79,178383.7,182288.49878268197,183192.49107715304,166406.37263678608
2023-12-20 16:00:00,182602.6,182657.15,176720.26,180921.37126618274,182065.95479051222,165983.38151462685
2023-12-20 17:00:00,184284.34,185157.37,179901.4,183763.9097280566,184599.93188892453,171301.55108515298
2023-12-20 18:00:00,186993.82,188205.55,182333.74,186792.11701332248,187360.3266382405,176018.19202112907
2023-12-20 19:00:00,181419.85,180970.27,175913.79,180051.89270126034,180454.76038819912,169060.32915552313
2023-12-20 20:00:00,170956.56,168785.75,165172.33,168739.26266681575,168299.88930228847,158611.22268641382
2023-12-20 21:00:00,161931.66,159414.2,156770.35,160152.800288013,159252.02104868507,151408.67358037896
2023-12-20 22:00:00,154106.44,151737.41,150524.27,153222.90050327446,151908.90979413263,146066.5406866783
2023-12-20 23:00:00,148273.18,146696.98,145809.37,148252.12057267426,146941.32365294464,141491.4424207202
2023-12-21 00:00:00,143213.57,141621.92,141324.01,142979.0272890255,142560.7937177502,142882.52813668642
2023-12-21 01:00:00,138942.99,137609.64,137777.39,139286.23066133243,139002.12178263304,138439.94970299138
2023-12-21 02:00:00,136294.98,135157.11,134970.89,136642.81363179625,136247.3905750988,135027.00573225413
2023-12-21 03:00:00,135477.27,134513.62,134193.05,135964.7749048848,135462.19407617272,133335.02148081549
2023-12-21 04:00:00,139588.71,137798.68,137339.29,139062.116230651,138765.02136540264,135041.79127207553
2023-12-21 05:00:00,150340.77,148224.75,147797.39,149588.80464974395,149421.40860544337,143378.3154694718
2023-12-21 06:00:00,168003.06,166296.89,164343.2,167051.80723547225,167379.4593270288,156356.31188784153
2023-12-21 07:00:00,184971.86,186783.74,181519.51,186242.55124850952,187288.33527961455,169452.55787377327
2023-12-21 08:00:00,192630.88,195346.41,189719.08,194911.5121205784,196104.3600660207,175724.9893253728
2023-12-21 09:00:00,200762.56,203387.55,196667.58,202288.14578119587,204415.1453947269,181134.18028189917
2023-12-21 10:00:00,203794.06,205119.92,197552.33,203965.94705345883,206079.07735394227,182690.19086304237
2023-12-21 11:00:00,202479.0,201163.06,194758.05,200560.93493422584,201813.24579556222,181347.71006663478
2023-12-21 12:00:00,199115.94,197459.32,189987.74,196036.2482033226,198063.9349465905,177717.81806729164
2023-12-21 13:00:00,192109.09,190582.94,182523.39,188779.33912699475,191284.80362098207,170935.70188679785
2023-12-21 14:00:00,189419.54,188523.29,180840.22,186704.5767676652,189298.99579892735,169073.4165491565
2023-12-21 15:00:00,185890.49,185437.66,180636.31,185313.6852460734,186521.96628425497,168607.59372646039
2023-12-21 16:00:00,182302.36,182602.6,178288.78,183195.89081012268,183795.45013746276,167318.86655685655
2023-12-21 17:00:00,182105.15,184284.34,181501.49,185720.6469617689,185504.61735714728,172494.11143860026
2023-12-21 18:00:00,184463.41,186993.82,183983.43,188465.10830370567,188028.73807233767,177451.80764614273
2023-12-21 19:00:00,182511.35,181419.85,177982.11,182347.4077860885,181876.39043532478,170152.10383462804
2023-12-21 20:00:00,172628.47,170956.56,166430.55,171308.80936664785,170968.9468295955,160199.93908265993
2023-12-21 21:00:00,163653.81,161931.66,157832.07,162591.58513930446,162177.0845960224,153298.42720166943
2023-12-21 22:00:00,155264.42,154106.44,151165.96,155295.4087633107,154296.03105124133,147747.88537948488
2023-12-21 23:00:00,150025.62,148273.18,146097.23,149928.50913227166,148833.84894382863,143243.77974637048
2023-12-22 00:00:00,145188.38,143213.57,141930.99,144875.87064578902,143477.0535865939,145105.29188181506
2023-12-22 01:00:00,141165.52,138942.99,138214.02,140974.15686842223,139236.49416217828,140551.34894864706
2023-12-22 02:00:00,138188.31,136294.98,135360.87,138286.14157547738,136994.25269908912,137385.23162244938
2023-12-22 03:00:00,137533.27,135477.27,135114.04,137645.29727944342,136051.64575308136,136069.18074377204
2023-12-22 04:00:00,140937.15,139588.71,138554.04,141209.1742386843,139926.57128464614,138405.1478265297
2023-12-22 05:00:00,151308.17,150340.77,149400.6,151901.1543166602,150734.08492320616,147185.90168152706
2023-12-22 06:00:00,168778.56,168003.06,166107.71,169253.72205725205,168240.77451093445,160599.4465386372
2023-12-22 07:00:00,187239.56,184971.86,183916.88,187053.5237566931,186011.56864707728,174148.0770051098
2023-12-22 08:00:00,192910.6,192630.88,191731.03,195037.52831882154,194185.69405048134,180594.38473676663
2023-12-22 09:00:00,202396.45,200762.56,198157.37,202278.09881546328,202022.74978421823,186378.37185566156
2023-12-22 10:00:00,206230.58,203794.06,200500.45,204757.1128519862,204882.6657161438,189268.4353247832
2023-12-22 11:00:00,207204.5,202479.0,199034.5,202699.83580928535,203374.76177334832,187340.4653848962
2023-12-22 12:00:00,204533.77,199115.94,194483.95,198627.58601892632,199837.21104893595,184064.54343324775
2023-12-22 13:00:00,197134.77,192109.09,187008.46,191447.51476205932,192525.63553098563,176630.82555946286
2023-12-22 14:00:00,192234.26,189419.54,184145.69,188860.54459449768,189636.38435046203,173418.31009788692
2023-12-22 15:00:00,188220.23,185890.49,181247.93,186088.88909961394,186099.27131590626,172267.38842089794
2023-12-22 16:00:00,183946.39,182302.36,178112.6,183437.50310997752,182631.1305366389,171173.58492041082
2023-12-22 17:00:00,183493.02,182105.15,181535.06,185206.6728086228,183433.28767068472,176432.65589016653
2023-12-22 18:00:00,186424.96,184463.41,184688.33,188189.2894107099,186513.19007111556,181457.6699577653
2023-12-22 19:00:00,181702.96,182511.35,177250.0,183233.280780058,182051.77985623738,174270.23283504386
2023-12-22 20:00:00,170990.76,172628.47,165394.23,172316.1229081927,171703.24824130154,163721.5478500295
2023-12-22 21:00:00,162187.03,163653.81,157370.89,163590.18912746423,162748.93330827463,156693.49851627022
2023-12-22 22:00:00,155788.25,155264.42,150796.59,155939.50470830651,154683.2876080859,150682.48522876584
2023-12-22 23:00:00,150882.3,150025.62,146234.67,150876.3948458338,149714.06110497878,146183.7773975972
2023-12-23 00:00:00,145778.84,145188.38,141871.07,145668.45871514382,145915.36681740187,146717.31901051907
2023-12-23 01:00:00,141870.38,141165.52,138272.22,141734.65249706263,141569.57506345282,142929.90299629554
2023-12-23 02:00:00,139223.83,138188.31,135466.05,138865.89145724717,138576.89826521714,139908.6780852035
2023-12-23 03:00:00,138795.98,137533.27,135019.85,138196.0485755518,137837.90280215358,138605.55863651467
2023-12-23 04:00:00,142273.93,140937.15,137793.06,141347.8337260607,141491.63719827787,140688.78809451073
2023-12-23 05:00:00,152055.75,151308.17,147997.11,151681.69986772846,151408.77484493091,148758.47124906917
2023-12-23 06:00:00,167165.71,168778.56,164022.75,168664.1791247993,168290.36586942032,161154.55716321224
2023-12-23 07:00:00,182261.66,187239.56,181857.91,186946.5908029839,186669.47786974692,174118.213080721
2023-12-23 08:00:00,191015.55,192910.6,189655.52,194008.4041553085,193290.23724187107,180673.38153036518
2023-12-23 09:00:00,201989.76,202396.45,195924.05,201932.05107372286,201644.16301110448,187849.53563989687
2023-12-23 10:00:00,204677.1,206230.58,196773.92,204279.9205514336,205679.20657355353,190271.89486251664
2023-12-23 11:00:00,203973.33,207204.5,194848.07,203096.3673133414,205956.9137304346,188199.80397548768
2023-12-23 12:00:00,200609.57,204533.77,190758.11,199712.89659841039,203045.67744840632,184520.792408817
2023-12-23 13:00:00,192752.88,197134.77,183631.84,192575.7730485018,196018.8468508771,178092.96645501582
2023-12-23 14:00:00,190082.3,192234.26,181179.04,189317.95764458278,191032.6629793597,176104.98268334218
2023-12-23 15:00:00,187214.07,188220.23,179697.99,186476.19630177045,187357.7720355791,175366.01597638533
2023-12-23 16:00:00,183558.02,183946.39,177113.06,183172.65450531035,183055.6441717617,173518.72612293492
2023-12-23 17:00:00,183333.37,183493.02,181096.7,184722.8085243528,183124.4887324784,178819.41903723398
2023-12-23 18:00:00,185281.3,186424.96,184442.11,187824.26810321552,186012.78847254015,183530.4851046902
2023-12-23 19:00:00,179951.59,181702.96,177415.64,182576.4707823656,181426.93367279327,176363.14779988438
2023-12-23 20:00:00,168570.02,170990.76,165898.51,171711.3720528544,170389.40577915337,165374.12264191074
2023-12-23 21:00:00,160185.69,162187.03,157430.05,163007.55618535503,161900.0116977028,158244.43801758398
2023-12-23 22:00:00,153428.6,155788.25,151206.96,156251.39316094,155261.2463539589,153070.4590050606
2023-12-23 23:00:00,148735.04,150882.3,146532.71,151233.46622959754,150280.06973150367,149118.96009981117
2023-12-24 00:00:00,144657.4,145778.84,141782.25,142669.69824969047,145327.96081900215,143982.24325227548
2023-12-24 01:00:00,141006.61,141870.38,137730.79,138683.91232011217,141202.52476218514,139767.04083055383
2023-12-24 02:00:00,138139.33,139223.83,135113.92,136038.17197153214,138571.14021836896,136574.42575083137
2023-12-24 03:00:00,137470.03,138795.98,134243.19,135346.05883388844,137975.46934781456,135208.40443177358
2023-12-24 04:00:00,140659.51,142273.93,137117.44,138590.4169643159,141665.0005442142,137003.8461808294
2023-12-24 05:00:00,148444.89,152055.75,145701.12,147903.26936718973,150684.04202134206,143889.92965971137
2023-12-24 06:00:00,159249.81,167165.71,157135.48,162004.52652065214,163100.08017926448,152403.88972516725
2023-12-24 07:00:00,173201.24,182261.66,172497.28,177288.04655767305,176992.5250264549,162885.54528441478
2023-12-24 08:00:00,183826.29,191015.55,183891.42,186166.00080756703,186721.74532792167,171323.11957449172
2023-12-24 09:00:00,194296.79,201989.76,191824.23,195148.643718868,195873.438261236,177943.3750670639
2023-12-24 10:00:00,198736.71,204677.1,192783.49,197412.18905342056,197490.38673641375,179512.88181265804
2023-12-24 11:00:00,196853.81,203973.33,190452.15,196246.5175728914,196762.64414003785,177587.79591575268
2023-12-24 12:00:00,192852.63,200609.57,186613.37,192821.5570139165,193850.23165687057,173789.12498074304
2023-12-24 13:00:00,185834.68,192752.88,179114.44,185531.42811919557,185921.49553372624,167496.02573435233
2023-12-24 14:00:00,181260.56,190082.3,174531.13,182115.7393867815,181446.60299100383,162871.88058695942
2023-12-24 15:00:00,177248.33,187214.07,170927.54,178904.05748884514,177218.17063177406,159572.20115270268
2023-12-24 16:00:00,172301.12,183558.02,167653.4,175461.32587024634,173413.66605796205,156341.54084443706
2023-12-24 17:00:00,172551.92,183333.37,170088.32,176204.642528317,173790.76420422381,161505.6512064948
2023-12-24 18:00:00,174219.22,185281.3,173623.69,178908.1892565364,176008.04751499504,165883.22490871834
2023-12-24 19:00:00,168116.0,179951.59,166778.4,174057.53741935274,170842.21088362398,158962.94082466263
2023-12-24 20:00:00,159095.28,168570.02,156437.79,163715.03725489334,160836.30742442043,149856.1322439657
2023-12-24 21:00:00,152571.27,160185.69,149126.78,155739.51722324055,153213.7951544386,143950.71931581103
2023-12-24 22:00:00,146752.35,153428.6,142759.68,149049.33732160943,147006.4038107787,139090.07262765284
2023-12-24 23:00:00,142679.6,148735.04,138003.0,144332.26953818803,142125.4758960809,134935.35160049165
2023-12-25 00:00:00,138745.13,144657.4,133378.04,140596.83233365073,138812.8349386025,138576.70449606332
2023-12-25 01:00:00,135803.09,141006.61,130255.18,137051.95363258108,135232.584066672,135311.47316788547
2023-12-25 02:00:00,133220.72,138139.33,127760.91,134310.06121067205,131988.49590894076,132893.19820206938
2023-12-25 03:00:00,132657.19,137470.03,127500.74,133765.6698146314,131644.04614140218,132426.62341394034
2023-12-25 04:00:00,135700.67,140659.51,130289.64,136836.60217387287,134768.1574910523,135276.1377634966
2023-12-25 05:00:00,143802.43,148444.89,141116.59,146193.6684383668,144573.50034161535,144088.7281895702
2023-12-25 06:00:00,155734.61,159249.81,159048.84,160796.97143288451,160785.93735339076,157896.8473622743
2023-12-25 07:00:00,172153.76,173201.24,180085.24,177584.7277797663,176689.28089587938,172534.36861710428
2023-12-25 08:00:00,186870.29,183826.29,190583.83,186710.57436963948,186724.09429273498,180672.20733376587
2023-12-25 09:00:00,198794.97,194296.79,198255.9,195820.44319488897,193390.60772182833,187078.40636959512
2023-12-25 10:00:00,204325.02,198736.71,200771.76,199257.1399830505,196614.14316517935,189258.62035123474
2023-12-25 11:00:00,204123.46,196853.81,196897.86,197469.45588017977,197414.44333447792,187658.41358862974
2023-12-25 12:00:00,200363.63,192852.63,191224.52,193404.62772199546,195211.49718359398,184424.79619789097
2023-12-25 13:00:00,193260.11,185834.68,184155.8,186413.6112361191,187715.6833627924,178877.25381655002
2023-12-25 14:00:00,189209.08,181260.56,181616.53,182812.724624565,182610.58883130102,177259.65896207246
2023-12-25 15:00:00,187248.51,177248.33,181437.52,180266.47308399712,177609.61434755288,176278.6311112285
2023-12-25 16:00:00,183695.4,172301.12,180140.3,176839.75455845482,175438.1932643515,175436.5811132914
2023-12-25 17:00:00,182977.55,172551.92,183064.86,177774.82604041533,178181.95606856962,180554.87419083464
2023-12-25 18:00:00,183652.79,174219.22,185118.2,179927.60168499462,179980.1521362939,184456.9101394763
2023-12-25 19:00:00,176727.84,168116.0,177251.7,173973.7149847956,170941.3785865333,177082.1995471992
2023-12-25 20:00:00,166101.41,159095.28,165552.18,163774.45757697753,159561.54505610242,166427.8637430204
2023-12-25 21:00:00,159235.76,152571.27,157321.34,156205.83779311212,151499.81796237145,159078.91815920113
2023-12-25 22:00:00,152992.93,146752.35,150028.82,149847.0427707705,144964.44478510646,153230.7617382767
2023-12-25 23:00:00,149076.62,142679.6,144956.52,145297.33350321365,140912.27588519428,148810.44601969188
2023-12-26 00:00:00,144659.89,138745.13,139872.76,144040.03928917227,142524.26000659703,145176.89276053788
2023-12-26 01:00:00,140809.02,135803.09,136703.52,140705.2150944647,138833.43148955263,142112.22885171184
2023-12-26 02:00:00,138375.59,133220.72,134401.62,138129.1564147638,135959.9709058278,139690.02369714616
2023-12-26 03:00:00,137923.05,132657.19,133728.82,137496.2432497819,135386.47135633646,138943.9537996107
2023-12-26 04:00:00,141058.01,135700.67,136785.38,140609.15333077137,138802.6305749173,141422.53598752012
2023-12-26 05:00:00,150023.72,143802.43,147317.34,149952.88146388019,148888.79209040815,150479.12410628106
2023-12-26 06:00:00,164142.49,155734.61,165246.77,164589.76605778775,163230.9548999435,164967.07658626643
2023-12-26 07:00:00,181803.67,172153.76,184320.79,181396.9755057721,179725.37304109026,179570.68427972402
2023-12-26 08:00:00,192026.07,186870.29,193655.56,192517.99615777947,190495.15944346003,185775.6787889229
2023-12-26 09:00:00,202005.47,198794.97,200214.57,202210.20111688005,200439.14112811175,191447.55361125804
2023-12-26 10:00:00,207524.1,204325.02,202181.82,205886.1617294408,205565.53132162895,192637.93255769872
2023-12-26 11:00:00,206798.07,204123.46,198463.26,204277.47142408526,205307.00400381157,190636.43665340275
2023-12-26 12:00:00,202295.96,200363.63,193217.03,200104.59803177897,201400.02437810405,186935.25708316168
2023-12-26 13:00:00,195364.14,193260.11,186193.34,192880.67850879757,193697.42701027833,180206.1529080735
2023-12-26 14:00:00,192321.16,189209.08,184229.9,189866.998486854,190453.00593361995,179112.1977081288
2023-12-26 15:00:00,191625.87,187248.51,182957.79,187821.53259130442,188471.38880217492,178331.05620702042
2023-12-26 16:00:00,187927.65,183695.4,182657.15,185207.43159624012,184496.03648358534,177844.28283293717
2023-12-26 17:00:00,187333.23,182977.55,185157.37,185745.17922890675,184016.44946008344,183119.12982877312
2023-12-26 18:00:00,188594.1,183652.79,188205.55,187667.45390649102,186121.0257635382,187436.10949554373
2023-12-26 19:00:00,182699.88,176727.84,180970.27,181261.04130887392,179463.74355105776,180980.96514434202
2023-12-26 20:00:00,171443.59,166101.41,168785.75,170120.60681479,168602.59160993915,170938.212899565
2023-12-26 21:00:00,163545.01,159235.76,159414.2,162084.6941416148,160716.99577907423,162961.50494028418
2023-12-26 22:00:00,156852.85,152992.93,151737.41,155284.1574789994,154235.80049078955,156397.06405003063
2023-12-26 23:00:00,151948.78,149076.62,146696.98,150768.99328999067,149922.2927934848,152483.17120779085
2023-12-27 00:00:00,146865.78,144659.89,141621.92,146701.73525499663,144755.36805316497,147368.49124403848
2023-12-27 01:00:00,143295.55,140809.02,137609.64,142829.63872340936,141082.9236130094,143296.50524642278
2023-12-27 02:00:00,140899.59,138375.59,135157.11,140226.23301338128,138517.79090596066,140424.61953463976
2023-12-27 03:00:00,140523.24,137923.05,134513.62,139620.1984626647,137968.3256957636,139331.4325574752
2023-12-27 04:00:00,143397.65,141058.01,137798.68,142820.68978400854,141195.59961236845,141618.0514430055
2023-12-27 05:00:00,152794.83,150023.72,148224.75,152147.68020862696,150063.89857787866,150318.22865113209
2023-12-27 06:00:00,167539.88,164142.49,166296.89,167050.2566160834,165749.7483194159,164451.63599055004
2023-12-27 07:00:00,185252.97,181803.67,186783.74,184853.98190829883,183880.2537677826,178223.60191416775
2023-12-27 08:00:00,194610.31,192026.07,195346.41,194833.5036845373,193680.37037097968,184308.60097746665
2023-12-27 09:00:00,204680.94,202005.47,203387.55,204268.55532423485,202993.29869050774,189792.68336501054
2023-12-27 10:00:00,208563.23,207524.1,205119.92,208262.81749318176,207374.7722597291,191927.3722051052
2023-12-27 11:00:00,206540.24,206798.07,201163.06,206354.4579376357,206061.43438271948,190016.45629354997
2023-12-27 12:00:00,202810.21,202295.96,197459.32,202300.32351529473,201887.97810718074,186230.22457472244
2023-12-27 13:00:00,195728.15,195364.14,190582.94,195263.4035603093,194802.65951947036,179054.9748216842
2023-12-27 14:00:00,193534.42,192321.16,188523.29,192211.84574027173,191596.72319297813,176935.74410407507
2023-12-27 15:00:00,191662.0,191625.87,185437.66,190015.604862522,189877.25575509615,176159.77460885682
2023-12-27 16:00:00,188671.29,187927.65,182602.6,186430.25948156352,186761.43000829202,175533.50439661078
2023-12-27 17:00:00,188051.85,187333.23,184284.34,186808.1808137579,186719.7774573913,180549.48910776633
2023-12-27 18:00:00,189383.87,188594.1,186993.82,188677.3424521985,188556.81313224568,184821.54312966697
2023-12-27 19:00:00,183897.0,182699.88,181419.85,182934.4018757043,182556.6223819778,177871.85246921127
2023-12-27 20:00:00,172651.09,171443.59,170956.56,172361.8723707925,171706.65073217143,167070.53669679907
2023-12-27 21:00:00,164620.72,163545.01,161931.66,164333.11265910292,163038.9080061161,159413.8902217265
2023-12-27 22:00:00,157335.04,156852.85,154106.44,157451.73587394634,156015.36459336095,153588.5169196446
2023-12-27 23:00:00,152263.25,151948.78,148273.18,152415.84988922125,151247.6225901698,148817.89022738388
2023-12-28 00:00:00,147274.69,146865.78,143213.57,146646.56789277264,146722.829899805,147609.25282092614
2023-12-28 01:00:00,143259.99,143295.55,138942.99,142877.74134656216,142690.760186841,143544.7239475067
2023-12-28 02:00:00,140334.24,140899.59,136294.98,140284.74444188847,140203.7378262784,140616.71156009482
2023-12-28 03:00:00,139337.0,140523.24,135477.27,139669.35472020356,140022.41548387342,139376.62165488402
2023-12-28 04:00:00,142217.59,143397.65,139588.71,143001.17725660282,143194.93117802904,141794.7725848604
2023-12-28 05:00:00,151522.26,152794.83,150340.77,152669.5609309393,152710.60475342002,150815.60022331975
2023-12-28 06:00:00,167066.08,167539.88,168003.06,167909.7167901231,168274.38936652362,165269.47505968236
2023-12-28 07:00:00,185149.48,185252.97,184971.86,185065.1844242889,185897.7704658963,179776.52395020818
2023-12-28 08:00:00,195847.69,194610.31,192630.88,194791.3473678952,194948.2245489156,186365.18850647076
2023-12-28 09:00:00,204945.91,204680.94,200762.56,204384.76783552955,204851.71328017447,191898.8336304206
2023-12-28 10:00:00,209165.47,208563.23,203794.06,208273.31630173666,209115.02714133743,193100.6337272768
2023-12-28 11:00:00,207446.52,206540.24,202479.0,206904.33604553077,206783.74504661676,190978.14270424368
2023-12-28 12:00:00,204704.51,202810.21,199115.94,203196.34029963607,203099.23411408384,186906.34098489952
2023-12-28 13:00:00,197367.07,195728.15,192109.09,196143.3572414583,195963.78058127002,179656.4323794923
2023-12-28 14:00:00,196414.03,193534.42,189419.54,193440.18009581682,193683.73847288516,177732.30375468894
2023-12-28 15:00:00,194656.76,191662.0,185890.49,191228.4088440892,191197.16189092258,177141.09432700064
2023-12-28 16:00:00,190611.61,188671.29,182302.36,187890.03472230455,188608.7156729113,176133.96900467845
2023-12-28 17:00:00,188051.84,188051.85,182105.15,187514.43906996804,187057.1495283158,181087.34430709173
2023-12-28 18:00:00,189676.1,189383.87,184463.41,189161.03341167548,188993.71887971423,185619.47022412013
2023-12-28 19:00:00,183867.01,183897.0,182511.35,184670.13927367554,184389.70911552352,178711.1480711358
2023-12-28 20:00:00,173742.75,172651.09,172628.47,173975.9307003894,173434.30932799098,168403.73204010166
2023-12-28 21:00:00,166354.6,164620.72,163653.81,165822.66854362338,165103.3966302831,161001.1192516936
2023-12-28 22:00:00,158539.85,157335.04,155264.42,158465.03042070192,157309.87667962085,154924.95711490902
2023-12-28 23:00:00,153552.6,152263.25,150025.62,153525.22041897857,152389.1235519033,150163.67780437478
2023-12-29 00:00:00,148553.84,147274.69,145188.38,149054.05680300074,147370.67056997158,149093.22095747766
2023-12-29 01:00:00,145129.59,143259.99,141165.52,145044.37144406897,143682.07708994756,145465.50738568892
2023-12-29 02:00:00,141945.02,140334.24,138188.31,142169.9784114424,140669.86698933746,142690.44495617918
2023-12-29 03:00:00,141508.75,139337.0,137533.27,141427.84531777984,139662.056879271,141854.26177955588
2023-12-29 04:00:00,144389.67,142217.59,140937.15,144553.87576618325,142799.1432588915,144613.89364312805
2023-12-29 05:00:00,153522.49,151522.26,151308.17,154297.7380241148,152495.17910623358,154138.26916919622
2023-12-29 06:00:00,168908.91,167066.08,168778.56,170258.5900108557,168534.5430208469,168901.65045508117
2023-12-29 07:00:00,186914.49,185149.48,187239.56,188308.3968207589,186629.37556254788,184180.2408124023
2023-12-29 08:00:00,195423.88,195847.69,192910.6,197060.82499548778,196527.5034859107,190882.76222356976
2023-12-29 09:00:00,205482.48,204945.91,202396.45,206366.8959110855,205938.8967970027,196624.27707849263
2023-12-29 10:00:00,210720.72,209165.47,206230.58,210574.61731405306,209793.58281178115,199044.1741755342
2023-12-29 11:00:00,210133.72,207446.52,207204.5,209882.74420888597,209335.35128076852,196982.03667773373
2023-12-29 12:00:00,207443.8,204704.51,204533.77,206686.49256846416,206036.84619298848,193319.68888519082
2023-12-29 13:00:00,201526.79,197367.07,197134.77,199427.70797841973,198786.66919491833,185842.55348663044
2023-12-29 14:00:00,198631.79,196414.03,192234.26,196686.10284110694,196533.30262328542,182703.23683274564
2023-12-29 15:00:00,195858.37,194656.76,188220.23,194353.15228926763,194342.3022925124,181393.53229102012
2023-12-29 16:00:00,190718.45,190611.61,183946.39,190394.74855007834,190381.21644500733,180023.44560003612
2023-12-29 17:00:00,188632.19,188051.84,183493.02,189251.98365381852,187976.25676325528,185534.51674678622
2023-12-29 18:00:00,188402.81,189676.1,186424.96,191332.37363298307,189739.49860463804,190149.04949031444
2023-12-29 19:00:00,183312.09,183867.01,181702.96,186000.56047659417,184173.14724112354,182853.23006604434
2023-12-29 20:00:00,172887.79,173742.75,170990.76,175306.0464487715,173852.44218127753,172066.05547888312
2023-12-29 21:00:00,165300.81,166354.6,162187.03,167252.86966313317,166079.43077327273,164616.7258989778
2023-12-29 22:00:00,158165.23,158539.85,155788.25,160185.54490951746,158290.37439815715,157985.612908107
2023-12-29 23:00:00,153030.52,153552.6,150882.3,155208.74403856462,153309.15315420466,153267.5797249083
2023-12-30 00:00:00,147916.36,148553.84,145778.84,149269.39850671758,148983.21811398605,148663.1862145567
2023-12-30 01:00:00,144027.4,145129.59,141870.38,145558.62876352604,145792.9100488844,144826.9869196768
2023-12-30 02:00:00,141357.97,141945.02,139223.83,142678.21389513565,142460.13036207928,141810.26778734432
2023-12-30 03:00:00,140897.66,141508.75,138795.98,142173.43579599695,142007.41480175476,140752.9119011212
2023-12-30 04:00:00,143981.87,144389.67,142273.93,145222.12183377767,144912.25477906305,142939.3979659522
2023-12-30 05:00:00,152840.46,153522.49,152055.75,154689.87640130127,153724.79661161252,151516.0383565075
2023-12-30 06:00:00,166864.61,168908.91,167165.71,169899.3062757643,168476.42638248607,165022.6775201422
2023-12-30 07:00:00,183838.98,186914.49,182261.66,186841.34290546688,186266.54469523195,179733.81395224045
2023-12-30 08:00:00,191670.75,195423.88,191015.55,195640.97360975828,195314.20637559996,186494.85183452617
2023-12-30 09:00:00,200075.42,205482.48,201989.76,205627.49428256723,205391.00529624306,193327.58407487857
2023-12-30 10:00:00,203792.46,210720.72,204677.1,209511.51205756314,210084.15682697244,194855.2102168629
2023-12-30 11:00:00,206126.07,210133.72,203973.33,208506.1347293278,209341.84190176052,192373.22090574793
2023-12-30 12:00:00,204739.69,207443.8,200609.57,205372.34606845997,206253.6151055794,188352.4984211417
2023-12-30 13:00:00,199589.08,201526.79,192752.88,198507.57476302815,200355.4142629287,181578.09384119482
2023-12-30 14:00:00,196687.56,198631.79,190082.3,196010.94849844693,197688.65772623947,179543.70952545156
2023-12-30 15:00:00,195473.27,195858.37,187214.07,193544.27710181335,195079.83405993957,178829.50565916652
2023-12-30 16:00:00,190907.58,190718.45,183558.02,189462.06566942798,189946.29980987328,177082.5802134599
2023-12-30 17:00:00,188469.44,188632.19,183333.37,188438.22199835413,187845.0566206007,182811.77685243028
2023-12-30 18:00:00,189069.98,188402.81,185281.3,189563.81926173743,188379.50216284528,187569.33394485663
2023-12-30 19:00:00,184163.55,183312.09,179951.59,184404.19047584332,182895.96516861737,180278.52328100006
2023-12-30 20:00:00,172962.79,172887.79,168570.02,173556.49123244587,172565.4426095727,169123.38015021247
2023-12-30 21:00:00,164607.42,165300.81,160185.69,165610.23254531666,164757.1349086684,161511.5965637371
2023-12-30 22:00:00,157764.39,158165.23,153428.6,158587.48036291092,157656.8169179254,155748.41756360448
2023-12-30 23:00:00,152833.48,153030.52,148735.04,153619.9951020678,152743.5440307937,151405.32048552218
2023-12-31 00:00:00,147928.72,147916.36,144657.4,145532.0164111517,145839.83710502894,147946.56322849216
2023-12-31 01:00:00,143577.02,144027.4,141006.61,141758.48713906395,142105.67738271694,143823.77744787384
2023-12-31 02:00:00,140418.98,141357.97,138139.33,138960.09311103003,139905.18302996262,140815.9990806948
2023-12-31 03:00:00,140040.84,140897.66,137470.03,138298.7539986848,139228.8661296233,139672.4164233018
2023-12-31 04:00:00,142906.94,143981.87,140659.51,141266.57066662912,142254.8304123939,141652.9472099044
2023-12-31 05:00:00,150506.26,152840.46,148444.89,149722.07520309972,150475.2011909318,148877.13162102352
2023-12-31 06:00:00,162833.88,166864.61,159249.81,162755.32321275448,162412.56964581893,158409.4650801117
2023-12-31 07:00:00,177654.53,183838.98,173201.24,178611.91014641442,175830.30921073954,170731.89701176283
2023-12-31 08:00:00,189538.43,191670.75,183826.29,187757.5856963749,185745.27732299373,180190.32793495196
2023-12-31 09:00:00,198880.43,200075.42,194296.79,196753.7781983592,195290.84102731667,186851.30412305708
2023-12-31 10:00:00,202770.95,203792.46,198736.71,200648.86577519774,199509.04138244205,187747.86528451776
2023-12-31 11:00:00,202731.04,206126.07,196853.81,200532.19875110724,199321.17443509668,185208.21377463927
2023-12-31 12:00:00,200760.31,204739.69,192852.63,197963.4711282089,195924.20364208083,180973.96081203487
2023-12-31 13:00:00,192413.25,199589.08,185834.68,191827.90440481034,190613.86740764897,174217.07779868387
2023-12-31 14:00:00,186587.71,196687.56,181260.56,188804.8336057852,186254.04792355478,169232.53356946365
2023-12-31 15:00:00,182645.7,195473.27,177248.33,186480.4951526253,182879.59771801042,165912.0189164659
2023-12-31 16:00:00,178991.17,190907.58,172301.12,182012.4625578438,178086.93497162758,163258.03886126223
2023-12-31 17:00:00,179057.47,188469.44,172551.92,180619.5192613915,175931.09353752036,168341.24426341683
2023-12-31 18:00:00,180173.16,189069.98,174219.22,181845.67479599873,176804.74744547223,172471.62765675617
2023-12-31 19:00:00,174321.35,184163.55,168116.0,176634.5153283287,171829.9840378217,165767.29539878914
2023-12-31 20:00:00,163721.05,172962.79,159095.28,166638.22299972252,162262.25848230792,156639.97249802208
2023-12-31 21:00:00,156574.68,164607.42,152571.27,159275.8436494381,154751.44253707715,150239.42333202768
2023-12-31 22:00:00,150324.35,157764.39,146752.35,152727.86476163164,148834.4083835722,144640.7969395135
2023-12-31 23:00:00,145610.52,152833.48,142679.6,148116.39686542997,144178.41802938003,140043.07051956
2024-01-01 00:00:00,140980.07,147928.72,138745.13,147305.8578790216,140737.37156755166,141219.87264470066
2024-01-01 01:00:00,137655.76,143577.02,135803.09,143600.63554097933,137488.1955096599,137780.16041918792
2024-01-01 02:00:00,135181.1,140418.98,133220.72,140634.9535378479,134658.13590903403,135140.72516886477
2024-01-01 03:00:00,134351.94,140040.84,132657.19,140152.44247953457,134232.25789126745,134480.39918889932
2024-01-01 04:00:00,137807.77,142906.94,135700.67,143103.23056543514,137077.4660605044,137244.97298009967
2024-01-01 05:00:00,146618.51,150506.26,143802.43,151486.70355017233,145784.8734226456,146702.4050092845
2024-01-01 06:00:00,160729.16,162833.88,155734.61,164768.146330003,161407.4092732659,161845.8592013485
2024-01-01 07:00:00,178006.92,177654.53,172153.76,181219.38932946842,180332.4640328315,178167.9175861706
2024-01-01 08:00:00,192039.48,189538.43,186870.29,192961.69750211155,190180.379518837,186572.04880645586
2024-01-01 09:00:00,200826.98,198880.43,198794.97,203079.19670503255,200399.68607175222,193248.57072299757
2024-01-01 10:00:00,205016.59,202770.95,204325.02,207640.2916470801,205713.7795196505,195348.43658810807
2024-01-01 11:00:00,205912.89,202731.04,204123.46,207466.41918203133,206948.59033833983,192913.68430038923
2024-01-01 12:00:00,204187.69,200760.31,200363.63,204671.2880864734,202820.97699734042,188935.16633359814
2024-01-01 13:00:00,197306.32,192413.25,193260.11,197472.4176396341,197767.569495254,182828.52014466363
2024-01-01 14:00:00,192048.28,186587.71,189209.08,193163.30228547493,193594.15153384922,180815.23510660397
2024-01-01 15:00:00,185799.31,182645.7,187248.51,190470.34842591835,190577.32799683313,180051.86909679958
2024-01-01 16:00:00,183290.93,178991.17,183695.4,186581.95696395458,186473.79620338112,179554.0717187229
2024-01-01 17:00:00,182335.42,179057.47,182977.55,185877.98423598625,184867.9611041059,184934.30534485838
2024-01-01 18:00:00,181939.92,180173.16,183652.79,186680.94548248532,184673.3040683535,188686.09268625503
2024-01-01 19:00:00,175446.36,174321.35,176727.84,180790.0336959534,179342.59400035755,181375.93256044568
2024-01-01 20:00:00,164922.56,163721.05,166101.41,170084.99246584912,168906.661005783,170527.16139092183
2024-01-01 21:00:00,157726.78,156574.68,159235.76,162742.12155921207,161651.6878226313,162651.49282821344
2024-01-01 22:00:00,150740.4,150324.35,152992.93,156214.82146664074,154576.26863333618,155996.8990975321
2024-01-01 23:00:00,145627.31,145610.52,149076.62,151600.15205904355,149698.75170476758,151046.4152597014
2024-01-02 00:00:00,141248.85,140980.07,144659.89,143870.8313952439,144114.17481449473,140835.4946327224
2024-01-02 01:00:00,137268.16,137655.76,140809.02,140214.28182512306,140622.69661436847,137363.51167318976
2024-01-02 02:00:00,134587.1,135181.1,138375.59,137662.179879093,138084.37485881898,134751.4561714711
2024-01-02 03:00:00,133951.42,134351.94,137923.05,137039.19206996396,137403.32875517936,133838.02746820636
2024-01-02 04:00:00,137002.55,137807.77,141058.01,140199.88127480284,140722.05053912013,136251.96739342107
2024-01-02 05:00:00,146081.83,146618.51,150023.72,148946.89365145148,149783.26998198722,145685.3018895579
2024-01-02 06:00:00,161186.59,160729.16,164142.49,162891.22703693772,162312.2590134315,161252.80040559024
2024-01-02 07:00:00,181266.34,178006.92,181803.67,179784.47271616128,179236.3885496464,177319.536706909
2024-01-02 08:00:00,193163.64,192039.48,192026.07,190843.28952854767,191443.84126594794,184184.59541808
2024-01-02 09:00:00,202011.58,200826.98,202005.47,199671.06685923514,200129.52772859315,189974.52944072828
2024-01-02 10:00:00,206947.55,205016.59,207524.1,203939.44768411774,203894.24781750838,190959.8676169025
2024-01-02 11:00:00,207405.49,205912.89,206798.07,204300.28463580148,204825.13762602318,188227.60518641525
2024-01-02 12:00:00,204543.94,204187.69,202295.96,201669.41721041786,202797.70958758928,184204.35407130714
2024-01-02 13:00:00,197935.4,197306.32,195364.14,195090.8169944784,196124.8710296186,177183.68901966632
2024-01-02 14:00:00,195745.3,192048.28,192321.16,191158.2997192808,191680.64646256433,175728.91332471912
2024-01-02 15:00:00,193316.24,185799.31,191625.87,188018.00106867135,187710.5752303338,174808.44800266315
2024-01-02 16:00:00,189800.86,183290.93,187927.65,184812.03232902492,184782.1603086628,174581.47472354508
2024-01-02 17:00:00,190138.03,182335.42,187333.23,183897.74594237457,183752.95071671967,179778.53221616463
2024-01-02 18:00:00,190260.17,181939.92,188594.1,184534.7521746824,184513.94066100143,184551.26260714023
2024-01-02 19:00:00,185158.71,175446.36,182699.88,178849.63354849746,179185.8259040718,177490.2903688395
2024-01-02 20:00:00,174648.17,164922.56,171443.59,168110.3363921574,168412.2858005495,166181.64313811692
2024-01-02 21:00:00,166827.49,157726.78,163545.01,160499.3700284523,160653.23609653936,157933.84466004706
2024-01-02 22:00:00,159134.44,150740.4,156852.85,153782.45915918922,153776.63877298706,151027.74789172786
2024-01-02 23:00:00,153016.01,145627.31,151948.78,148865.35991451476,149007.27886764373,145896.53638149335
2024-01-03 00:00:00,147333.01,141248.85,146865.78,146285.3856831035,144656.9482689117,147746.89313129292
2024-01-03 01:00:00,143061.11,137268.16,143295.55,142378.87761445288,140985.65035790845,143523.30113360414
2024-01-03 02:00:00,140088.5,134587.1,140899.59,139689.02426618894,138606.7069328383,140671.2134246678
2024-01-03 03:00:00,139440.0,133951.42,140523.24,139134.31348504333,138396.5250517074,139587.99704715455
2024-01-03 04:00:00,142079.75,137002.55,143397.65,142127.2395258365,141093.71986482953,142037.83970526743
2024-01-03 05:00:00,150921.62,146081.83,152794.83,151102.25438908482,149697.6493738237,151321.37416941466
2024-01-03 06:00:00,165836.04,161186.59,167539.88,165652.61155198718,163860.30539747595,167069.52907678462
2024-01-03 07:00:00,184644.21,181266.34,185252.97,183726.00918353422,182959.66491335488,183592.67732323104
2024-01-03 08:00:00,195324.96,193163.64,194610.31,194724.6365930102,193143.6514999934,190756.90992843715
2024-01-03 09:00:00,201684.01,202011.58,204680.94,203935.1396121615,202757.49628576066,196875.3206906353
2024-01-03 10:00:00,206869.42,206947.55,208563.23,208113.49799139824,206774.00287305287,198353.2021617363
2024-01-03 11:00:00,208341.93,207405.49,206540.24,207560.82971327187,206684.680895379,195432.74339783398
2024-01-03 12:00:00,205263.95,204543.94,202810.21,204668.54514617994,204071.93763027276,191336.36518747488
2024-01-03 13:00:00,199553.25,197935.4,195728.15,197607.13427656452,196898.19458539737,183952.40013732133
2024-01-03 14:00:00,197213.5,195745.3,193534.42,194545.17324692226,194514.6216159099,182012.39852088207
2024-01-03 15:00:00,195722.91,193316.24,191662.0,191694.83055085232,192176.48668157842,180667.309615294
2024-01-03 16:00:00,191619.26,189800.86,188671.29,188402.94344215284,188967.00549668292,179871.61721762837
2024-01-03 17:00:00,191229.92,190138.03,188051.85,188269.30218160327,188852.2324488849,184457.22969419474
2024-01-03 18:00:00,191083.57,190260.17,189383.87,189089.69822260123,189192.44857144178,188485.2747328307
2024-01-03 19:00:00,185786.64,185158.71,183897.0,183824.10021437335,184700.89931529612,182048.09990166462
2024-01-03 20:00:00,176078.41,174648.17,172651.09,173131.69198335262,173711.80891735727,171478.5157028212
2024-01-03 21:00:00,168128.52,166827.49,164620.72,165363.8224619368,166349.27473180412,163269.9907925199
2024-01-03 22:00:00,160589.42,159134.44,157335.04,158144.39120395682,158679.88892211433,156538.04758243257
2024-01-03 23:00:00,154155.71,153016.01,152263.25,152699.39367602207,152726.87422584498,151106.9688567949
2024-01-04 00:00:00,148063.9,147333.01,147274.69,146989.84689217806,147763.047573186,148723.1999605557
2024-01-04 01:00:00,143605.58,143061.11,143259.99,142967.0392159585,143633.25676735578,144226.1736766824
2024-01-04 02:00:00,140989.55,140088.5,140334.24,140108.10416467328,140745.01051127055,141019.2708855322
2024-01-04 03:00:00,140758.1,139440.0,139337.0,139284.62497321883,139774.0501134147,139583.60167636437
2024-01-04 04:00:00,143786.7,142079.75,142217.59,142230.59643230354,142754.1632371124,142006.88631085027
2024-01-04 05:00:00,152420.42,150921.62,151522.26,151309.26222364034,151479.71143401472,151345.32001549628
2024-01-04 06:00:00,168753.94,165836.04,167066.08,166356.4244563199,166067.06528144344,166944.9794982082
2024-01-04 07:00:00,188949.35,184644.21,185149.48,184490.93064847667,184870.11747146718,182617.7934167227
2024-01-04 08:00:00,197921.81,195324.96,195847.69,195565.00968596461,195385.54552483815,189314.15401447171
2024-01-04 09:00:00,203203.17,201684.01,204945.91,203441.0984296714,202299.88868862935,195343.5034642858
2024-01-04 10:00:00,206280.4,206869.42,209165.47,207973.87836701694,206955.72543665394,196601.91113527294
2024-01-04 11:00:00,205774.0,208341.93,207446.52,208155.5702677713,207444.87502108983,194531.80999409663
2024-01-04 12:00:00,203463.3,205263.95,204704.51,205457.53423627178,204715.37617744275,190371.94922601542
2024-01-04 13:00:00,198814.73,199553.25,197367.07,198956.04593868877,198284.06879038303,182593.54588554293
2024-01-04 14:00:00,197024.42,197213.5,196414.03,196531.0595671198,196304.47412144014,180346.33542176196
2024-01-04 15:00:00,195068.74,195722.91,194656.76,193948.05945055568,194440.7234922349,179257.44199474543
2024-01-04 16:00:00,191657.64,191619.26,190611.61,190221.41772082017,190312.7863386428,178117.02805673305
2024-01-04 17:00:00,189548.85,191229.92,188051.84,189073.8099684237,189621.56694538964,182006.08662253502
2024-01-04 18:00:00,189760.2,191083.57,189676.1,189634.23458588967,190026.4457837324,186066.21356838528
2024-01-04 19:00:00,185655.42,185786.64,183867.01,184400.51416263767,184697.68016429825,180476.7284899629
2024-01-04 20:00:00,176288.82,176078.41,173742.75,174429.24169298264,174820.52620836135,170553.28794363764
2024-01-04 21:00:00,169024.27,168128.52,166354.6,166784.2839198069,167369.61419403847,162606.55312072506
2024-01-04 22:00:00,160418.06,160589.42,158539.85,159274.9233803328,159939.02023808027,155518.58283000038
2024-01-04 23:00:00,153840.8,154155.71,153552.6,153637.79627163304,154011.59972551078,150366.98885827765
2024-01-05 00:00:00,148036.33,148063.9,148553.84,148212.20018503806,149229.85231893725,148341.2294043487
2024-01-05 01:00:00,143840.29,143605.58,145129.59,144178.93578679278,144554.10614527375,143622.55565461118
2024-01-05 02:00:00,141188.93,140989.55,141945.02,141297.81392078038,141525.5970388753,140204.9799914196
2024-01-05 03:00:00,140750.82,140758.1,141508.75,140843.9727210724,141703.21028767788,138963.42511245894
2024-01-05 04:00:00,143924.49,143786.7,144389.67,143790.5329602528,144582.4564485708,141461.01117892165
2024-01-05 05:00:00,153517.15,152420.42,153522.49,152739.12836118828,153100.39424135708,150991.50285623412
2024-01-05 06:00:00,168565.81,168753.94,168908.91,168398.27430366076,169360.35021361263,166552.16566589064
2024-01-05 07:00:00,187344.62,188949.35,186914.49,187471.66700077534,187668.9055976706,182986.6796742761
2024-01-05 08:00:00,197262.61,197921.81,195423.88,196682.96261390948,196619.90132133424,189211.11403367194
2024-01-05 09:00:00,202884.77,203203.17,205482.48,204316.52073011672,203537.0932335499,195764.0592688564
2024-01-05 10:00:00,208334.68,206280.4,210720.72,208556.72200696793,207550.1815365089,197951.45424726
2024-01-05 11:00:00,208765.04,205774.0,210133.72,208458.20683139662,207152.73886733406,196234.11070104621
2024-01-05 12:00:00,206654.25,203463.3,207443.8,205878.752874205,204454.15590373782,192586.01668683073
2024-01-05 13:00:00,201653.66,198814.73,201526.79,200297.44262858471,199552.28208624598,184854.26997998863
2024-01-05 14:00:00,198242.36,197024.42,198631.79,197923.84199311963,196889.2731814736,181239.97142792685
2024-01-05 15:00:00,194620.48,195068.74,195858.37,195596.40326964317,194684.37451366306,179065.99946720726
2024-01-05 16:00:00,190394.53,191657.64,190718.45,191544.71405689933,190543.44862813054,177279.18864401086
2024-01-05 17:00:00,188492.45,189548.85,188632.19,190060.28072522898,188658.60202870934,181395.90990121276
2024-01-05 18:00:00,188306.61,189760.2,188402.81,190299.89065219313,188998.2266396216,186004.92375451347
2024-01-05 19:00:00,184304.02,185655.42,183312.09,185813.63926942757,184630.02685166584,179521.32680409082
2024-01-05 20:00:00,174859.14,176288.82,172887.79,175907.2278203943,174661.247290532,168918.18116594572
2024-01-05 21:00:00,166855.66,169024.27,165300.81,168345.28672167877,168044.84961521055,160887.35742712955
2024-01-05 22:00:00,158392.85,160418.06,158165.23,160638.186204501,159769.6921973168,153757.56821013847
2024-01-05 23:00:00,151596.69,153840.8,153030.52,154718.51152985965,153623.48877909913,148648.25260587008
2024-01-06 00:00:00,145706.04,148036.33,147916.36,148160.56792288157,148745.95338631183,145783.04106501266
2024-01-06 01:00:00,141622.5,143840.29,144027.4,144046.0735815061,144751.42775038208,141173.8114992087
2024-01-06 02:00:00,139089.58,141188.93,141357.97,141322.74155875068,141962.55886729047,137596.1932379028
2024-01-06 03:00:00,138230.62,140750.82,140897.66,140830.9399772119,141487.0107090544,136195.80562439119
2024-01-06 04:00:00,140984.65,143924.49,143981.87,143835.72585088268,144535.2645851565,138221.13586420586
2024-01-06 05:00:00,150720.17,153517.15,152840.46,152907.1991803684,153286.41986675136,147333.65410045226
2024-01-06 06:00:00,167683.53,168565.81,166864.61,167548.3533062513,167598.04517869695,161816.39312083204
2024-01-06 07:00:00,187608.98,187344.62,183838.98,185402.73245159863,185524.21048984118,177132.78894241378
2024-01-06 08:00:00,197818.67,197262.61,191670.75,194517.4004820097,194615.71976503643,184293.96260998183
2024-01-06 09:00:00,204301.69,202884.77,200075.42,201289.5035574041,200484.87101625887,191178.18902063725
2024-01-06 10:00:00,208534.04,208334.68,203792.46,205758.39125172875,205763.79903812284,192372.08565451612
2024-01-06 11:00:00,206690.53,208765.04,206126.07,206782.91960695948,206405.13643755665,189991.05954869825
2024-01-06 12:00:00,203406.37,206654.25,204739.69,204656.2951648071,204022.78578884716,186004.26821249383
2024-01-06 13:00:00,197393.66,201653.66,199589.08,199423.6247701401,199281.63326981862,178912.18920808058
2024-01-06 14:00:00,193991.27,198242.36,196687.56,196596.41815670917,196400.93127753763,176787.7910224173
2024-01-06 15:00:00,190405.28,194620.48,195473.27,194306.7483530427,193512.1108085828,175346.91692064574
2024-01-06 16:00:00,186477.14,190394.53,190907.58,190137.65869756293,189543.03900918714,173423.03536194295
2024-01-06 17:00:00,188391.9,188492.45,188469.44,188386.51057509743,187635.4696667419,177644.20745907398
2024-01-06 18:00:00,190477.25,188306.61,189069.98,188654.0027478745,187366.2887148979,181797.00778453905
2024-01-06 19:00:00,186170.11,184304.02,184163.55,184326.81725932585,183517.51417600372,175146.66523787723
2024-01-06 20:00:00,174787.73,174859.14,172962.79,174371.26077879444,173482.4769956485,163892.75059740664
2024-01-06 21:00:00,166496.95,166855.66,164607.42,166412.8282579216,166051.87902386478,155897.40853340193
2024-01-06 22:00:00,158783.91,158392.85,157764.39,158816.98576893355,158183.54384271087,149405.70745785965
2024-01-06 23:00:00,152301.35,151596.69,152833.48,152855.53636634734,152010.1267626512,144603.34336089852
2024-01-07 00:00:00,147155.88,145706.04,147928.72,144917.46900821352,146815.32444697988,146640.38573954895
2024-01-07 01:00:00,142748.86,141622.5,143577.02,140777.9836261209,142676.69426948327,141869.05909042255
2024-01-07 02:00:00,139724.57,139089.58,140418.98,138051.75295297764,139624.98934932263,138484.17330082337
2024-01-07 03:00:00,139183.69,138230.62,140040.84,137480.5487191699,139082.57136569778,137040.74948271745
2024-01-07 04:00:00,141611.3,140984.65,142906.94,140283.4078996282,141985.677890197,138983.4718452255
2024-01-07 05:00:00,149761.76,150720.17,150506.26,148846.44848818882,150559.21445429395,146341.44123558514
2024-01-07 06:00:00,161906.78,167683.53,162833.88,163426.2341420622,165422.56364802056,156359.7125964088
2024-01-07 07:00:00,177945.02,187608.98,177654.53,180917.2114301408,180897.7773322333,169300.31953271502
2024-01-07 08:00:00,189521.11,197818.67,189538.43,191002.93144309055,191399.03028876285,179399.63137883862
2024-01-07 09:00:00,197042.95,204301.69,198880.43,198024.75760889455,199057.50780426787,187158.59540027272
2024-01-07 10:00:00,201151.49,208534.04,202770.95,201936.14108761208,203104.58048921436,188679.07207506752
2024-01-07 11:00:00,199944.65,206690.53,202731.04,201106.33154396518,201856.24236807262,186273.06115925903
2024-01-07 12:00:00,196556.19,203406.37,200760.31,198529.31136900705,198497.87076488015,181923.06548455262
2024-01-07 13:00:00,188827.52,197393.66,192413.25,192331.9748934695,193006.3416624792,174937.96989269782
2024-01-07 14:00:00,182150.9,193991.27,186587.71,188618.4515116075,188311.7472785471,170268.24340525686
2024-01-07 15:00:00,178140.43,190405.28,182645.7,185333.6842907143,184275.25800222936,166996.0566175078
2024-01-07 16:00:00,175050.24,186477.14,178991.17,181582.96028042785,180251.09670175303,164183.1120160043
2024-01-07 17:00:00,177843.54,188391.9,179057.47,181710.2655822269,180384.99907548548,167732.57355386912
2024-01-07 18:00:00,180367.23,190477.25,180173.16,182965.41244798191,181514.8169429679,171444.80415927977
2024-01-07 19:00:00,176277.37,186170.11,174321.35,178503.651231706,176770.03731022592,165003.21028303265
2024-01-07 20:00:00,166242.35,174787.73,163721.05,168330.33966508607,167155.1721707987,155775.48200998644
2024-01-07 21:00:00,158737.63,166496.95,156574.68,160882.9595187552,159808.19704214248,149059.90110770107
2024-01-07 22:00:00,150953.17,158783.91,150324.35,153702.18495505082,153317.41756241184,143235.20906576535
2024-01-07 23:00:00,144915.36,152301.35,145610.52,147980.08232760036,148155.5571629385,138716.74055349355
2024-01-08 00:00:00,140476.56,147155.88,140980.07,146791.76605900316,142217.62920762188,139470.9833732047
2024-01-08 01:00:00,136215.72,142748.86,137655.76,142823.39613236138,138639.0303354394,135290.0036499739
2024-01-08 02:00:00,133645.49,139724.57,135181.1,140059.80243411846,136080.20446785295,131959.18645652905
2024-01-08 03:00:00,133255.84,139183.69,134351.94,139389.42589118177,135344.69263463022,130795.89305872847
2024-01-08 04:00:00,136647.54,141611.3,137807.77,142323.68245924625,138690.46100589566,133124.05223439273
2024-01-08 05:00:00,146678.1,149761.76,146618.51,151089.8288473486,147876.10169837656,142237.49452124172
2024-01-08 06:00:00,164110.26,161906.78,160729.16,164766.89822263457,163823.4118696723,157323.56804569616
2024-01-08 07:00:00,185591.17,177945.02,178006.92,181942.9726255199,182908.13754820704,174534.70324652467
2024-01-08 08:00:00,196462.95,189521.11,192039.48,193894.97035807447,194570.07611101095,184337.96328406534
2024-01-08 09:00:00,200024.22,197042.95,200826.98,201584.6720023692,202675.88310261545,191951.3121508789
2024-01-08 10:00:00,202282.25,201151.49,205016.59,206018.14124881683,207249.9204755771,194351.08886876202
2024-01-08 11:00:00,202743.27,199944.65,205912.89,205767.459028648,207359.35042441325,191988.60633180424
2024-01-08 12:00:00,201920.7,196556.19,204187.69,203125.79761815505,204358.1552538265,187503.14000100613
2024-01-08 13:00:00,194689.27,188827.52,197306.32,196366.36032618242,198388.64455986198,180713.73502982364
2024-01-08 14:00:00,191467.84,182150.9,192048.28,191204.43432605453,194039.6258315445,178305.66700387394
2024-01-08 15:00:00,189118.25,178140.43,185799.31,186776.64969482584,189768.75018079713,177367.44253979763
2024-01-08 16:00:00,187221.91,175050.24,183290.93,183536.03564915495,187101.1553488907,175677.4767291
2024-01-08 17:00:00,189792.98,177843.54,182335.42,183974.3044795917,186625.3397985446,178924.74657146368
2024-01-08 18:00:00,193031.9,180367.23,181939.92,185027.30595013266,187169.24190279047,181698.9450293919
2024-01-08 19:00:00,186866.02,176277.37,175446.36,180248.44860639767,183658.8883329357,174461.320144359
2024-01-08 20:00:00,176132.38,166242.35,164922.56,170063.31223175087,173594.20131901454,163544.2859005506
2024-01-08 21:00:00,167638.68,158737.63,157726.78,162529.35459784695,165827.66465293244,155795.024418256
2024-01-08 22:00:00,159213.05,150953.17,150740.4,154989.99954593056,157130.96240730106,149059.06632135075
2024-01-08 23:00:00,152405.31,144915.36,145627.31,149174.70272234792,150762.1760684576,144350.67406542553
2024-01-09 00:00:00,146380.0,140476.56,141248.85,144559.45837633338,144806.59164710503,146116.67048154154
2024-01-09 01:00:00,141845.58,136215.72,137268.16,140382.47658709204,140610.67592217497,141413.83736076384
2024-01-09 02:00:00,138620.56,133645.49,134587.1,137707.31067118017,137863.4366647941,137983.9780584969
2024-01-09 03:00:00,137780.18,133255.84,133951.42,137109.99175501618,137196.8492289449,136495.32742269489
2024-01-09 04:00:00,140022.41,136647.54,137002.55,140181.49741466087,140349.1234624321,138481.33696860448
2024-01-09 05:00:00,149848.87,146678.1,146081.83,149679.38476963638,149045.21770398133,147555.31151683207
2024-01-09 06:00:00,166511.64,164110.26,161186.59,165696.61979181238,165561.75313477378,163053.37680879663
2024-01-09 07:00:00,187566.41,185591.17,181266.34,185708.53599362497,186165.25902537847,179666.65200871817
2024-01-09 08:00:00,197768.45,196462.95,193163.64,196698.310310368,196515.31276640247,187521.81365508708
2024-01-09 09:00:00,202425.49,200024.22,202011.58,203088.20096587375,201152.85444026446,194158.12473648012
2024-01-09 10:00:00,205156.77,202282.25,206947.55,206838.16404190066,205123.02176220433,196068.59541607508
2024-01-09 11:00:00,203238.77,202743.27,207405.49,206697.74459359096,205365.52057140652,193382.63500777766
2024-01-09 12:00:00,200965.81,201920.7,204543.94,204411.5243862749,202584.48577811904,188785.4698931469
2024-01-09 13:00:00,192793.01,194689.27,197935.4,197601.91419500893,196238.39225188494,181800.03113708153
2024-01-09 14:00:00,190064.53,191467.84,195745.3,194424.10410271108,192669.73621810492,180061.16246901726
2024-01-09 15:00:00,189031.09,189118.25,193316.24,191798.1111338325,189975.7006719211,179035.23192575917
2024-01-09 16:00:00,187189.12,187221.91,189800.86,188807.24419537658,187621.95708148714,177788.3350853341
2024-01-09 17:00:00,188640.58,189792.98,190138.03,190301.6866939834,190198.03059400799,180717.8436736404
2024-01-09 18:00:00,192029.11,193031.9,190260.17,192244.498573776,192752.81658396093,184068.72587070288
2024-01-09 19:00:00,187031.98,186866.02,185158.71,187151.79488876503,186818.7366452748,177287.57425108954
2024-01-09 20:00:00,175844.16,176132.38,174648.17,176461.33463097093,176259.11091616948,165909.00290113094
2024-01-09 21:00:00,167388.46,167638.68,166827.49,168338.0661888594,167993.88638376552,157470.63205490986
2024-01-09 22:00:00,157935.08,159213.05,159134.44,160455.78707484587,160138.33838755588,150425.37912761356
2024-01-09 23:00:00,150676.86,152405.31,153016.01,154088.5601997426,153120.76027868834,145408.2678459077
2024-01-10 00:00:00,144872.43,146380.0,147333.01,147889.09875139978,146219.28842313096,144418.1664050982
2024-01-10 01:00:00,140541.61,141845.58,143061.11,143509.91993366394,141929.527398599,139373.14404164735
2024-01-10 02:00:00,137800.83,138620.56,140088.5,140466.87295000674,138913.46789099195,135867.43145476395
2024-01-10 03:00:00,137247.27,137780.18,139440.0,139773.37973102232,138236.34727225135,134395.4560286559
2024-01-10 04:00:00,140212.49,140022.41,142079.75,142282.24741089315,140636.8801598961,136522.53311061722
2024-01-10 05:00:00,150767.2,149848.87,150921.62,151477.06117427527,149708.97401893348,145650.7290611049
2024-01-10 06:00:00,167826.75,166511.64,165836.04,166679.46558448725,165657.13972329177,161401.1902915171
2024-01-10 07:00:00,188523.08,187566.41,184644.21,185802.66204399726,185769.6001272917,178787.71912131124
2024-01-10 08:00:00,199151.6,197768.45,195324.96,196267.1057628176,195870.92135197978,186647.3638961823
2024-01-10 09:00:00,204910.72,202425.49,201684.01,202157.6277199772,200630.69150365074,193856.37303728436
2024-01-10 10:00:00,209590.75,205156.77,206869.42,205883.7549668757,203635.4706516038,195890.20771706148
2024-01-10 11:00:00,208781.7,203238.77,208341.93,205341.7331514819,203612.7145643557,192989.6067304761
2024-01-10 12:00:00,205029.23,200965.81,205263.95,202694.54101700496,201099.22019951936,188864.47961518556
2024-01-10 13:00:00,197412.49,192793.01,199553.25,195559.40904268966,193602.04598735253,181421.24945090766
2024-01-10 14:00:00,193514.77,190064.53,197213.5,192271.72398120584,190789.9990498112,179226.08766424155
2024-01-10 15:00:00,191381.83,189031.09,195722.91,190421.20889812286,189306.99577643428,177322.908918252
2024-01-10 16:00:00,189615.69,187189.12,191619.26,187570.78900489773,186589.26983949344,175577.58335591588
2024-01-10 17:00:00,191899.07,188640.58,191229.92,188569.30236723233,188141.62688531372,178227.44102583342
2024-01-10 18:00:00,194488.68,192029.11,191083.57,190626.0996489135,190007.93426962142,181114.74813543362
2024-01-10 19:00:00,189626.46,187031.98,185786.64,185820.86925526636,185655.13370099076,175003.05406902332
2024-01-10 20:00:00,179553.72,175844.16,176078.41,175430.97709674935,175290.06232768763,164277.09801253446
2024-01-10 21:00:00,171107.85,167388.46,168128.52,167369.17099599383,166655.3777554425,155994.15087962773
2024-01-10 22:00:00,162451.93,157935.08,160589.42,159093.76308729383,158581.27934459416,149023.14207198945
2024-01-10 23:00:00,154904.14,150676.86,154155.71,152497.99361569548,151507.31740861287,143735.14923172747
2024-01-11 00:00:00,148160.24,144872.43,148063.9,147480.50265835866,147373.68061674398,148693.14088550577
2024-01-11 01:00:00,143595.37,140541.61,143605.58,143082.69818542327,142912.76022605255,143492.16287662587
2024-01-11 02:00:00,140301.89,137800.83,140989.55,140319.89644322344,140207.20383971647,139722.90104098473
2024-01-11 03:00:00,139524.26,137247.27,140758.1,139820.2335111672,139701.46940066697,138002.69698319287
2024-01-11 04:00:00,142541.54,140212.49,143786.7,142806.14660133357,142689.2811216473,140438.13154235735
2024-01-11 05:00:00,153326.3,150767.2,152420.42,152549.0363799938,152488.14965527863,149768.50247022152
2024-01-11 06:00:00,170304.92,167826.75,168753.94,169301.93415058998,169282.93141179145,165516.1697035572
2024-01-11 07:00:00,191272.75,188523.08,188949.35,189720.017834404,189869.7306340145,182267.89283937347
2024-01-11 08:00:00,202884.25,199151.6,197921.81,199751.11479593898,199287.9573072712,189929.28862511553
2024-01-11 09:00:00,210903.93,204910.72,203203.17,205090.47602110673,204779.38926891287,196860.53053497296
2024-01-11 10:00:00,213252.12,209590.75,206280.4,208656.75736760523,208707.03969503334,199152.42235310207
2024-01-11 11:00:00,211086.09,208781.7,205774.0,208059.26602409242,208176.1634154291,196978.51022874028
2024-01-11 12:00:00,205646.89,205029.23,203463.3,205465.62218790824,204851.7338105249,193014.81309381948
2024-01-11 13:00:00,196878.64,197412.49,198814.73,198828.2587661042,197489.69956225544,185134.27344990923
2024-01-11 14:00:00,193584.07,193514.77,197024.42,195975.12912881206,194355.81427346502,182914.82402216573
2024-01-11 15:00:00,191788.17,191381.83,195068.74,193977.16966326867,192341.19763544234,181357.2443774295
2024-01-11 16:00:00,190473.94,189615.69,191657.64,191508.5926737752,190017.05034102572,178858.84684971414
2024-01-11 17:00:00,193377.39,191899.07,189548.85,192068.80556809378,191450.11169712277,180223.10091943794
2024-01-11 18:00:00,195810.25,194488.68,189760.2,194089.8094284385,193658.39433072985,183171.63148295492
2024-01-11 19:00:00,191674.1,189626.46,185655.42,189383.3259070237,188978.44448121006,177919.33269519868
2024-01-11 20:00:00,181513.49,179553.72,176288.82,179366.23578746262,178927.26311262496,168083.93987214187
2024-01-11 21:00:00,173482.26,171107.85,169024.27,171347.33535005478,171041.25407490204,160085.89056806575
2024-01-11 22:00:00,164533.1,162451.93,160418.06,162784.4412322475,162644.99291378955,152686.30647589144
2024-01-11 23:00:00,156878.27,154904.14,153840.8,155842.13332372514,155448.44349232642,147714.00743302048
2024-01-12 00:00:00,150500.26,148160.24,148036.33,150767.432241775,150070.3374973944,150540.49353502478
2024-01-12 01:00:00,145667.75,143595.37,143840.29,146331.846646404,145834.58941001174,145321.70217702942
2024-01-12 02:00:00,142929.37,140301.89,141188.93,143244.3855605911,141939.6330796032,141258.5878133627
2024-01-12 03:00:00,141950.4,139524.26,140750.82,142565.18143240715,141440.62598325772,139683.96563053405
2024-01-12 04:00:00,144797.8,142541.54,143924.49,145494.67151246668,144448.13572393838,141947.2984302255
2024-01-12 05:00:00,154452.46,153326.3,153517.15,155706.14375219555,155571.5228926376,151156.4340839064
2024-01-12 06:00:00,171156.72,170304.92,168565.81,172030.23616996894,171207.41788240653,166816.2128807621
2024-01-12 07:00:00,192666.96,191272.75,187344.62,192153.5761426179,191307.71757632674,183985.24674731167
2024-01-12 08:00:00,205007.41,202884.25,197262.61,202716.11729619253,202568.68756696087,190750.6697216283
2024-01-12 09:00:00,213351.8,210903.93,202884.77,209366.01894596775,210040.56184302364,198434.93443646503
2024-01-12 10:00:00,217182.66,213252.12,208334.68,213109.36653924,213062.0836359212,201554.5236314655
2024-01-12 11:00:00,217259.29,211086.09,208765.04,212018.39433741692,211078.93355681936,200240.2204855316
2024-01-12 12:00:00,213304.67,205646.89,206654.25,208473.71979157638,207039.60564453184,196766.15993533697
2024-01-12 13:00:00,204047.45,196878.64,201653.66,201220.43404006315,199235.55263953324,189534.0291280357
2024-01-12 14:00:00,199362.45,193584.07,198242.36,197976.16605572062,195767.15443755814,185932.5275235672
2024-01-12 15:00:00,197294.91,191788.17,194620.48,195668.6445420567,193255.27238342623,183082.30096220959
2024-01-12 16:00:00,194865.24,190473.94,190394.53,193050.62983278293,191198.73070217614,179956.51590370914
2024-01-12 17:00:00,195682.31,193377.39,188492.45,193780.99990864037,192761.55193788826,181528.24248068657
2024-01-12 18:00:00,196912.57,195810.25,188306.61,195491.69588193283,194742.70878019568,184399.98608163855
2024-01-12 19:00:00,192498.6,191674.1,184304.02,191305.2243042665,190599.08896390314,178363.58319480662
2024-01-12 20:00:00,183139.9,181513.49,174859.14,181152.69724261452,180569.32202360014,167834.25785144576
2024-01-12 21:00:00,175029.83,173482.26,166855.66,172994.76624994233,172880.36260373946,159718.9365834748
2024-01-12 22:00:00,166375.13,164533.1,158392.85,164216.437887161,164167.31465297434,152498.8031512689
2024-01-12 23:00:00,159938.06,156878.27,151596.69,157001.85647620773,156696.0379347363,147547.19234822105
2024-01-13 00:00:00,153404.03,150500.26,145706.04,151239.8622039652,151268.01647837734,154172.15169096668
2024-01-13 01:00:00,148514.03,145667.75,141622.5,146722.23095350032,146817.30867674487,149484.21848614883
2024-01-13 02:00:00,144961.73,142929.37,139089.58,143937.11025390844,143950.8844935458,145944.699054645
2024-01-13 03:00:00,143793.63,141950.4,138230.62,143076.99702061608,143218.27892991822,144673.63326572478
2024-01-13 04:00:00,146585.91,144797.8,140984.65,145960.63594309633,146053.33391930046,146990.6171683033
2024-01-13 05:00:00,155419.47,154452.46,150720.17,155967.1938302536,155611.71204693295,156116.1788414801
2024-01-13 06:00:00,170385.03,171156.72,167683.53,172846.79944898997,171512.58055190858,170720.32472733947
2024-01-13 07:00:00,190159.74,192666.96,187608.98,193493.54972815287,191508.64991556725,186862.06611206016
2024-01-13 08:00:00,203003.77,205007.41,197818.67,204564.08333655028,203315.28885667515,194507.94502198652
2024-01-13 09:00:00,210452.9,213351.8,204301.69,211909.39364312816,211252.08344764786,202140.86106081022
2024-01-13 10:00:00,214787.55,217182.66,208534.04,215920.33773369106,214909.37102386582,204128.05868448172
2024-01-13 11:00:00,213369.28,217259.29,206690.53,215191.79792172313,215008.1352978801,203011.42260225725
2024-01-13 12:00:00,209991.8,213304.67,203406.37,211494.4773766821,210897.21815360332,199828.0508043875
2024-01-13 13:00:00,202881.77,204047.45,197393.66,203772.51820696436,201955.0108442797,193083.60865753202
2024-01-13 14:00:00,199859.72,199362.45,193991.27,199845.1132086888,197709.20311244976,190549.286858901
2024-01-13 15:00:00,197734.47,197294.91,190405.28,197344.79874274466,195819.26819119678,188833.50312600148
2024-01-13 16:00:00,193566.8,194865.24,186477.14,194470.65569635225,193146.00303972577,185846.2985601745
2024-01-13 17:00:00,191110.78,195682.31,188391.9,195796.6246399116,193325.59966812428,187597.95040300576
2024-01-13 18:00:00,190311.74,196912.57,190477.25,197658.95348100047,194662.27054954076,190176.22339383472
2024-01-13 19:00:00,186576.49,192498.6,186170.11,193358.55906331673,190761.31048359512,184133.1012587326
2024-01-13 20:00:00,178561.0,183139.9,174787.73,183018.09510475493,181787.22438479285,172734.00993464942
2024-01-13 21:00:00,172840.4,175029.83,166496.95,174713.56363281803,174573.507502437,164487.31878691778
2024-01-13 22:00:00,164595.58,166375.13,158783.91,166392.17850830042,165670.02671257034,157832.46453219897
2024-01-13 23:00:00,158257.75,159938.06,152301.35,159661.24074780344,158879.90874608236,153145.9646112319
2024-01-14 00:00:00,151999.84,153404.03,147155.88,149669.80688213866,152481.80733660585,152557.19299417862
2024-01-14 01:00:00,147150.54,148514.03,142748.86,145056.90354205386,147549.4942413151,147619.30241291848
2024-01-14 02:00:00,143852.77,144961.73,139724.57,141813.72805672858,144316.107531184,144072.27894310834
2024-01-14 03:00:00,143202.5,143793.63,139183.69,140949.65444825758,143183.576499979,142763.1646001885
2024-01-14 04:00:00,145948.94,146585.91,141611.3,143627.0700512846,146156.1609127076,145030.0518564067
2024-01-14 05:00:00,154515.52,155419.47,149761.76,152490.14953563537,154691.2242654289,152402.9389062651
2024-01-14 06:00:00,166390.25,170385.03,161906.78,166753.6957820548,167879.54514357343,163309.8124205636
2024-01-14 07:00:00,181677.49,190159.74,177945.02,185126.68900662172,184615.13499143024,177325.81597364368
2024-01-14 08:00:00,193056.65,203003.77,189521.11,196967.85030390936,196390.0531004424,188119.82406034862
2024-01-14 09:00:00,200857.06,210452.9,197042.95,204590.83955154245,203014.1359173128,196677.5130463097
2024-01-14 10:00:00,204418.25,214787.55,201151.49,208365.08917462366,206952.4826138572,199264.95587972892
2024-01-14 11:00:00,202950.06,213369.28,199944.65,207130.79043660848,205674.26502879642,197541.22495578678
2024-01-14 12:00:00,198492.67,209991.8,196556.19,203490.18041196736,202740.8258214701,193747.32962126422
2024-01-14 13:00:00,189761.8,202881.77,188827.52,195815.9853981394,194808.76902681575,186310.2008275902
2024-01-14 14:00:00,182683.87,199859.72,182150.9,191488.38815903812,189209.76296946753,181326.31758196754
2024-01-14 15:00:00,177385.87,197734.47,178140.43,188827.3245301363,186258.028239119,177590.98458000418
2024-01-14 16:00:00,173947.36,193566.8,175050.24,185683.83252230406,182325.98195931016,174081.57716288994
2024-01-14 17:00:00,175561.08,191110.78,177843.54,186082.91077182264,181677.17490931615,176062.03844041165
2024-01-14 18:00:00,178043.28,190311.74,180367.23,187171.11352206414,182717.5710531457,178831.4937522861
2024-01-14 19:00:00,175431.62,186576.49,176277.37,183336.1197583617,179242.82475414657,172484.4950627946
2024-01-14 20:00:00,168025.27,178561.0,166242.35,174236.53147249945,171398.702369616,162771.34149351442
2024-01-14 21:00:00,161522.74,172840.4,158737.63,167375.38302084932,164743.42654177282,155672.81513867833
2024-01-14 22:00:00,154802.73,164595.58,150953.17,159372.14252644844,156830.02226705453,149595.73976239262
2024-01-14 23:00:00,148815.4,158257.75,144915.36,153058.22191379493,150557.15050991124,145158.58794959047
2024-01-15 00:00:00,142908.4,151999.84,140476.56,149317.16858249894,144107.0682637024,143428.86252202268
2024-01-15 01:00:00,138338.23,147150.54,136215.72,144700.2273384934,139502.4692468629,139433.19927013398
2024-01-15 02:00:00,135402.68,143852.77,133645.49,141716.96590683915,136434.07743540505,136202.18715888262
2024-01-15 03:00:00,134664.83,143202.5,133255.84,141011.79478580225,136006.5413399377,135056.99497021263
2024-01-15 04:00:00,138321.97,145948.94,136647.54,144005.43858538027,137634.97141620883,137724.23966700135
2024-01-15 05:00:00,149054.23,154515.52,146678.1,153266.54340460876,146747.40650946915,146879.924000729
2024-01-15 06:00:00,164424.85,166390.25,164110.26,168080.64488519946,165481.5703003917,161777.73775833048
2024-01-15 07:00:00,183389.94,181677.49,185591.17,186717.78336590214,187338.71044993761,179571.00296248368
2024-01-15 08:00:00,196111.32,193056.65,196462.95,198215.14523624314,199543.50185433598,191146.68990173622
2024-01-15 09:00:00,204197.78,200857.06,200024.22,204840.09160848145,208545.32400605857,199894.22395575716
2024-01-15 10:00:00,209986.65,204418.25,202282.25,208148.86007970473,213341.22199763914,203380.0439588526
2024-01-15 11:00:00,208390.61,202950.06,202743.27,207698.52889700825,212724.57726986485,201852.7658190863
2024-01-15 12:00:00,203876.4,198492.67,201920.7,204699.5688649239,207677.80106640587,198033.03632352554
2024-01-15 13:00:00,196368.8,189761.8,194689.27,196641.47593688313,198887.95403750907,191058.59267315862
2024-01-15 14:00:00,192776.7,182683.87,191467.84,191690.04958501965,194224.76759899335,187656.28071570737
2024-01-15 15:00:00,190950.58,177385.87,189118.25,188143.58445595144,191377.24697787088,185261.28792856485
2024-01-15 16:00:00,187414.96,173947.36,187221.91,185312.42692691638,187483.0205419135,182927.77863091472
2024-01-15 17:00:00,184999.29,175561.08,189792.98,186487.07813324974,189190.6452621405,184083.57984562838
2024-01-15 18:00:00,183548.85,178043.28,193031.9,188578.90836420679,190994.36327994056,185583.83936681785
2024-01-15 19:00:00,180272.33,175431.62,186866.02,184479.3652542595,187816.40323225004,178675.30851225645
2024-01-15 20:00:00,173960.18,168025.27,176132.38,175539.58678546903,178719.45973586227,167696.23739181054
2024-01-15 21:00:00,166612.03,161522.74,167638.68,168180.86275655162,170764.95845169286,160016.25477520018
2024-01-15 22:00:00,158989.26,154802.73,159213.05,160507.70915591597,162151.87119748973,153199.46276119057
2024-01-15 23:00:00,152273.53,148815.4,152405.31,154220.35836731785,155631.09808823862,148489.69617961903
2024-01-16 00:00:00,146667.07,142908.4,146380.0,147680.85511991894,149729.648953248,146174.9500455003
2024-01-16 01:00:00,142465.54,138338.23,141845.58,143063.36457346295,145003.08311908098,141492.49273526986
2024-01-16 02:00:00,139812.22,135402.68,138620.56,139889.59540046114,141545.19352230546,138167.32677017132
2024-01-16 03:00:00,138845.28,134664.83,137780.18,139031.6039984399,140708.56948484023,136804.7627557071
2024-01-16 04:00:00,141822.34,138321.97,140022.41,141957.48136526928,143407.5222886958,139144.87604342971
2024-01-16 05:00:00,151059.65,149054.23,149848.87,151759.3128247753,152847.24417168208,148372.7768619762
2024-01-16 06:00:00,166341.62,164424.85,166511.64,167050.7829164832,167632.73871256152,163910.97841836288
2024-01-16 07:00:00,185690.03,183389.94,187566.41,186302.63308120338,187143.63230926733,181871.49449487453
2024-01-16 08:00:00,197823.89,196111.32,197768.45,197919.11625690403,198255.90828326074,191044.37285310053
2024-01-16 09:00:00,206838.24,204197.78,202425.49,204830.92229971226,207573.71739818313,198943.91943578425
2024-01-16 10:00:00,212639.99,209986.65,205156.77,209156.89596189727,213051.9449813575,202492.49722097686
2024-01-16 11:00:00,209856.6,208390.61,203238.77,207671.09632259217,212078.2259707854,200676.71199386264
2024-01-16 12:00:00,206527.61,203876.4,200965.81,204186.7760030415,207721.59994956825,196351.37873247682
2024-01-16 13:00:00,199809.77,196368.8,192793.01,196589.59321346768,200557.09536525514,189299.8214846145
2024-01-16 14:00:00,197890.48,192776.7,190064.53,193203.49940221134,197679.97246998164,187204.60053509887
2024-01-16 15:00:00,197611.6,190950.58,189031.09,191264.0431108734,195311.8146801268,185669.59878398426
2024-01-16 16:00:00,193994.55,187414.96,187189.12,188121.38605469523,190436.17858835697,183352.74874346453
2024-01-16 17:00:00,191347.46,184999.29,188640.58,187280.73306558703,187607.0233120981,184503.10667257413
2024-01-16 18:00:00,189973.01,183548.85,192029.11,187883.50176141984,188543.8587250818,186416.47934335354
2024-01-16 19:00:00,185798.61,180272.33,187031.98,184185.0967438533,184592.81745701525,180249.38535569957
2024-01-16 20:00:00,178724.04,173960.18,175844.16,175839.78801877433,175871.8445826969,168982.58369930674
2024-01-16 21:00:00,171730.47,166612.03,167388.46,168537.67023439752,169491.9521761512,160528.62604448493
2024-01-16 22:00:00,163872.96,158989.26,157935.08,160407.4997972645,162128.83884957252,153288.147477738
2024-01-16 23:00:00,157147.63,152273.53,150676.86,153730.6025900028,155606.9572042634,148070.55151377028
2024-01-17 00:00:00,151482.23,146667.07,144872.43,149243.22698086363,150254.48089660588,151136.18127536497
2024-01-17 01:00:00,147034.15,142465.54,140541.61,144799.1357707333,145606.0633021919,146455.681136472
2024-01-17 02:00:00,144243.89,139812.22,137800.83,141913.2657331338,142653.73066597892,143227.61804767908
2024-01-17 03:00:00,142982.32,138845.28,137247.27,141137.91734398436,141794.4427650839,142146.1509070019
2024-01-17 04:00:00,145810.99,141822.34,140212.49,144107.28857259834,144806.02610610783,144682.9314161863
2024-01-17 05:00:00,155048.0,151059.65,150767.2,153790.20994685014,153955.9173739877,153995.3181568672
2024-01-17 06:00:00,171587.64,166341.62,167826.75,169046.6526686496,169526.46465301976,169857.31988274524
2024-01-17 07:00:00,189835.98,185690.03,188523.08,187956.39860375354,189335.53693668378,188125.6090060072
2024-01-17 08:00:00,198730.16,197823.89,199151.6,199364.09897625592,200084.64383118603,197028.70461860485
2024-01-17 09:00:00,206230.04,206838.24,204910.72,206953.5791542415,208193.61786089378,204542.7915744568
2024-01-17 10:00:00,211248.05,212639.99,209590.75,211949.0748030993,213581.77515528555,207692.50491145975
2024-01-17 11:00:00,211554.39,209856.6,208781.7,210374.68899015238,210972.61564686242,206034.19495606216
2024-01-17 12:00:00,209607.83,206527.61,205029.23,206658.70928486934,207944.54594424975,202376.7348756726
2024-01-17 13:00:00,203879.02,199809.77,197412.49,199312.60236389347,201096.6629382369,195349.26343933717
2024-01-17 14:00:00,201619.22,197890.48,193514.77,195724.60403022845,198601.86187176793,193017.62376199506
2024-01-17 15:00:00,199751.38,197611.6,191381.83,193779.58636766663,197027.20414486804,190935.73642041892
2024-01-17 16:00:00,195521.75,193994.55,189615.69,190704.7397880714,193955.333887755,187994.29807543187
2024-01-17 17:00:00,192380.5,191347.46,191899.07,190400.06181523364,192757.79486102887,188919.10319557315
2024-01-17 18:00:00,191588.26,189973.01,194488.68,191066.8477116494,192901.44981019234,190464.53369793622
2024-01-17 19:00:00,187329.29,185798.61,189626.46,187172.47258921957,188674.57392221136,184733.5369525052
2024-01-17 20:00:00,180403.3,178724.04,179553.72,179029.6085881437,180904.97255886934,174156.68823473182
2024-01-17 21:00:00,174578.43,171730.47,171107.85,171579.2726940315,173026.88157536607,165768.6982381917
2024-01-17 22:00:00,167020.62,163872.96,162451.93,163739.24361097152,165120.62280085683,158508.18871268578
2024-01-17 23:00:00,160335.1,157147.63,154904.14,156897.5571536666,158264.60646437726,152957.1768006144
2024-01-18 00:00:00,153740.72,151482.23,148160.24,150413.6225775389,152811.56268469171,155145.4079303305
2024-01-18 01:00:00,148893.29,147034.15,143595.37,145888.19302693364,148319.62687612293,151039.19212121065
2024-01-18 02:00:00,145716.63,144243.89,140301.89,142890.3981415351,145280.04704570095,148258.8186708611
2024-01-18 03:00:00,144578.81,142982.32,139524.26,141923.7082275119,144310.47982523794,147523.59045361154
2024-01-18 04:00:00,147417.57,145810.99,142541.54,144970.63156679992,147229.8818609088,150787.63303719525
2024-01-18 05:00:00,157243.81,155048.0,153326.3,154943.99220948297,156730.03962500143,160549.8526589399
2024-01-18 06:00:00,175547.04,171587.64,170304.92,171268.01741189935,173578.85174744233,177049.99422427965
2024-01-18 07:00:00,194591.37,189835.98,191272.75,190537.65865997426,192008.50410230402,195134.8162918746
2024-01-18 08:00:00,201951.65,198730.16,202884.25,201111.5376491015,202121.98375345534,203995.22946646786
2024-01-18 09:00:00,208105.2,206230.04,210903.93,208866.32887567222,209840.91654042114,211339.4604837075
2024-01-18 10:00:00,212295.16,211248.05,213252.12,213152.5488589457,213635.85597922342,214123.77686788476
2024-01-18 11:00:00,212291.39,211554.39,211086.09,212103.45971158025,213153.88348934962,212524.2222072319
2024-01-18 12:00:00,211778.65,209607.83,205646.89,208530.3799150282,209867.3961775841,209213.57786523202
2024-01-18 13:00:00,205834.31,203879.02,196878.64,201556.30645391208,204373.14884943035,202586.2479880597
2024-01-18 14:00:00,204577.44,201619.22,193584.07,198811.37084736736,201446.5935346196,200795.06253285508
2024-01-18 15:00:00,202930.27,199751.38,191788.17,197100.52780059076,199540.6999688626,198921.2599314146
2024-01-18 16:00:00,198443.45,195521.75,190473.94,193951.0508137357,195752.71380863577,195560.67649495302
2024-01-18 17:00:00,195260.9,192380.5,193377.39,192827.27881154962,194075.09431531906,195134.96343047285
2024-01-18 18:00:00,193094.99,191588.26,195810.25,192984.71199500174,194282.6657984683,196791.26955653835
2024-01-18 19:00:00,189348.51,187329.29,191674.1,189163.40485677155,190189.7178426186,192308.3225383946
2024-01-18 20:00:00,183115.55,180403.3,181513.49,181227.75587916194,181807.5886272952,182055.59644749184
2024-01-18 21:00:00,176756.19,174578.43,173482.26,174275.2670768566,175898.17866746802,173978.25336862847
2024-01-18 22:00:00,168312.16,167020.62,164533.1,166251.08395736304,168029.20601359083,166091.0095681058
2024-01-18 23:00:00,161124.76,160335.1,156878.27,159277.3060269379,160829.54999604513,160602.6739907525
2024-01-19 00:00:00,154351.25,153740.72,150500.26,154094.64047994625,154800.4332275084,156148.37918784723
2024-01-19 01:00:00,150129.21,148893.29,145667.75,149363.64452618867,149862.74546082315,152281.97069143134
2024-01-19 02:00:00,147617.88,145716.63,142929.37,146416.0904551453,146688.46338139358,149340.801590883
2024-01-19 03:00:00,146383.6,144578.81,141950.4,145350.40605973708,145571.70477599069,148874.43589037604
2024-01-19 04:00:00,149404.25,147417.57,144797.8,148241.26121826636,148448.7614046646,152077.85322648176
2024-01-19 05:00:00,159406.9,157243.81,154452.46,157928.00914268498,158236.89023436361,162043.22215685932
2024-01-19 06:00:00,177452.81,175547.04,171156.72,174955.9802053698,176006.34613189875,178177.12599358943
2024-01-19 07:00:00,196720.86,194591.37,192666.96,194741.11123003828,194791.7354401889,196421.92981210322
2024-01-19 08:00:00,204804.31,201951.65,205007.41,204732.04779295952,204074.84499887045,204381.0750568369
2024-01-19 09:00:00,210460.62,208105.2,213351.8,212200.50446873836,211205.88079796458,212260.34518855377
2024-01-19 10:00:00,216173.21,212295.16,217182.66,216703.2541320612,215388.8276363369,216459.24706827276
2024-01-19 11:00:00,217329.09,212291.39,217259.29,216292.05237116403,215382.02267790868,216282.67641113777
2024-01-19 12:00:00,217445.31,211778.65,213304.67,214000.76150053475,212914.07640870608,213265.19971350126
2024-01-19 13:00:00,210860.69,205834.31,204047.45,206952.62154994614,206120.5837859998,206806.88586006727
2024-01-19 14:00:00,207906.83,204577.44,199362.45,204321.1964533047,204256.37508111252,203280.83329651054
2024-01-19 15:00:00,204865.76,202930.27,197294.91,202659.71843484917,202300.8991127903,199946.15039406027
2024-01-19 16:00:00,198975.18,198443.45,194865.24,198957.4283934972,197825.9379237104,195744.68957896455
2024-01-19 17:00:00,195212.18,195260.9,195682.31,197122.64719615722,196256.98371743163,195482.6213652285
2024-01-19 18:00:00,193838.8,193094.99,196912.57,196460.10740983472,194717.85668413294,196893.00854360277
2024-01-19 19:00:00,190161.58,189348.51,192498.6,192554.59477577067,191096.7123439369,191568.75219348847
2024-01-19 20:00:00,183228.73,183115.55,183139.9,184927.59651933768,183894.49188623647,180942.04779156824
2024-01-19 21:00:00,178149.43,176756.19,175029.83,177818.13297979036,176751.81202584866,172819.02281597303
2024-01-19 22:00:00,170494.75,168312.16,166375.13,169488.90308168516,168580.95451313906,165659.02610640167
2024-01-19 23:00:00,163255.59,161124.76,159938.06,162655.7388549305,161735.89338680592,160291.3609593588
2024-01-20 00:00:00,156792.31,154351.25,153404.03,156259.9514620864,155078.59801784676,158117.5483795688
2024-01-20 01:00:00,152409.57,150129.21,148514.03,151671.26993634677,150617.24207918378,154226.68974083092
2024-01-20 02:00:00,149549.21,147617.88,144961.73,148658.27197377506,148267.2159795277,151544.02931303222
2024-01-20 03:00:00,148757.19,146383.6,143793.63,147432.50237320055,147072.48041045244,150977.8201769559
2024-01-20 04:00:00,151671.18,149404.25,146585.91,150327.02458339243,150125.23748825616,153982.1645725718
2024-01-20 05:00:00,161874.95,159406.9,155419.47,159874.60349275748,159833.08718769392,163610.1866445728
2024-01-20 06:00:00,178371.5,177452.81,170385.03,176727.7814774545,176272.52246133177,179124.803982553
2024-01-20 07:00:00,196356.91,196720.86,190159.74,196005.035355414,194747.94893110232,196565.4322266633
2024-01-20 08:00:00,203308.38,204804.31,203003.77,205753.7603510132,202881.0816321161,205195.8065929087
2024-01-20 09:00:00,210708.78,210460.62,210452.9,212442.38109855237,209427.05307069572,213210.66248326778
2024-01-20 10:00:00,215426.52,216173.21,214787.55,217400.40499678074,214594.26264539658,216066.52222676435
2024-01-20 11:00:00,214249.32,217329.09,213369.28,217370.12214132227,215461.30778041374,215519.84380714613
2024-01-20 12:00:00,212910.99,217445.31,209991.8,215781.73479245507,215110.3941183776,212480.16098193254
2024-01-20 13:00:00,207208.14,210860.69,202881.77,209248.90869666473,207856.1337117062,205936.7368315221
2024-01-20 14:00:00,203887.38,207906.83,199859.72,206518.36345542755,205021.71082915852,203073.82079044258
2024-01-20 15:00:00,202371.36,204865.76,197734.47,204061.4397783178,202632.8137160002,200780.57607294648
2024-01-20 16:00:00,198608.54,198975.18,193566.8,199187.95018562127,196645.13683768947,197091.11607182055
2024-01-20 17:00:00,195561.86,195212.18,191110.78,196229.7226440714,193250.1358846075,197893.8984729696
2024-01-20 18:00:00,195408.37,193838.8,190311.74,195338.55662542264,191884.13680513867,199881.97197416646
2024-01-20 19:00:00,191304.38,190161.58,186576.49,191664.89750623752,188463.6506850626,194479.85031034992
2024-01-20 20:00:00,184635.43,183228.73,178561.0,184165.82329713248,181554.33866043345,183094.79567624387
2024-01-20 21:00:00,177755.76,178149.43,172840.4,178417.03352634306,176391.28272655324,174703.65802695265
2024-01-20 22:00:00,170439.29,170494.75,164595.58,170517.3816301553,169597.7009772459,167801.75237706862
2024-01-20 23:00:00,163753.56,163255.59,158257.75,163671.6538709092,162218.63666702385,162586.14671733874
2024-01-21 00:00:00,157379.27,156792.31,151999.84,154277.17355010647,157468.0538086282,159013.01262915513
2024-01-21 01:00:00,152608.94,152409.57,147150.54,149698.3362429185,153199.98145204622,154876.37630580764
2024-01-21 02:00:00,149455.13,149549.21,143852.77,146661.9328430901,149776.39746716237,151938.9955161603
2024-01-21 03:00:00,148583.98,148757.19,143202.5,145808.6797442819,148926.4092314145,151304.8474179239
2024-01-21 04:00:00,150974.93,151671.18,145948.94,148596.41365738845,151720.5687613078,154125.2334842487
2024-01-21 05:00:00,158656.74,161874.95,154515.52,158007.60708225062,161253.201910951,162136.71247991445
2024-01-21 06:00:00,170885.69,178371.5,166390.25,173135.16216673955,176228.4950630356,173797.01098216436
2024-01-21 07:00:00,185580.58,196356.91,181677.49,190227.40950267424,191025.27670439763,188821.08199677657
2024-01-21 08:00:00,194145.35,203308.38,193056.65,198769.33009271513,197872.95715549015,200170.2599878261
2024-01-21 09:00:00,201451.63,210708.78,200857.06,205849.58625044272,204996.3424661474,208965.96414405436
2024-01-21 10:00:00,209997.96,215426.52,204418.25,210112.8016002509,209256.2966024885,212296.2650678571
2024-01-21 11:00:00,211011.82,214249.32,202950.06,209298.07384745032,208632.28400110453,210915.65791516582
2024-01-21 12:00:00,209105.4,212910.99,198492.67,207214.52955490505,207821.21197260846,207604.29761866212
2024-01-21 13:00:00,202292.55,207208.14,189761.8,200478.38355865618,200133.35567066667,199947.00900682545
2024-01-21 14:00:00,196309.08,203887.38,182683.87,196348.08436755434,195124.76045550476,194524.0939616715
2024-01-21 15:00:00,192382.94,202371.36,177385.87,193457.65688445594,190938.83462593475,190624.3622074427
2024-01-21 16:00:00,189278.31,198608.54,173947.36,189534.60619706096,186807.2792239932,186875.28236715618
2024-01-21 17:00:00,188776.75,195561.86,175561.08,188075.50022719268,185497.14334213219,188253.90155337768
2024-01-21 18:00:00,188404.82,195408.37,178043.28,188452.04022791627,185088.2884036744,190456.13678935255
2024-01-21 19:00:00,186500.87,191304.38,175431.62,185110.33658524652,182573.439721977,184722.1700610895
2024-01-21 20:00:00,177965.94,184635.43,168025.27,178158.41117766622,176228.67183425016,174706.2247682535
2024-01-21 21:00:00,171213.05,177755.76,161522.74,171656.9095866123,170563.47078265942,167564.57748011826
2024-01-21 22:00:00,163492.98,170439.29,154802.73,164378.96068476816,163495.66822557608,160987.367972769
2024-01-21 23:00:00,157604.93,163753.56,148815.4,157880.5499693604,157172.12006052086,156068.5358139237
2024-01-22 00:00:00,151590.37,157379.27,142908.4,156009.48255760776,154152.36335756854,153174.11832741858
2024-01-22 01:00:00,147693.44,152608.94,138338.23,151330.21760243768,149690.876809726,149739.43119857094
2024-01-22 02:00:00,144558.04,149455.13,135402.68,148314.2472005588,146561.66145183652,147189.04240417707
2024-01-22 03:00:00,143695.0,148583.98,134664.83,147409.33967062144,145749.10121450794,146660.7913008534
2024-01-22 04:00:00,146670.01,150974.93,138321.97,150469.05138394775,148357.4592691819,149813.56010977994
2024-01-22 05:00:00,157250.44,158656.74,149054.23,160080.78518367975,156429.49749848657,159238.31442265297
2024-01-22 06:00:00,174187.45,170885.69,164424.85,175244.69618429278,173794.33831113117,174572.6420856134
2024-01-22 07:00:00,193115.73,185580.58,183389.94,192987.8255696464,193688.6265159555,193607.36272305663
2024-01-22 08:00:00,202304.88,194145.35,196111.32,202896.11519685693,203766.64609027348,206115.9698879302
2024-01-22 09:00:00,209952.62,201451.63,204197.78,210118.4272733007,211214.40089445165,214079.63429834103
2024-01-22 10:00:00,217364.79,209997.96,209986.65,216704.8115063001,217110.82560694724,217681.5820890435
2024-01-22 11:00:00,218693.92,211011.82,208390.61,216718.36163089154,217176.49833150013,216984.22950638033
2024-01-22 12:00:00,216962.98,209105.4,203876.4,214400.21338425446,217301.43149142573,213974.7460184013
2024-01-22 13:00:00,210698.89,202292.55,196368.8,207375.21739813965,210363.76279797152,206891.71246218504
2024-01-22 14:00:00,205302.35,196309.08,192776.7,203023.78553642135,207680.74130734042,203113.2402849106
2024-01-22 15:00:00,202424.16,192382.94,190950.58,200174.17365584854,203954.74080746682,200418.1342224288
2024-01-22 16:00:00,197598.66,189278.31,187414.96,196349.88786799114,200547.13698034588,198094.7855953933
2024-01-22 17:00:00,192935.75,188776.75,184999.29,194515.7954241591,197457.65191489627,199042.09399080847
2024-01-22 18:00:00,191413.74,188404.82,183548.85,193889.03515585777,196110.13664928716,200427.7231102436
2024-01-22 19:00:00,188095.58,186500.87,180272.33,190948.00451260485,192764.2483980456,193554.87735465445
2024-01-22 20:00:00,180805.93,177965.94,173960.18,183309.52704004574,184784.30012530086,182642.78432438345
2024-01-22 21:00:00,174910.23,171213.05,166612.03,176421.33938044013,178465.88128427113,174925.2506748144
2024-01-22 22:00:00,167060.63,163492.98,158989.26,168637.219427426,170248.05637220215,167664.8347130988
2024-01-22 23:00:00,160391.43,157604.93,152273.53,162014.77750536517,163440.6917297701,162411.6433103585
2024-01-23 00:00:00,154601.79,151590.37,146667.07,154691.99332148195,155954.32770414642,155387.9303996304
2024-01-23 01:00:00,150374.77,147693.44,142465.54,150422.4098119512,151494.17366865923,151477.5724248172
2024-01-23 02:00:00,147404.05,144558.04,139812.22,147412.63905506267,148772.4328179641,148793.34782607597
2024-01-23 03:00:00,147009.61,143695.0,138845.28,146491.1743722981,147792.52349508132,148119.86319143715
2024-01-23 04:00:00,149745.62,146670.01,141822.34,149393.76417353234,150911.3763427579,150966.80515355777
2024-01-23 05:00:00,158356.6,157250.44,151059.65,159321.99686109496,160420.5562470943,160544.7924730553
2024-01-23 06:00:00,174324.82,174187.45,166341.62,175412.19799401547,176685.76528324903,176479.22850874555
2024-01-23 07:00:00,191744.01,193115.73,185690.03,194167.9891414358,195135.4829285483,195926.34196169037
2024-01-23 08:00:00,199624.43,202304.88,197823.89,203912.2934202884,204441.71833603742,206316.04408501927
2024-01-23 09:00:00,205532.05,209952.62,206838.24,211836.17670273053,212215.3991847052,213800.67218095323
2024-01-23 10:00:00,212901.18,217364.79,212639.99,218114.13176630763,219329.41788620965,217564.34710824533
2024-01-23 11:00:00,215147.32,218693.92,209856.6,217537.53191565664,219028.83682984303,216066.51953962125
2024-01-23 12:00:00,214152.9,216962.98,206527.61,215313.53445261312,217008.640790194,212327.15146475544
2024-01-23 13:00:00,207671.19,210698.89,199809.77,208820.3430518285,210376.78039471732,205126.85836289043
2024-01-23 14:00:00,204595.84,205302.35,197890.48,204984.29662804704,206587.07468257353,202631.04299003925
2024-01-23 15:00:00,202240.79,202424.16,197611.6,203161.63235097792,204198.39355811887,201260.09430011627
2024-01-23 16:00:00,198216.11,197598.66,193994.55,199139.05074080147,199321.81680022625,198908.09045088993
2024-01-23 17:00:00,195603.72,192935.75,191347.46,195990.62988741376,195121.5017306072,199819.75152719696
2024-01-23 18:00:00,194499.74,191413.74,189973.01,195184.62951618776,193973.0783650139,201764.5429710019
2024-01-23 19:00:00,191189.19,188095.58,185798.61,191634.92546607164,190419.4803299679,195946.72695788543
2024-01-23 20:00:00,185427.33,180805.93,178724.04,184146.42813793058,183116.31174998937,184645.94246400867
2024-01-23 21:00:00,179311.01,174910.23,171730.47,177448.52626280938,177370.64798655958,176238.6891872441
2024-01-23 22:00:00,172517.49,167060.63,163872.96,169588.4573471353,169806.66920498086,168335.74656503304
2024-01-23 23:00:00,165275.67,160391.43,157147.63,162875.496731719,163229.60812647163,162478.39035920682
2024-01-24 00:00:00,158160.56,154601.79,151482.23,155720.38689404097,154755.05988596313,159836.3241825339
2024-01-24 01:00:00,153236.32,150374.77,147034.15,151299.65236278778,150591.1184883772,155761.50055152984
2024-01-24 02:00:00,150101.33,147404.05,144243.89,148303.81688183776,147594.97546939697,153092.92529872546
2024-01-24 03:00:00,149096.04,147009.61,142982.32,147471.21590674508,146881.57392033946,152510.24732586817
2024-01-24 04:00:00,151039.59,149745.62,145810.99,150202.60295202484,149553.78628575354,155425.81072070252
2024-01-24 05:00:00,160472.09,158356.6,155048.0,159146.08830852123,158169.1149292875,165211.19008435137
2024-01-24 06:00:00,178672.78,174324.82,171587.64,174779.19277118062,174104.7473747939,181397.27645393502
2024-01-24 07:00:00,195236.55,191744.01,189835.98,192207.0427951223,191236.95519561888,200812.31709423763
2024-01-24 08:00:00,202041.11,199624.43,198730.16,200736.25300553234,199164.65587680507,210603.512953065
2024-01-24 09:00:00,207863.26,205532.05,206230.04,207554.50198944038,206061.51958295683,218140.22331898208
2024-01-24 10:00:00,213403.4,212901.18,211248.05,214219.17007439694,212369.41716760927,221988.93284512323
2024-01-24 11:00:00,214008.59,215147.32,211554.39,215399.3422193764,214620.16999608825,220641.26135573926
2024-01-24 12:00:00,214294.93,214152.9,209607.83,213730.7733126923,213431.4856164656,217058.991204829
2024-01-24 13:00:00,210057.61,207671.19,203879.02,207388.58357200088,206449.15056713467,210223.020743401
2024-01-24 14:00:00,206906.21,204595.84,201619.22,203842.97266436805,203389.64577330017,207586.90748167597
2024-01-24 15:00:00,203680.16,202240.79,199751.38,201338.58028659964,201012.40255700416,205428.4537587298
2024-01-24 16:00:00,198165.71,198216.11,195521.75,197437.01829771991,196865.25922033202,202491.43555201738
2024-01-24 17:00:00,195639.35,195603.72,192380.5,195073.55151529936,193923.5166767795,203217.49962022994
2024-01-24 18:00:00,194282.75,194499.74,191588.26,194439.9969679012,193098.55211813046,204825.35321311626
2024-01-24 19:00:00,191508.59,191189.19,187329.29,191184.17584459655,189160.2313122524,199506.74658636408
2024-01-24 20:00:00,184752.47,185427.33,180403.3,184190.3220923935,183372.7399504324,189120.66104475458
2024-01-24 21:00:00,180414.94,179311.01,174578.43,177921.59189841163,177637.77419068085,180744.46962668648
2024-01-24 22:00:00,173348.77,172517.49,167020.62,170570.8241538963,170574.67598197502,172902.71772917596
2024-01-24 23:00:00,165665.16,165275.67,160335.1,163779.98351137183,163780.872609118,166663.22961827356
2024-01-25 00:00:00,158295.66,158160.56,153740.72,156069.13537137327,156897.62821975892,159926.1428340664
2024-01-25 01:00:00,153458.2,153236.32,148893.29,151415.6420981934,152039.52619631053,155582.35459084733
2024-01-25 02:00:00,150648.15,150101.33,145716.63,148248.35827640005,148928.05978300227,152697.63863490088
2024-01-25 03:00:00,149846.05,149096.04,144578.81,147264.95945512652,147795.81532013728,151980.84906818363
2024-01-25 04:00:00,152379.02,151039.59,147417.57,149772.38699296763,150252.3473156837,155230.927075974
2024-01-25 05:00:00,162157.58,160472.09,157243.81,159498.35874735276,159704.11742969372,165091.0629506823
2024-01-25 06:00:00,178489.16,178672.78,175547.04,177117.32534459786,177529.34638119495,181713.35300405274
2024-01-25 07:00:00,195135.21,195236.55,194591.37,194963.4195732044,194731.49767666144,200757.57370406855
2024-01-25 08:00:00,204750.7,202041.11,201951.65,202625.9320329141,201749.71397559837,210477.89821513044
2024-01-25 09:00:00,212907.29,207863.26,208105.2,208994.3775729839,207957.25026829168,218092.87501412805
2024-01-25 10:00:00,218714.14,213403.4,212295.16,214383.6020945291,212942.37446396908,221243.89741424975
2024-01-25 11:00:00,219952.08,214008.59,212291.39,214925.65335471623,213681.23124120623,219800.36762748242
2024-01-25 12:00:00,216962.57,214294.93,211778.65,214170.91317147648,213361.33984168418,216321.57447294504
2024-01-25 13:00:00,209391.6,210057.61,205834.31,208658.13072593464,208302.52933271352,209368.27665813873
2024-01-25 14:00:00,206487.47,206906.21,204577.44,205717.19637528877,205525.3832960685,207174.79361972044
2024-01-25 15:00:00,203817.11,203680.16,202930.27,203213.75581388257,202900.83508760564,204904.38640891982
2024-01-25 16:00:00,198944.86,198165.71,198443.45,198499.60243903866,198306.20781698477,201803.5106826107
2024-01-25 17:00:00,195479.53,195639.35,195260.9,195639.72535384074,195037.391712477,201301.1314800968
2024-01-25 18:00:00,193344.61,194282.75,193094.99,194334.33493310772,193397.10622889723,202947.99079007618
2024-01-25 19:00:00,189628.14,191508.59,189348.51,191249.24348523212,190117.62760414425,198941.0943140339
2024-01-25 20:00:00,183019.15,184752.47,183115.55,184484.52860817502,183680.7213143115,189051.01721773046
2024-01-25 21:00:00,178122.98,180414.94,176756.19,178909.245417422,178390.3002446855,181127.91752405884
2024-01-25 22:00:00,172089.71,173348.77,168312.16,171291.59257958896,171657.19220309696,172676.84382137787
2024-01-25 23:00:00,165475.97,165665.16,161124.76,164042.20695739597,164145.73762151957,166546.98210131002
2024-01-26 00:00:00,158675.01,158295.66,154351.25,154556.30830605692,155870.44157175918,159953.48134757607
2024-01-26 01:00:00,153379.3,153458.2,150129.21,150073.6589011854,151010.4675800352,155816.16130716976
2024-01-26 02:00:00,149999.08,150648.15,147617.88,147319.61650832617,148145.12283199822,152910.9856919655
2024-01-26 03:00:00,149538.04,149846.05,146383.6,146426.6680090552,147478.48519517508,152268.60098500844
2024-01-26 04:00:00,152475.41,152379.02,149404.25,149039.6858121891,149932.04476012697,155332.6718092126
2024-01-26 05:00:00,162282.88,162157.58,159406.9,158431.36537541958,159531.82321150703,165013.70352408744
2024-01-26 06:00:00,178138.41,178489.16,177452.81,174954.36342064696,175161.75032419924,181165.95763496376
2024-01-26 07:00:00,192526.06,195135.21,196720.86,192246.29929386018,191259.0754157148,200353.8780950774
2024-01-26 08:00:00,197458.44,204750.7,204804.31,200736.39959159604,198376.8427414566,209455.18446777144
2024-01-26 09:00:00,203777.4,212907.29,210460.62,207423.24072907606,202916.91935022103,217819.85765566299
2024-01-26 10:00:00,210133.24,218714.14,216173.21,213174.6231709461,207874.2368986052,222394.65434260765
2024-01-26 11:00:00,212513.42,219952.08,217329.09,214411.4131996217,209049.7249844968,222606.11158447323
2024-01-26 12:00:00,209509.11,216962.57,217445.31,212933.90427636745,209247.2221552535,219739.18757550896
2024-01-26 13:00:00,199729.59,209391.6,210860.69,206239.68759979287,201305.9990672563,212836.4801007264
2024-01-26 14:00:00,190034.7,206487.47,207906.83,203278.57387422706,198316.8640162467,208855.30422191153
2024-01-26 15:00:00,187294.32,203817.11,204865.76,200632.81173901533,195950.28355326605,205728.3432225651
2024-01-26 16:00:00,184021.34,198944.86,198975.18,195810.50410086478,190426.47220273686,201703.53228349818
2024-01-26 17:00:00,182756.99,195479.53,195212.18,192761.56257049373,186258.19282416237,200790.9283340224
2024-01-26 18:00:00,184071.96,193344.61,193838.8,191421.15693216913,184477.1511581856,201724.16206087882
2024-01-26 19:00:00,181332.72,189628.14,190161.58,188104.01326442132,181064.28785218426,197165.0960257974
2024-01-26 20:00:00,172569.54,183019.15,183228.73,181534.3465060305,173644.99084141201,187176.0427384137
2024-01-26 21:00:00,165660.55,178122.98,178149.43,176326.99758538778,171148.48879815268,179042.03447025712
2024-01-26 22:00:00,158369.18,172089.71,170494.75,169645.79558024765,163896.4029759124,171366.4433291556
2024-01-26 23:00:00,152158.98,165475.97,163255.59,162829.75000218445,157478.781588008,165531.79789614052
2024-01-27 00:00:00,146968.39,158675.01,156792.31,154040.46308925922,153594.09099798705,146480.15002410125
2024-01-27 01:00:00,142959.46,153379.3,152409.57,149285.18021717475,148662.80927081112,142267.5003282275
2024-01-27 02:00:00,140445.31,149999.08,149549.21,146215.62000262862,145006.10717383315,139397.029589278
2024-01-27 03:00:00,139789.93,149538.04,148757.19,145487.50227651605,144175.16957874032,138647.28136693253
2024-01-27 04:00:00,142672.62,152475.41,151671.18,148081.70168699085,146994.0617095282,141655.183580974
2024-01-27 05:00:00,152487.75,162282.88,161874.95,157527.4519860724,156647.8583899888,150944.63758867004
2024-01-27 06:00:00,169740.91,178138.41,178371.5,173353.30209475625,173331.57831889443,166204.596473463
2024-01-27 07:00:00,192489.52,192526.06,196356.91,188967.52267798485,189877.9161853041,184142.43045419655
2024-01-27 08:00:00,203922.16,197458.44,203308.38,195377.81570282896,196980.54331206818,194041.4093404729
2024-01-27 09:00:00,210663.43,203777.4,210708.78,201893.90733958324,204128.77496460304,202352.72874545027
2024-01-27 10:00:00,216145.61,210133.24,215426.52,207232.48220746935,210203.5942244661,206077.50018256946
2024-01-27 11:00:00,216219.18,212513.42,214249.32,207952.70810459222,210008.82930194135,205652.82913102984
2024-01-27 12:00:00,211421.57,209509.11,212910.99,206079.76138556757,208721.91281412006,202784.89037061098
2024-01-27 13:00:00,202440.04,199729.59,207208.14,199121.28558872952,202595.80691680117,196238.14951441088
2024-01-27 14:00:00,198159.05,190034.7,203887.38,193680.68117711908,199366.49663421445,193225.3586115245
2024-01-27 15:00:00,195457.46,187294.32,202371.36,191339.31130253192,197570.17174602795,190763.97328990113
2024-01-27 16:00:00,193841.83,184021.34,198608.54,187452.51304975164,194028.35562820252,186672.43934116562
2024-01-27 17:00:00,194632.04,182756.99,195561.86,185235.27486765012,191715.9241203973,185860.5041045473
2024-01-27 18:00:00,195520.53,184071.96,195408.37,185305.22271442143,190255.72837901025,186810.30076003465
2024-01-27 19:00:00,191618.95,181332.72,191304.38,182341.83351782896,187297.78208217563,182234.5751512922
2024-01-27 20:00:00,181759.44,172569.54,184635.43,175047.83302215626,180906.23293590816,171734.85036899376
2024-01-27 21:00:00,173915.45,165660.55,177755.76,169070.43443710238,175040.18438169322,164042.56108117977
2024-01-27 22:00:00,166074.09,158369.18,170439.29,162176.89540142592,167731.2077730418,156646.5042773048
2024-01-27 23:00:00,160121.5,152158.98,163753.56,155774.82334368202,160982.5774551177,151023.11021317838
2024-01-28 00:00:00,154636.05,146968.39,157379.27,150586.57261345518,154111.89650597126,155008.3777634577
2024-01-28 01:00:00,150921.06,142959.46,152608.94,146159.25513238108,149474.06400237218,150674.8362823247
2024-01-28 02:00:00,147877.3,140445.31,149455.13,143338.6299466427,146452.8137696978,147568.44691056904
2024-01-28 03:00:00,147151.36,139789.93,148583.98,142602.03385446902,145585.20183281804,146988.4974034921
2024-01-28 04:00:00,149520.73,142672.62,150974.93,145177.0382186121,148124.7295096219,149775.73396876457
2024-01-28 05:00:00,158485.69,152487.75,158656.74,154021.07296006544,155933.94455284873,157785.62373666454
2024-01-28 06:00:00,171883.86,169740.91,170885.69,168751.39296550376,169271.656333524,169564.3445294229
2024-01-28 07:00:00,188993.42,192489.52,185580.58,186282.50357824023,186036.16957156255,184581.00939247344
2024-01-28 08:00:00,200466.63,203922.16,194145.35,195627.53292238334,194515.19277083085,195935.72346201228
2024-01-28 09:00:00,209062.05,210663.43,201451.63,202602.87622770036,201637.53770859528,204703.0616882124
2024-01-28 10:00:00,213003.0,216145.61,209997.96,208727.82197725272,209232.89447752404,208684.17452718774
2024-01-28 11:00:00,212287.37,216219.18,211011.82,209374.82804950423,209683.45751476378,207516.21957789827
2024-01-28 12:00:00,208386.62,211421.57,209105.4,206046.70833510807,205930.89150347371,204045.06025030467
2024-01-28 13:00:00,199802.15,202440.04,202292.55,198207.33399203062,198546.85573626848,196073.77412846356
2024-01-28 14:00:00,192733.76,198159.05,196309.08,193323.85187179517,194095.80208533112,190020.89511338496
2024-01-28 15:00:00,189038.82,195457.46,192382.94,190267.81810288687,190903.56932428567,185691.52218047253
2024-01-28 16:00:00,186359.45,193841.83,189278.31,187428.28439748182,188458.59525416107,181896.40142565474
2024-01-28 17:00:00,187404.51,194632.04,188776.75,186860.20122931764,187731.2418021237,183066.55602818244
2024-01-28 18:00:00,187570.35,195520.53,188404.82,187013.80551205855,187138.6784357391,185003.11216580763
2024-01-28 19:00:00,185618.43,191618.95,186500.87,184159.77195125347,184959.5546883878,180326.2891933548
2024-01-28 20:00:00,176058.17,181759.44,177965.94,175793.40855465824,176735.3620285325,171046.6837796259
2024-01-28 21:00:00,169106.77,173915.45,171213.05,169164.5801906547,170319.37835489758,164114.96204281677
2024-01-28 22:00:00,162412.88,166074.09,163492.98,162066.88146732718,162894.0999007435,157459.82725885094
2024-01-28 23:00:00,156951.05,160121.5,157604.93,156180.92273706448,157169.97273721726,152243.35444471266
2024-01-29 00:00:00,151778.6,154636.05,151590.37,157331.94623893104,152658.39950636931,152206.70335503935
2024-01-29 01:00:00,147351.05,150921.06,147693.44,153114.71254049006,148672.85486032002,148412.78509509767
2024-01-29 02:00:00,144729.88,147877.3,144558.04,149946.13409149516,145488.56282357802,145750.64751689465
2024-01-29 03:00:00,144679.69,147151.36,143695.0,149186.76925940366,145087.36741598995,145096.69847152312
2024-01-29 04:00:00,148173.6,149520.73,146670.01,151987.14767309712,147251.7874305422,148459.1026106642
2024-01-29 05:00:00,158890.03,158485.69,157250.44,161928.4056840058,156957.58134470234,157856.1888791468
2024-01-29 06:00:00,177523.29,171883.86,174187.45,177507.37055741978,172790.51105400457,172551.43480810238
2024-01-29 07:00:00,198355.7,188993.42,193115.73,195406.80504069148,192987.28763992176,191075.7067977034
2024-01-29 08:00:00,206958.61,200466.63,202304.88,205098.9779884656,203798.6713539365,204148.43293710347
2024-01-29 09:00:00,214222.08,209062.05,209952.62,212909.43368721407,211479.8328743034,212220.91218598504
2024-01-29 10:00:00,219239.9,213003.0,217364.79,218618.62810320692,216413.68602949203,216643.14841473833
2024-01-29 11:00:00,219914.47,212287.37,218693.92,219125.11505247882,217413.41817651258,216515.1648836276
2024-01-29 12:00:00,214708.82,208386.62,216962.98,215949.51819512912,214647.15481919982,213794.68911630337
2024-01-29 13:00:00,204385.82,199802.15,210698.89,207866.68336982065,207274.1181851381,206600.2744623024
2024-01-29 14:00:00,200540.67,192733.76,205302.35,201290.68029104042,200967.60263017906,202555.99110895232
2024-01-29 15:00:00,198730.13,189038.82,202424.16,198192.36501554048,197912.22912349593,199446.1293403006
2024-01-29 16:00:00,197751.42,186359.45,197598.66,194693.1442439974,194305.1192795337,196559.93343592368
2024-01-29 17:00:00,196915.53,187404.51,192935.75,193235.31043223487,194902.0229747043,196168.1689997963
2024-01-29 18:00:00,195374.1,187570.35,191413.74,193121.30410722242,194134.78674188544,196672.79517755343
2024-01-29 19:00:00,191863.18,185618.43,188095.58,190501.48149981807,190997.67641369923,190944.10990202593
2024-01-29 20:00:00,183558.56,176058.17,180805.93,181846.84279873892,182643.75332811658,181379.25144085975
2024-01-29 21:00:00,177135.42,169106.77,174910.23,175048.55144883392,175021.2730443328,173888.63213907526
2024-01-29 22:00:00,170293.83,162412.88,167060.63,167679.56963517243,167141.8182491993,166555.88178216276
2024-01-29 23:00:00,163360.95,156951.05,160391.43,161515.45622202152,161262.26920995003,160902.78312435627
2024-01-30 00:00:00,157749.83,151778.6,154601.79,156125.58933198487,156713.277488281,158237.14530512938
2024-01-30 01:00:00,153681.0,147351.05,150374.77,151804.80079393924,152834.29254948563,154075.52315385747
2024-01-30 02:00:00,150882.07,144729.88,147404.05,148969.57901706497,149780.1329115025,151305.51629035088
2024-01-30 03:00:00,149916.08,144679.69,147009.61,148561.6187566949,149042.94319729204,150557.65922541032
2024-01-30 04:00:00,152876.39,148173.6,149745.62,151614.4072495075,151595.02608099298,153385.51079274388
2024-01-30 05:00:00,162993.87,158890.03,158356.6,161422.66046137983,161389.54943132246,162642.87244509792
2024-01-30 06:00:00,180960.24,177523.29,174324.82,178567.8924780919,178925.06882955824,177920.7771158643
2024-01-30 07:00:00,196936.67,198355.7,191744.01,198422.61360232413,199498.15975868166,197445.06741848518
2024-01-30 08:00:00,204736.96,206958.61,199624.43,207773.79010449772,208618.82514744924,208543.64047532214
2024-01-30 09:00:00,211671.27,214222.08,205532.05,214826.1353456455,215163.41645929083,216647.41250098945
2024-01-30 10:00:00,216541.39,219239.9,212901.18,220657.1125032121,220124.05546402084,221371.57246306862
2024-01-30 11:00:00,216726.98,219914.47,215147.32,221436.31051704407,220519.53729786028,220109.1250359773
2024-01-30 12:00:00,212781.42,214708.82,214152.9,217820.38260149362,215781.72065414034,216850.39254293364
2024-01-30 13:00:00,203823.9,204385.82,207671.19,209229.72410545085,207347.2943507229,209726.67685327778
2024-01-30 14:00:00,200269.07,200540.67,204595.84,205381.55236338422,203334.29669083023,207241.0102827696
2024-01-30 15:00:00,198579.99,198730.13,202240.79,203145.84637017126,201029.04892938584,206116.81840608869
2024-01-30 16:00:00,196550.63,197751.42,198216.11,200726.69239539758,199333.7093958915,202934.32925326293
2024-01-30 17:00:00,196279.47,196915.53,195603.72,199589.9225979529,197682.15001640303,202556.88041532328
2024-01-30 18:00:00,194144.22,195374.1,194499.74,198848.28679118468,196397.91979114822,203390.57809192306
2024-01-30 19:00:00,189705.76,191863.18,191189.19,195563.5561851521,193171.03795622036,198330.01883984962
2024-01-30 20:00:00,183287.76,183558.56,185427.33,187652.07320411893,185474.59002831148,188303.14793611996
2024-01-30 21:00:00,176438.67,177135.42,179311.01,180903.2067907051,179306.65730755552,180495.44936309935
2024-01-30 22:00:00,168926.37,170293.83,172517.49,173805.95490786651,172797.85142778693,172557.0063218948
2024-01-30 23:00:00,163327.53,163360.95,165275.67,167000.19294554766,165755.33059480376,166289.91698384265
2024-01-31 00:00:00,157792.64,157749.83,158160.56,159417.2161232181,159087.36068193117,157751.90725669017
2024-01-31 01:00:00,153621.27,153681.0,153236.32,155031.10071503854,154325.1142838424,153576.8742802702
2024-01-31 02:00:00,150803.92,150882.07,150101.33,152039.90399915224,151240.33943291864,150831.07684536924
2024-01-31 03:00:00,150201.96,149916.08,149096.04,151129.50347431202,150293.085862081,150099.66390619928
2024-01-31 04:00:00,152935.61,152876.39,151039.59,153699.38711755592,153011.57983092504,152904.33114314632
2024-01-31 05:00:00,161905.6,162993.87,160472.09,163455.56748913255,163039.79066573622,162391.8568928298
2024-01-31 06:00:00,177955.73,180960.24,178672.78,180699.8860479969,180482.58159994066,178190.01777310262
2024-01-31 07:00:00,193523.26,196936.67,195236.55,197568.89848736383,196684.8695327235,197040.64706846813
2024-01-31 08:00:00,201899.53,204736.96,202041.11,205830.73285293014,203949.43858637172,206910.57231192524
2024-01-31 09:00:00,211005.22,211671.27,207863.26,212823.67582232668,210857.52761633493,214307.843462052
2024-01-31 10:00:00,217343.38,216541.39,213403.4,217749.76069046083,216286.83325911648,218973.67564110077
2024-01-31 11:00:00,215721.51,216726.98,214008.59,217957.35460805005,216130.96768410126,218686.6731602959
2024-01-31 12:00:00,211405.08,212781.42,214294.93,215326.88044713682,213372.8517825344,215539.39863441742
2024-01-31 13:00:00,203757.8,203823.9,210057.61,207961.87504827234,205613.45235908907,208986.8477883484
2024-01-31 14:00:00,199705.25,200269.07,206906.21,203978.01066578925,202406.8910305416,206297.17000022993
2024-01-31 15:00:00,195959.16,198579.99,203680.16,201441.0931700922,200431.47912189923,204439.65746812793
2024-01-31 16:00:00,195569.13,196550.63,198165.71,198133.49791524693,197039.94639721222,201151.30364753323
2024-01-31 17:00:00,193286.17,196279.47,195639.35,197124.4526064898,195955.34934581004,200669.49041653998
2024-01-31 18:00:00,191580.91,194144.22,194282.75,195859.64123813447,194580.01009809165,201399.1165877508
2024-01-31 19:00:00,188361.35,189705.76,191508.59,192641.99669431412,190708.82572917925,196405.1219335743
2024-01-31 20:00:00,180066.53,183287.76,184752.47,185333.7777204352,183888.17537694346,186900.13644961812
2024-01-31 21:00:00,171799.21,176438.67,180414.94,179294.57770346096,178179.04757858452,179324.505138915
2024-01-31 22:00:00,163724.75,168926.37,173348.77,172133.48285420315,171171.89407515264,171551.29469347082
2024-01-31 23:00:00,157867.35,163327.53,165665.16,165719.48012167373,164944.45585273104,165097.79795854999
2024-02-01 00:00:00,152032.11,157792.64,158295.66,157300.34796975608,157813.25382619476,151740.14495366323
2024-02-01 01:00:00,147716.29,153621.27,153458.2,152854.902397905,153529.04761943224,147244.56078819738
2024-02-01 02:00:00,144241.09,150803.92,150648.15,150041.77862642158,150692.1540880952,144218.22222153502
2024-02-01 03:00:00,143321.38,150201.96,149846.05,149393.1507108028,149874.43340480106,143409.81280488605
2024-02-01 04:00:00,145418.85,152935.61,152379.02,152186.39839652504,152587.2411848383,146327.31044956882
2024-02-01 05:00:00,154265.39,161905.6,162157.58,161780.2657376833,162304.88563041753,155940.03650439126
2024-02-01 06:00:00,169873.67,177955.73,178489.16,178465.28191968132,177981.5072515616,172707.28922291283
2024-02-01 07:00:00,189242.76,193523.26,195135.21,195285.17494193686,194361.67254945484,192255.87935868255
2024-02-01 08:00:00,197509.93,201899.53,204750.7,203831.34521959093,203141.13619989462,201888.85317863207
2024-02-01 09:00:00,206139.96,211005.22,212907.29,211879.8184507722,210929.2757130893,208999.22543926604
2024-02-01 10:00:00,209325.34,217343.38,218714.14,217477.9072134054,216588.8542666247,212431.71463963852
2024-02-01 11:00:00,206867.93,215721.51,219952.08,217384.22478218187,216239.4329886099,211309.44615379337
2024-02-01 12:00:00,202169.21,211405.08,216962.57,213613.05495356742,212339.97150653653,208537.70062362147
2024-02-01 13:00:00,195648.71,203757.8,209391.6,205618.99634534115,204878.7594941329,201844.72536511088
2024-02-01 14:00:00,193176.45,199705.25,206487.47,202208.9525476875,200539.96086041688,200003.8241748943
2024-02-01 15:00:00,193714.45,195959.16,203817.11,199474.19970330558,197417.7583200066,198198.24942102318
2024-02-01 16:00:00,192354.03,195569.13,198944.86,197240.08825238625,195880.16133540162,194867.62806975326
2024-02-01 17:00:00,192896.08,193286.17,195479.53,194962.32156264468,193781.23336048124,193612.62302483042
2024-02-01 18:00:00,191679.46,191580.91,193344.61,193221.97775105803,192113.78725322825,194114.60451141946
2024-02-01 19:00:00,187870.08,188361.35,189628.14,189888.22423087835,188607.7185294941,189636.22986777045
2024-02-01 20:00:00,180694.26,180066.53,183019.15,182440.8043918769,181325.02419349895,180638.11806158817
2024-02-01 21:00:00,172843.77,171799.21,178122.98,175808.6795900059,173720.65048496844,173357.5857540202
2024-02-01 22:00:00,165856.02,163724.75,172089.71,168718.37558790197,167399.14163082215,164886.1199261448
2024-02-01 23:00:00,160362.07,157867.35,165475.97,162455.55635226888,161342.62058594587,158263.96692659034
2024-02-02 00:00:00,154863.01,152032.11,158675.01,155153.98571079425,153808.8011400929,154350.283520837
2024-02-02 01:00:00,151229.31,147716.29,153379.3,150645.00612236504,149215.51962751444,150156.3399275158
2024-02-02 02:00:00,148534.39,144241.09,149999.08,147443.97117935965,146155.1910455603,147360.07241983232
2024-02-02 03:00:00,148024.18,143321.38,149538.04,146649.19536615827,145575.84030175544,146564.99082896556
2024-02-02 04:00:00,150928.45,145418.85,152475.41,149204.77882632375,148464.52475687917,149524.1057524519
2024-02-02 05:00:00,161267.12,154265.39,162282.88,158493.93354942347,157994.16532704057,159102.13975210206
2024-02-02 06:00:00,178514.8,169873.67,178138.41,174461.75622571327,173707.1601966995,175385.35847007245
2024-02-02 07:00:00,195869.22,189242.76,192526.06,191025.57104130473,189988.7901027769,194761.88547261516
2024-02-02 08:00:00,204054.08,197509.93,197458.44,198070.89070902066,197577.36036387266,204455.39568013776
2024-02-02 09:00:00,210131.38,206139.96,203777.4,205464.46357952617,206107.57817860763,211853.24602940545
2024-02-02 10:00:00,215972.18,209325.34,210133.24,210195.2212730899,209723.67616318085,216889.1047592557
2024-02-02 11:00:00,214381.4,206867.93,212513.42,209934.17499436272,208620.54986571788,217139.27434214565
2024-02-02 12:00:00,209406.67,202169.21,209509.11,206260.8321971714,205068.10962659112,214963.76827730722
2024-02-02 13:00:00,199844.07,195648.71,199729.59,198415.6579996761,196562.75370986707,208259.48065919915
2024-02-02 14:00:00,195354.12,193176.45,190034.7,193580.58873272443,193629.53654648716,204759.44224893613
2024-02-02 15:00:00,193687.66,193714.45,187294.32,192194.907727724,191961.26589774803,201870.0724460146
2024-02-02 16:00:00,192507.94,192354.03,184021.34,189965.99649733937,190192.10246056537,197435.40332105113
2024-02-02 17:00:00,193793.73,192896.08,182756.99,189288.2859694633,189438.26513004216,195689.25704137766
2024-02-02 18:00:00,193303.5,191679.46,184071.96,188700.6631394617,188839.19053804406,195535.9806924701
2024-02-02 19:00:00,190565.94,187870.08,181332.72,185386.42777917758,185867.16854506702,191224.96789253177
2024-02-02 20:00:00,181629.74,180694.26,172569.54,177906.57687739132,177883.27318727065,182171.81976719588
2024-02-02 21:00:00,174142.25,172843.77,165660.55,170740.60623167158,171253.36517679796,174968.66836470386
2024-02-02 22:00:00,167158.32,165856.02,158369.18,163583.31540227128,163737.47657338556,166985.18428239398
2024-02-02 23:00:00,161507.83,160362.07,152158.98,157815.92666902574,157779.310741071,160573.27898812952
2024-02-03 00:00:00,155938.02,154863.01,146968.39,152841.3032886888,153973.0791263897,155492.31298082665
2024-02-03 01:00:00,151445.31,151229.31,142959.46,148904.54382717906,149962.5757568564,151163.0709445345
2024-02-03 02:00:00,148814.57,148534.39,140445.31,146161.06562390274,147225.42968909754,148241.0753541753
2024-02-03 03:00:00,148207.11,148024.18,139789.93,145518.3842976331,146632.56751323448,147404.2435546771
2024-02-03 04:00:00,151060.92,150928.45,142672.62,148274.10333519243,149255.47875908605,150274.8643641764
2024-02-03 05:00:00,160978.67,161267.12,152487.75,157965.7062938515,158928.7599978717,159668.9618091371
2024-02-03 06:00:00,177593.13,178514.8,169740.91,174583.87232653087,175213.05387857993,175270.86504994595
2024-02-03 07:00:00,194921.13,195869.22,192489.52,193084.15213475004,192682.71927451433,193925.18524847188
2024-02-03 08:00:00,201704.45,204054.08,203922.16,202019.2016174098,201008.44130103991,203367.74972729236
2024-02-03 09:00:00,208047.89,210131.38,210663.43,209039.66886028938,207792.0308238571,210779.96477475297
2024-02-03 10:00:00,211223.44,215972.18,216145.61,214460.02346609088,213400.8805917136,215007.06892621738
2024-02-03 11:00:00,209745.29,214381.4,216219.18,213361.84118270027,212094.33181830982,214459.20016644825
2024-02-03 12:00:00,203715.79,209406.67,211421.57,208898.32959235282,207124.49795333258,212094.3375665122
2024-02-03 13:00:00,195760.54,199844.07,202440.04,200504.27647883302,198657.27479152355,206084.53167812494
2024-02-03 14:00:00,194078.33,195354.12,198159.05,196492.55592371747,194613.57740464414,202908.65288930607
2024-02-03 15:00:00,193871.77,193687.66,195457.46,194368.4886129549,192038.54385045278,200785.0842145578
2024-02-03 16:00:00,193114.59,192507.94,193841.83,192996.99331072482,191285.64464746194,196666.98338563868
2024-02-03 17:00:00,192900.54,193793.73,194632.04,193093.781778825,191429.02337571786,195149.10866257543
2024-02-03 18:00:00,192653.15,193303.5,195520.53,192831.60165950473,191226.82562898603,195568.49628157986
2024-02-03 19:00:00,190419.93,190565.94,191618.95,189727.50149753556,188736.06429879958,191289.62517231068
2024-02-03 20:00:00,179790.37,181629.74,181759.44,181045.93494369576,179899.6225476516,181959.81588644505
2024-02-03 21:00:00,171936.71,174142.25,173915.45,173422.5751172513,172316.7527842039,174640.3568476784
2024-02-03 22:00:00,165571.66,167158.32,166074.09,166102.69760471635,165495.76903913333,167105.09014785552
2024-02-03 23:00:00,160450.64,161507.83,160121.5,160358.22094882576,159808.1125483036,160986.71672554218
2024-02-04 00:00:00,155114.0,155938.02,154636.05,151498.78756907245,153323.8683851756,154766.04694380617
2024-02-04 01:00:00,150608.5,151445.31,150921.06,147429.0091840329,149112.95844595664,150152.36832768706
2024-02-04 02:00:00,147263.04,148814.57,147877.3,144550.26447451385,146402.40678975324,146973.39506231225
2024-02-04 03:00:00,146301.53,148207.11,147151.36,143839.1196472109,145674.80292873117,146344.5084377807
2024-02-04 04:00:00,148615.47,151060.92,149520.73,146293.67231849147,148085.05883753294,148936.3911876292
2024-02-04 05:00:00,156075.27,160978.67,158485.69,155343.9387596339,156868.89219829967,156923.33748883265
2024-02-04 06:00:00,167252.38,177593.13,171883.86,170126.184857642,170416.5948009473,169058.2400228158
2024-02-04 07:00:00,182903.18,194921.13,188993.42,186946.48082850614,186056.17153684451,184259.2990677153
2024-02-04 08:00:00,192256.61,201704.45,200466.63,195200.10330352848,194681.50325354972,195095.72354748705
2024-02-04 09:00:00,200270.65,208047.89,209062.05,202373.4243479453,202392.61062821804,203067.71170154898
2024-02-04 10:00:00,202495.74,211223.44,213003.0,206148.20411268293,206059.18921413334,208070.80082436436
2024-02-04 11:00:00,204370.71,209745.29,212287.37,204916.18198140876,205295.3174431007,207623.7543859779
2024-02-04 12:00:00,199967.07,203715.79,208386.62,200280.59439514813,200883.23290933002,204674.9422477893
2024-02-04 13:00:00,192410.62,195760.54,199802.15,192661.77680795258,192151.34750407748,196754.40076672018
2024-02-04 14:00:00,185860.85,194078.33,192733.76,189001.07654768595,186849.03565232523,190348.3573264642
2024-02-04 15:00:00,181880.15,193871.77,189038.82,187652.89494332357,185143.99675826755,186038.8170636773
2024-02-04 16:00:00,178016.82,193114.59,186359.45,186060.9570251064,183160.50586404157,182701.5797132163
2024-02-04 17:00:00,177274.33,192900.54,187404.51,186351.26860282136,183619.88082014816,183679.1528745076
2024-02-04 18:00:00,177485.14,192653.15,187570.35,186098.56522261427,183578.58674029144,185100.25927345225
2024-02-04 19:00:00,176158.49,190419.93,185618.43,183872.36295522528,182155.70446604554,181470.115966295
2024-02-04 20:00:00,166657.58,179790.37,176058.17,174803.6076278707,173287.4075848163,172312.0171818864
2024-02-04 21:00:00,159691.7,171936.71,169106.77,167556.90121851134,166375.7102225792,165322.9465835873
2024-02-04 22:00:00,153620.16,165571.66,162412.88,161110.22667325582,160292.61768119942,158191.30505944786
2024-02-04 23:00:00,148428.87,160450.64,156951.05,155909.9064656593,155065.6453622576,152518.24442756452
2024-02-05 00:00:00,143644.68,155114.0,151778.6,154473.66236049135,149472.3870750016,143162.74218031956
2024-02-05 01:00:00,140223.46,150608.5,147351.05,150182.94346259205,145191.07406022202,139131.61227704573
2024-02-05 02:00:00,137578.71,147263.04,144729.88,147236.64712172686,142138.99104886389,136336.21033508144
2024-02-05 03:00:00,136880.9,146301.53,144679.69,146647.82368292985,141261.66530516034,135616.97447942666
2024-02-05 04:00:00,139976.0,148615.47,148173.6,149473.31069864408,144066.91799368244,138973.87840799813
2024-02-05 05:00:00,148970.62,156075.27,158890.03,158747.49608407213,153923.3570990076,149000.64901811717
2024-02-05 06:00:00,166266.56,167252.38,177523.29,173891.84410403908,173102.95301375783,164955.0029169267
2024-02-05 07:00:00,188280.34,182903.18,198355.7,191438.33416482862,192892.08337497464,184110.9968157362
2024-02-05 08:00:00,198644.42,192256.61,206958.61,199967.7220117687,201998.53312177252,195803.52567734336
2024-02-05 09:00:00,207702.86,200270.65,214222.08,207162.03824191235,209125.34149150545,202808.60985889097
2024-02-05 10:00:00,211722.54,202495.74,219239.9,211181.89128400604,213435.78360480632,207701.94188270048
2024-02-05 11:00:00,210025.51,204370.71,219914.47,211743.78637250164,214110.0820336653,207955.59108656953
2024-02-05 12:00:00,205705.11,199967.07,214708.82,207116.2767160577,209260.45110533512,205740.95889906955
2024-02-05 13:00:00,197252.5,192410.62,204385.82,198563.6918807791,200555.4377088558,198756.16758954572
2024-02-05 14:00:00,195202.82,185860.85,200540.67,193790.64536568645,196627.0893274289,194377.00930829573
2024-02-05 15:00:00,194438.28,181880.15,198730.13,191304.09719005076,194639.60745470453,191039.32503002192
2024-02-05 16:00:00,193432.86,178016.82,197751.42,188981.5468109782,192231.4819565546,187835.87468031954
2024-02-05 17:00:00,192767.72,177274.33,196915.53,188344.51628799137,191734.80722538088,186457.58535740286
2024-02-05 18:00:00,191747.4,177485.14,195374.1,187858.8458740016,191508.78993032954,186411.94252258143
2024-02-05 19:00:00,189578.43,176158.49,191863.18,185628.3535293941,188856.89936263673,181587.3700597838
2024-02-05 20:00:00,180950.42,166657.58,183558.56,176738.38357438,179752.21189914228,172866.8709749624
2024-02-05 21:00:00,173960.49,159691.7,177135.42,169892.05742077174,172442.04613415696,165633.29332615287
2024-02-05 22:00:00,166752.82,153620.16,170293.83,163401.79606616925,165805.5466497492,157913.90409996238
2024-02-05 23:00:00,161355.21,148428.87,163360.95,157584.5763932116,159926.49005176022,151586.1306029386
2024-02-06 00:00:00,156272.17,143644.68,157749.83,154673.645521668,152852.5468586656,155901.93518701105
2024-02-06 01:00:00,151948.77,140223.46,153681.0,150666.23976196256,149000.6041738791,151665.82070038302
2024-02-06 02:00:00,149457.52,137578.71,150882.07,147846.24677147716,145962.83568265295,148791.02454708875
2024-02-06 03:00:00,148924.19,136880.9,149916.08,147039.2597201109,145342.52241009194,148094.43325242584
2024-02-06 04:00:00,151724.86,139976.0,152876.39,149964.23182094423,148111.1410353017,150857.39578216808
2024-02-06 05:00:00,160802.54,148970.62,162993.87,159385.2185525412,157455.44806470379,160055.2576794703
2024-02-06 06:00:00,177896.43,166266.56,180960.24,176223.27302158886,173887.06999078838,175817.2814666538
2024-02-06 07:00:00,196721.28,188280.34,196936.67,194696.20260760296,192417.44233974555,195297.50657080198
2024-02-06 08:00:00,204159.32,198644.42,204736.96,203378.47920392582,200519.94981104194,205827.6211094744
2024-02-06 09:00:00,210934.92,207702.86,211671.27,211061.8340195004,208248.26857795875,212934.32773892093
2024-02-06 10:00:00,214040.16,211722.54,216541.39,215223.62796740406,212304.926892961,218143.44082670115
2024-02-06 11:00:00,212109.52,210025.51,216726.98,214674.57774025653,211692.50015241114,217644.61004543412
2024-02-06 12:00:00,206125.17,205705.11,212781.42,210363.4384916853,207637.5416689908,215281.48384750076
2024-02-06 13:00:00,197088.82,197252.5,203823.9,202047.12872883305,199459.09428660615,208287.7612805201
2024-02-06 14:00:00,194532.37,195202.82,200269.07,199176.59827152183,196601.83241891908,205810.9299412184
2024-02-06 15:00:00,193586.29,194438.28,198579.99,197859.31125514195,195223.58099409725,204288.32570757173
2024-02-06 16:00:00,193048.49,193432.86,196550.63,196113.33490282815,194188.84817368127,201040.3540557706
2024-02-06 17:00:00,192087.91,192767.72,196279.47,195462.01759448848,193466.11210196483,200173.8781331365
2024-02-06 18:00:00,192434.62,191747.4,194144.22,194419.54930931324,192563.72129290825,200430.06046199077
2024-02-06 19:00:00,191427.37,189578.43,189705.76,191702.55668055825,190583.51200944535,196025.59894411915
2024-02-06 20:00:00,181680.16,180950.42,183287.76,183465.2504592627,182056.0187037709,187376.349397974
2024-02-06 21:00:00,174465.73,173960.49,176438.67,176379.55375341245,175155.50402842983,180012.78828188867
2024-02-06 22:00:00,167628.3,166752.82,168926.37,169346.0314144296,167988.66206675852,172046.35396639886
2024-02-06 23:00:00,163069.62,161355.21,163327.53,163828.04565762315,162364.93016289207,165193.702880076
2024-02-07 00:00:00,157797.43,156272.17,157792.64,159159.9507069488,158609.38146888613,156990.15357444814
2024-02-07 01:00:00,154186.36,151948.77,153621.27,154820.07431901072,154426.0729715574,152489.30068754335
2024-02-07 02:00:00,151787.26,149457.52,150803.92,151960.6850880775,151584.21201213382,149576.4245789124
2024-02-07 03:00:00,151061.6,148924.19,150201.96,151255.16350852014,150970.42691884292,148708.11148367432
2024-02-07 04:00:00,153919.53,151724.86,152935.61,153940.78608121944,153799.22911457907,151300.23752534098
2024-02-07 05:00:00,163410.22,160802.54,161905.6,162806.0817904675,162727.10163762,160809.99153575764
2024-02-07 06:00:00,180269.25,177896.43,177955.73,178707.3929937128,179191.36354353954,177479.18175153146
2024-02-07 07:00:00,198095.49,196721.28,193523.26,196144.84660215085,196316.20586654203,196047.98756254336
2024-02-07 08:00:00,204763.1,204159.32,201899.53,204452.08683223702,203910.53260218713,205287.89776343622
2024-02-07 09:00:00,211231.24,210934.92,211005.22,212375.54579905485,211745.84252495074,211634.4770193886
2024-02-07 10:00:00,213040.96,214040.16,217343.38,216559.9054487874,215644.33785241662,216727.2660893291
2024-02-07 11:00:00,210191.23,212109.52,215721.51,215587.92792177852,214333.26109610297,217109.40814290053
2024-02-07 12:00:00,204596.4,206125.17,211405.08,210890.05372143173,209267.04086571358,214976.3274360553
2024-02-07 13:00:00,196425.89,197088.82,203757.8,202832.13866131316,199999.44732682747,209142.4800476624
2024-02-07 14:00:00,195495.44,194532.37,199705.25,199110.0068761762,197278.4811188445,206219.29888694812
2024-02-07 15:00:00,195670.59,193586.29,195959.16,196630.82071911826,195369.91600413277,204029.10397623383
2024-02-07 16:00:00,193167.2,193048.49,195569.13,195168.3053450781,194337.7031234322,200115.42493605526
2024-02-07 17:00:00,192177.44,192087.91,193286.17,193698.87650533943,192612.05225060135,199161.17438546004
2024-02-07 18:00:00,193026.78,192434.62,191580.91,193248.21963262325,192080.2276965076,199222.10869349574
2024-02-07 19:00:00,193291.02,191427.37,188361.35,191434.44976459845,190705.40324871242,194908.86840331717
2024-02-07 20:00:00,184115.88,181680.16,180066.53,182381.8831222083,181390.95860820165,186526.53062801957
2024-02-07 21:00:00,177026.43,174465.73,171799.21,174971.7955761392,174341.62663985012,179871.28391671003
2024-02-07 22:00:00,169716.46,167628.3,163724.75,167796.23130862525,167707.19151823467,172151.3451741505
2024-02-07 23:00:00,164467.11,163069.62,157867.35,162419.74751241432,162346.20631094082,165048.9641771267
2024-02-08 00:00:00,159068.38,157797.43,152032.11,155966.5600108322,157539.0763989731,158689.78723816163
2024-02-08 01:00:00,154699.82,154186.36,147716.29,151985.44295019063,153824.95445976427,154749.88277943333
2024-02-08 02:00:00,152288.98,151787.26,144241.09,149117.80494031863,150991.3950937367,152364.3871901292
2024-02-08 03:00:00,151556.13,151061.6,143321.38,148314.72814479438,150214.76607499435,152096.71149695976
2024-02-08 04:00:00,154235.2,153919.53,145418.85,150951.6966281191,153321.3773935451,155323.9980971861
2024-02-08 05:00:00,163372.34,163410.22,154265.39,160186.208777905,162393.12874167963,165374.6237404624
2024-02-08 06:00:00,179643.14,180269.25,169873.67,176763.3274376469,178775.04596867497,182594.8456553811
2024-02-08 07:00:00,199837.27,198095.49,189242.76,195804.49012787399,196998.9740729915,201990.50032570888
2024-02-08 08:00:00,206183.39,204763.1,197509.93,203834.81277505602,203880.7453510925,211519.77513339967
2024-02-08 09:00:00,212953.83,211231.24,206139.96,211571.1213344369,210798.38749072968,218529.6080792547
2024-02-08 10:00:00,214495.09,213040.96,209325.34,214550.82872791655,212970.98839902953,222467.28012343872
2024-02-08 11:00:00,210645.24,210191.23,206867.93,212375.62123466108,210588.89563472703,222170.6295534288
2024-02-08 12:00:00,204550.77,204596.4,202169.21,207433.30186550194,205209.39607543658,219405.3969515875
2024-02-08 13:00:00,196940.35,196425.89,195648.71,199694.0018591657,197498.88177185293,212708.53800404305
2024-02-08 14:00:00,195611.35,195495.44,193176.45,197835.46508244553,196040.17572996183,210423.88704392416
2024-02-08 15:00:00,195551.53,195670.59,193714.45,197680.5873556518,195833.08051020434,208424.73049457907
2024-02-08 16:00:00,194303.98,193167.2,192354.03,195775.86713639527,193659.58598574565,204914.56151403155
2024-02-08 17:00:00,195027.59,192177.44,192896.08,195115.164064989,192788.27151030744,203455.4756703673
2024-02-08 18:00:00,194309.2,193026.78,191679.46,194864.2306937466,193117.95723729208,203036.54438085263
2024-02-08 19:00:00,191978.0,193291.02,187870.08,193254.65516854415,192137.87775099857,199096.41823763374
2024-02-08 20:00:00,184481.18,184115.88,180694.26,184878.23791398204,183469.82321546096,190988.67119359432
2024-02-08 21:00:00,178489.46,177026.43,172843.77,177644.0909969286,176778.42775993192,184338.40372651757
2024-02-08 22:00:00,171401.8,169716.46,165856.02,170568.58835739805,169970.0563341064,176316.58854898709
2024-02-08 23:00:00,165784.45,164467.11,160362.07,165177.0694538359,164433.22274548872,169292.80177452223
2024-02-09 00:00:00,160242.18,159068.38,154863.01,159753.0790685262,159534.63212964303,160210.80445405253
2024-02-09 01:00:00,156135.01,154699.82,151229.31,155585.7612418745,155420.75659752262,156268.20417109708
2024-02-09 02:00:00,153548.44,152288.98,148534.39,152967.7645351698,152744.2293837014,154001.95178253035
2024-02-09 03:00:00,152744.92,151556.13,148024.18,152322.27444707934,152186.7901760213,153660.43696542695
2024-02-09 04:00:00,155803.2,154235.2,150928.45,155120.3702233362,154781.76129879174,156996.84908347038
2024-02-09 05:00:00,166233.46,163372.34,161267.12,164736.36044370616,164259.87204617853,167029.21753980994
2024-02-09 06:00:00,181836.58,179643.14,178514.8,181507.92736065842,180798.24604017835,183653.65641053632
2024-02-09 07:00:00,196951.55,199837.27,195869.22,200014.48522466063,199145.7238440795,202302.98761426026
2024-02-09 08:00:00,203375.16,206183.39,204054.08,207076.3232714127,206101.1044346247,211243.75756235854
2024-02-09 09:00:00,211805.89,212953.83,210131.38,213623.9158142348,212742.71060348663,217819.5322708371
2024-02-09 10:00:00,217750.01,214495.09,215972.18,217065.74229468615,215373.0968076846,223222.74402125092
2024-02-09 11:00:00,216505.79,210645.24,214381.4,214730.0399984749,212205.06077369684,224281.68427426057
2024-02-09 12:00:00,211109.9,204550.77,209406.67,209264.69577920428,206940.9170104725,222078.57397369205
2024-02-09 13:00:00,203735.7,196940.35,199844.07,200666.62549958806,198548.28962558493,214447.1865338325
2024-02-09 14:00:00,199708.77,195611.35,195354.12,197743.82701054765,196467.60416884813,209275.4594733139
2024-02-09 15:00:00,198153.19,195551.53,193687.66,196882.3714173471,195610.8432104331,206414.83655853
2024-02-09 16:00:00,196447.16,194303.98,192507.94,195497.3228871695,194308.3472429781,202461.23002729806
2024-02-09 17:00:00,194661.21,195027.59,193793.73,195751.81593209063,194954.41482992223,200928.6480344554
2024-02-09 18:00:00,192631.35,194309.2,193303.5,195603.94106424518,193942.77884016783,201163.77644464554
2024-02-09 19:00:00,190464.67,191978.0,190565.94,193729.06315463092,192190.98507429517,197441.8868841072
2024-02-09 20:00:00,182506.15,184481.18,181629.74,185165.72881412948,184068.42971554902,188806.90376990274
2024-02-09 21:00:00,176254.93,178489.46,174142.25,178314.98661567425,177818.28538155483,181773.79736633674
2024-02-09 22:00:00,170075.09,171401.8,167158.32,171284.35524875563,171145.17831719544,173750.10339675777
2024-02-09 23:00:00,165520.81,165784.45,161507.83,165819.2504760295,165487.53953252005,167070.59924936842
2024-02-10 00:00:00,160513.89,160242.18,155938.02,159697.74049503097,161429.67412093232,160903.57118981716
2024-02-10 01:00:00,156216.16,156135.01,151445.31,155501.40587245047,157129.59289087265,157684.12901989045
2024-02-10 02:00:00,153519.12,153548.44,148814.57,152908.50911795138,154461.30836356027,155717.34588067525
2024-02-10 03:00:00,152894.87,152744.92,148207.11,152164.13473066234,153755.234490355,155566.16576811264
2024-02-10 04:00:00,155924.38,155803.2,151060.92,155067.38350166244,156623.146885082,158972.74845187203
2024-02-10 05:00:00,165691.8,166233.46,160978.67,165032.944074257,166422.41969547523,169073.97082953434
2024-02-10 06:00:00,179325.38,181836.58,177593.13,181281.75739143437,181808.79885798728,185857.22412898563
2024-02-10 07:00:00,196108.89,196951.55,194921.13,198291.13765642553,195931.57657762943,206256.3401822371
2024-02-10 08:00:00,202566.95,203375.16,201704.45,205098.90419979632,202371.2276891967,216843.46154864784
2024-02-10 09:00:00,211649.1,211805.89,208047.89,212308.32645544372,210799.43552202528,224038.31739028828
2024-02-10 10:00:00,214791.46,217750.01,211223.44,216260.58696580134,215619.77605799568,228867.59477937449
2024-02-10 11:00:00,211985.52,216505.79,209745.29,214559.73239684285,214232.05000879162,227882.8717367744
2024-02-10 12:00:00,207743.84,211109.9,203715.79,208983.82615731322,209329.05762088826,224765.29191727765
2024-02-10 13:00:00,200646.33,203735.7,195760.54,201221.67475775746,201638.1002709566,217875.6881167398
2024-02-10 14:00:00,199466.79,199708.77,194078.33,198699.65335870138,198110.93429983658,214415.5633114285
2024-02-10 15:00:00,198379.99,198153.19,193871.77,197917.01152872303,196967.89731333486,211967.1728094414
2024-02-10 16:00:00,195803.92,196447.16,193114.59,196335.82667828733,195442.13532525697,208622.36487511368
2024-02-10 17:00:00,192936.93,194661.21,192900.54,195447.71792555117,193214.42059932812,207938.55589669908
2024-02-10 18:00:00,191343.27,192631.35,192653.15,194831.19696987665,192318.87569626726,208452.19188807454
2024-02-10 19:00:00,190739.14,190464.67,190419.93,193132.8185576363,190473.03685794372,204444.9768031987
2024-02-10 20:00:00,181492.88,182506.15,179790.37,184096.92602832694,182379.66041904825,195468.21525613137
2024-02-10 21:00:00,174352.15,176254.93,171936.71,177127.59010892687,176253.859948645,188285.68338454896
2024-02-10 22:00:00,168712.41,170075.09,165571.66,170552.57512930175,169842.84032385406,180502.47661198542
2024-02-10 23:00:00,164322.68,165520.81,160450.64,165524.12431346258,164873.85246424627,174132.8706492917
2024-02-11 00:00:00,159490.45,160513.89,155114.0,156963.58974504488,161275.86533680704,159771.57800232578
2024-02-11 01:00:00,155478.17,156216.16,150608.5,152690.33529964118,156701.2953060113,156348.2607785498
2024-02-11 02:00:00,152800.68,153519.12,147263.04,149859.7068074428,153492.81498658893,154029.20327631466
2024-02-11 03:00:00,151954.54,152894.87,146301.53,149079.9795761273,152646.08305503652,153982.77940547894
2024-02-11 04:00:00,154923.01,155924.38,148615.47,151729.6093994217,155404.66234863998,156985.38994571514
2024-02-11 05:00:00,163488.56,165691.8,156075.27,160534.4764649554,163201.67768976156,165739.5797767136
2024-02-11 06:00:00,174936.91,179325.38,167252.38,173810.42547248394,175589.3147677354,178483.56222038143
2024-02-11 07:00:00,189270.02,196108.89,182903.18,190350.3997600932,189976.24299466427,194531.0909178752
2024-02-11 08:00:00,198347.6,202566.95,192256.61,197724.02132930397,196345.34743741463,205488.380919025
2024-02-11 09:00:00,204650.87,211649.1,200270.65,205802.64223604905,204372.15438294903,213459.76234702815
2024-02-11 10:00:00,207351.89,214791.46,202495.74,208629.42364358404,206839.66431120638,218630.8248019307
2024-02-11 11:00:00,204274.38,211985.52,204370.71,207317.65133733538,206696.4649024147,218141.0294965075
2024-02-11 12:00:00,199626.37,207743.84,199967.07,202756.59760128424,202180.45261875124,214809.65965544275
2024-02-11 13:00:00,192498.15,200646.33,192410.62,195508.1352278539,194786.86923032682,206909.51302068614
2024-02-11 14:00:00,187603.39,199466.79,185860.85,192254.29347890086,190235.10814937632,200258.49622924995
2024-02-11 15:00:00,184289.2,198379.99,181880.15,190359.57978326522,188194.75678170685,196066.63308479148
2024-02-11 16:00:00,180641.78,195803.92,178016.82,187719.69718027915,184961.31183481863,193021.21717190323
2024-02-11 17:00:00,178412.43,192936.93,177274.33,186403.3285972017,182884.6036386403,194284.96457849743
2024-02-11 18:00:00,178557.28,191343.27,177485.14,185656.68913267285,181516.98868249543,195505.67234008227
2024-02-11 19:00:00,179162.57,190739.14,176158.49,184475.71659347042,181806.0503662838,192883.64430827877
2024-02-11 20:00:00,170441.61,181492.88,166657.58,175753.7372083168,173389.30380172553,184014.28918491927
2024-02-11 21:00:00,163947.43,174352.15,159691.7,169075.71679009625,166823.34017464152,177096.28291510072
2024-02-11 22:00:00,158955.18,168712.41,153620.16,163071.84061183027,160843.32159646507,169871.63062990067
2024-02-11 23:00:00,154869.13,164322.68,148428.87,158224.74942548497,156953.8258292021,164032.32083894295
2024-02-12 00:00:00,150563.75,159490.45,143644.68,156536.14018969424,154035.63237618294,150712.8125167301
2024-02-12 01:00:00,146956.42,155478.17,140223.46,152595.7608452711,150464.25594628305,147408.64742826647
2024-02-12 02:00:00,144471.59,152800.68,137578.71,149895.44762597643,147511.73089318196,145383.38977267416
2024-02-12 03:00:00,143961.5,151954.54,136880.9,149132.35052534495,146812.78065934058,145505.16688331935
2024-02-12 04:00:00,147508.36,154923.01,139976.0,152186.92469447563,150205.24541596108,149387.56749743075
2024-02-12 05:00:00,157858.69,163488.56,148970.62,161477.9445819665,159190.58547262236,160301.4557357437
2024-02-12 06:00:00,175582.66,174936.91,166266.56,176114.40740601096,175750.35574435006,177712.38122371546
2024-02-12 07:00:00,195082.27,189270.02,188280.34,193489.6644611775,194824.06664232537,198018.2430962357
2024-02-12 08:00:00,202161.88,198347.6,198644.42,202203.03071634704,202147.93151250566,208565.43459127576
2024-02-12 09:00:00,209664.67,204650.87,207702.86,210022.57936313312,210742.35068903482,215363.69957599824
2024-02-12 10:00:00,214513.51,207351.89,211722.54,213876.54032459436,215848.85638838785,220607.75387032385
2024-02-12 11:00:00,213494.51,204274.38,210025.51,211832.37286153794,213948.16678660337,220921.40146203432
2024-02-12 12:00:00,207394.62,199626.37,205705.11,207205.14361042375,209074.4730875644,217927.42811427178
2024-02-12 13:00:00,201048.98,192498.15,197252.5,199488.50273871183,201628.8154603201,210152.76148665696
2024-02-12 14:00:00,199401.97,187603.39,195202.82,196021.76553715317,197905.89046118993,206181.94575599371
2024-02-12 15:00:00,198528.65,184289.2,194438.28,194078.08629618946,196774.2772425146,203998.1205970583
2024-02-12 16:00:00,196935.76,180641.78,193432.86,191770.29042478107,194678.16513133826,201212.98464252905
2024-02-12 17:00:00,194454.12,178412.43,192767.72,190065.27986236665,192875.3947779151,199893.78065717942
2024-02-12 18:00:00,191970.63,178557.28,191747.4,189310.61741213276,192135.59307216993,199583.97070104262
2024-02-12 19:00:00,189427.79,179162.57,189578.43,188379.47480224096,191166.62782492326,195520.0346007165
2024-02-12 20:00:00,179786.84,170441.61,180950.42,179812.45348616014,182408.78222050844,187362.76701956274
2024-02-12 21:00:00,172453.27,163947.43,173960.49,173137.6831990509,175614.42164867057,180323.46416297308
2024-02-12 22:00:00,166329.35,158955.18,166752.82,167099.88869103056,169368.21275372125,172636.5438910942
2024-02-12 23:00:00,162246.26,154869.13,161355.21,162324.51346921752,163785.14996838005,165852.5362599006
2024-02-13 00:00:00,157387.72,150563.75,156272.17,158423.15427949658,158424.2895863514,156482.0620271227
2024-02-13 01:00:00,153428.54,146956.42,151948.77,154337.06972439642,153968.19946089876,152223.5710483228
2024-02-13 02:00:00,150685.57,144471.59,149457.52,151718.33732996954,151369.73822830006,149315.2286865077
2024-02-13 03:00:00,150023.23,143961.5,148924.19,151094.01347679313,150698.36039466003,148526.29316741682
2024-02-13 04:00:00,152944.27,147508.36,151724.86,154238.30906317735,153833.74604544244,151254.4753879006
2024-02-13 05:00:00,162537.87,157858.69,160802.54,163996.86096299032,163872.37556178504,160697.17335044415
2024-02-13 06:00:00,178141.26,175582.66,177896.43,180373.41539643306,178662.77782086856,177159.50007983422
2024-02-13 07:00:00,195957.02,195082.27,196721.28,198580.1591591881,195964.39026429958,195600.97876452823
2024-02-13 08:00:00,203276.64,202161.88,204159.32,205880.68747000606,203043.4512638621,205095.5894456425
2024-02-13 09:00:00,212367.88,209664.67,210934.92,213358.35328545413,210609.74752264604,211713.6144485
2024-02-13 10:00:00,215606.63,214513.51,214040.16,217207.23588899124,214449.19780107765,216894.89440197567
2024-02-13 11:00:00,214819.78,213494.51,212109.52,215517.61077368012,213556.00379404088,216313.7357980203
2024-02-13 12:00:00,209764.76,207394.62,206125.17,210055.16832156377,208109.81424963684,213663.4177773748
2024-02-13 13:00:00,201606.67,201048.98,197088.82,202511.1649318441,201026.8378281453,206066.17971885644
2024-02-13 14:00:00,199841.22,199401.97,194532.37,200282.67805496306,199699.35335151525,203232.29812923927
2024-02-13 15:00:00,198534.09,198528.65,193586.29,199082.71378635796,198753.68485336783,201878.6764423618
2024-02-13 16:00:00,196580.92,196935.76,193048.49,197375.6974000207,196677.57738292904,198985.6401381747
2024-02-13 17:00:00,193637.02,194454.12,192087.91,195372.54377778835,194515.92642692235,197950.86326059783
2024-02-13 18:00:00,192138.75,191970.63,192434.62,194257.75581613727,192606.3334240651,197629.71715263953
2024-02-13 19:00:00,190100.07,189427.79,191427.37,192845.4538281592,190436.6614706749,193386.91503228946
2024-02-13 20:00:00,180201.78,179786.84,181680.16,183452.76411865378,180863.4598924742,185768.16668745925
2024-02-13 21:00:00,173176.65,172453.27,174465.73,176232.11376982217,173788.39207188247,178658.9633494946
2024-02-13 22:00:00,167839.93,166329.35,167628.3,169967.29072834997,167747.3009177607,170750.1419491275
2024-02-13 23:00:00,163507.32,162246.26,163069.62,165550.03146301795,163635.23919035916,164039.95929058365
2024-02-14 00:00:00,158596.34,157387.72,157797.43,160236.75427248437,159292.986513612,158831.37888292
2024-02-14 01:00:00,154481.58,153428.54,154186.36,156334.52488708243,155121.2862262232,155448.9518899691
2024-02-14 02:00:00,151832.31,150685.57,151787.26,153673.3724264074,152185.03845911834,153447.42972120363
2024-02-14 03:00:00,151046.57,150023.23,151061.6,152939.41066235065,151463.2118853988,153283.728701965
2024-02-14 04:00:00,154063.08,152944.27,153919.53,155890.20669214314,154385.08209759375,156449.6137824075
2024-02-14 05:00:00,163891.08,162537.87,163410.22,165356.18859762282,164155.21908639537,166434.3773750353
2024-02-14 06:00:00,180048.74,178141.26,180269.25,180870.03589753638,179717.89183979147,183747.50971044708
2024-02-14 07:00:00,197888.27,195957.02,198095.49,198077.4360458407,196908.53544758304,201796.20392996696
2024-02-14 08:00:00,205119.2,203276.64,204763.1,205543.90785074714,203392.23936200028,210692.78836808284
2024-02-14 09:00:00,214135.16,212367.88,211231.24,213218.2740177248,211320.22611076388,217913.7976923851
2024-02-14 10:00:00,217958.43,215606.63,213040.96,216247.91221394335,214379.2196830809,223444.44001641023
2024-02-14 11:00:00,216617.14,214819.78,210191.23,214394.78451717214,213373.94966435834,223170.00278634462
2024-02-14 12:00:00,210878.28,209764.76,204596.4,209234.15177365395,208374.31035313013,220818.9574174707
2024-02-14 13:00:00,201622.32,201606.67,196425.89,201427.65885239522,200156.95974366134,214574.2261997525
2024-02-14 14:00:00,198394.56,199841.22,195495.44,199246.6343646618,198663.81271699563,211282.062131828
2024-02-14 15:00:00,197750.38,198534.09,195670.59,197936.96789409843,197396.85052123008,208575.65542659545
2024-02-14 16:00:00,194179.68,196580.92,193167.2,195554.03967653876,195278.67537378924,205628.26810854045
2024-02-14 17:00:00,192037.37,193637.02,192177.44,193363.2247835351,192858.71332529339,204232.1077243345
2024-02-14 18:00:00,191266.43,192138.75,193026.78,192878.9018964578,192157.22503901657,203931.74717441024
2024-02-14 19:00:00,189861.95,190100.07,193291.02,192065.19474370187,191366.52638008175,200164.90269280414
2024-02-14 20:00:00,179223.35,180201.78,184115.88,182699.07409189182,181691.6181528072,192162.40034859072
2024-02-14 21:00:00,172000.5,173176.65,177026.43,175620.63360999076,174768.96866067266,185451.57762798184
2024-02-14 22:00:00,167166.36,167839.93,169716.46,169506.14869141395,168990.20302914412,177619.59522679241
2024-02-14 23:00:00,163299.33,163507.32,164467.11,164829.66116949447,164061.19579404546,170679.7293192337
2024-02-15 00:00:00,159140.81,158596.34,159068.38,158539.679590359,159372.19621511054,158325.43334665959
2024-02-15 01:00:00,155649.37,154481.58,154699.82,154409.6885724721,155485.19407371548,155012.9860393926
2024-02-15 02:00:00,153141.24,151832.31,152288.98,151777.6287879607,152580.3030119798,152886.03340042417
2024-02-15 03:00:00,151984.17,151046.57,151556.13,151032.35317834246,151879.415807966,152825.03248121374
2024-02-15 04:00:00,154702.49,154063.08,154235.2,153958.95200129028,155016.77003491754,156124.74826667877
2024-02-15 05:00:00,163579.88,163891.08,163372.34,163574.81055955635,164295.52205768702,166478.4579828484
2024-02-15 06:00:00,178914.73,180048.74,179643.14,179894.27607293366,180093.40605922748,183723.62819328406
2024-02-15 07:00:00,197398.79,197888.27,199837.27,198648.75311780532,197960.6919784553,203082.42588097785
2024-02-15 08:00:00,206119.15,205119.2,206183.39,205594.6882508466,205199.49610430692,212575.60724095433
2024-02-15 09:00:00,211633.19,214135.16,212953.83,213596.21162338505,212828.27957014684,220538.38440334023
2024-02-15 10:00:00,213627.66,217958.43,214495.09,216834.4322979271,216436.30956672883,224597.35195170136
2024-02-15 11:00:00,213471.07,216617.14,210645.24,214843.35362418098,214714.38117199574,223888.6892969379
2024-02-15 12:00:00,208479.37,210878.28,204550.77,209135.96539890856,208835.20335178202,220588.27809128186
2024-02-15 13:00:00,199067.63,201622.32,196940.35,201204.20882760623,200521.1544950955,213473.60610592374
2024-02-15 14:00:00,198010.03,198394.56,195611.35,199015.82794485177,197542.49275313664,211059.08591049435
2024-02-15 15:00:00,197611.76,197750.38,195551.53,198490.29771137435,197131.1703579082,209718.2812958175
2024-02-15 16:00:00,195927.31,194179.68,194303.98,196192.75921582553,195041.5355673074,206751.61883026653
2024-02-15 17:00:00,192403.01,192037.37,195027.59,194879.2502475863,192951.40182008353,205984.39458104
2024-02-15 18:00:00,191552.3,191266.43,194309.2,193827.70595808432,192175.85412826427,205239.9793691588
2024-02-15 19:00:00,191566.31,189861.95,191978.0,191920.4158687602,190438.60104221752,201408.28804638
2024-02-15 20:00:00,181348.41,179223.35,184481.18,182733.1257910681,180472.94819059304,193879.29620839507
2024-02-15 21:00:00,174592.8,172000.5,178489.46,175870.17381402143,173851.581000032,187103.0290371143
2024-02-15 22:00:00,169632.78,167166.36,171401.8,169988.00310836794,169007.44976674952,179499.04461407775
2024-02-15 23:00:00,165164.77,163299.33,165784.45,165410.90877096076,164511.2411065743,172758.96655630326
2024-02-16 00:00:00,160339.5,159140.81,160242.18,160331.34872167167,159800.71699395173,158793.75137540174
2024-02-16 01:00:00,156937.76,155649.37,156135.01,156477.89109189526,156278.89831046635,154293.13845033993
2024-02-16 02:00:00,154296.09,153141.24,153548.44,153848.95977474013,153703.5140862564,151457.33930344516
2024-02-16 03:00:00,153335.3,151984.17,152744.92,152930.09465463477,152779.85621120135,150654.57596846783
2024-02-16 04:00:00,155771.74,154702.49,155803.2,155797.5234622434,155316.66881515633,153573.51739878894
2024-02-16 05:00:00,164448.54,163579.88,166233.46,165404.25912647875,165100.97946311027,163517.64334390784
2024-02-16 06:00:00,180766.96,178914.73,181836.58,180941.45701621592,180059.5148656974,180479.82827057346
2024-02-16 07:00:00,198121.95,197398.79,196951.55,197987.71486930124,196910.70379057943,198608.9528955224
2024-02-16 08:00:00,206198.67,206119.15,203375.16,205530.68225035418,204397.94924083244,206988.73145482433
2024-02-16 09:00:00,215678.61,211633.19,211805.89,212872.83344968394,211587.4817424311,213579.77896578657
2024-02-16 10:00:00,219758.05,213627.66,217750.01,216630.07349190017,214226.0187160709,219004.58339957343
2024-02-16 11:00:00,218031.18,213471.07,216505.79,215890.6644140427,214200.544759698,219497.88693120627
2024-02-16 12:00:00,212795.7,208479.37,211109.9,210796.71955046314,209132.0225323874,216529.60218956342
2024-02-16 13:00:00,204579.92,199067.63,203735.7,202335.74122743876,199971.14530419477,207718.82887196355
2024-02-16 14:00:00,201163.83,198010.03,199708.77,199903.17227001907,197628.30823275034,202247.41711470168
2024-02-16 15:00:00,199341.43,197611.76,198153.19,198887.47173930664,196955.04315921586,199852.29296923956
2024-02-16 16:00:00,195876.92,195927.31,196447.16,196961.89046838318,195440.5062573391,196642.1493917889
2024-02-16 17:00:00,191783.47,192403.01,194661.21,194411.2913612615,192614.41702793067,195894.26197247853
2024-02-16 18:00:00,190599.99,191552.3,192631.35,193208.76082196075,191526.54923267767,196048.13794577066
2024-02-16 19:00:00,190704.43,191566.31,190464.67,192068.77761680074,190158.26042477056,192640.94935266356
2024-02-16 20:00:00,180393.75,181348.41,182506.15,182709.18778129094,180820.12592715662,184131.74101688215
2024-02-16 21:00:00,174135.06,174592.8,176254.93,176001.71205427867,174520.2628361604,177224.2824645207
2024-02-16 22:00:00,169027.78,169632.78,170075.09,170536.1312297185,169876.10251958796,169565.26140618592
2024-02-16 23:00:00,165049.61,165164.77,165520.81,166055.67005059755,165427.60487845217,163167.91105842558
2024-02-17 00:00:00,160825.73,160339.5,160513.89,161062.7573756473,161803.0158103327,159099.92865920725
2024-02-17 01:00:00,157557.67,156937.76,156216.16,157166.5452729863,157603.86929977452,154649.48290134995
2024-02-17 02:00:00,155094.98,154296.09,153519.12,154487.52199989196,154896.43765594732,151753.75824560787
2024-02-17 03:00:00,154055.6,153335.3,152894.87,153639.50507753735,154257.33535419326,150941.48717426797
2024-02-17 04:00:00,156635.33,155771.74,155924.38,156382.1967163743,157156.22965877372,153794.6123258443
2024-02-17 05:00:00,164476.16,164448.54,165691.8,165648.52048098922,165403.59191669355,163480.4208775184
2024-02-17 06:00:00,177656.92,180766.96,179325.38,180944.27798425563,179991.66940830546,179810.16645734187
2024-02-17 07:00:00,194166.2,198121.95,196108.89,198126.59513069468,196368.97946680538,199265.95573649835
2024-02-17 08:00:00,202811.24,206198.67,202566.95,205474.95488579792,204469.30426295116,208761.38607811325
2024-02-17 09:00:00,212334.58,215678.61,211649.1,214177.83242466254,213606.90870692147,215735.51508338464
2024-02-17 10:00:00,216294.92,219758.05,214791.46,217694.98357286258,217507.05240219823,220150.7432478335
2024-02-17 11:00:00,213706.19,218031.18,211985.52,215922.31400364393,215505.85650746312,219134.47305356583
2024-02-17 12:00:00,207953.75,212795.7,207743.84,210964.35093812563,210654.5937858038,215230.07988445103
2024-02-17 13:00:00,200752.58,204579.92,200646.33,202900.10471106617,202117.0823770194,207773.069302908
2024-02-17 14:00:00,199372.28,201163.83,199466.79,200509.51298645916,199167.62793770104,204676.18059901227
2024-02-17 15:00:00,199638.39,199341.43,198379.99,199321.44578442676,197407.7623190032,203018.3123559723
2024-02-17 16:00:00,197181.72,195876.92,195803.92,196373.45485620914,194664.79055144908,200422.18113316543
2024-02-17 17:00:00,191116.06,191783.47,192936.93,193244.5970047194,191045.75183747505,199171.11056584012
2024-02-17 18:00:00,189540.87,190599.99,191343.27,192183.83727897835,189837.9906911905,199074.75752583062
2024-02-17 19:00:00,190293.45,190704.43,190739.14,191799.2998848723,190029.11059730023,195565.03581947353
2024-02-17 20:00:00,180821.31,180393.75,181492.88,181840.38644122542,180005.20224756649,186760.5283602271
2024-02-17 21:00:00,175239.5,174135.06,174352.15,175033.23791724534,174255.4780144482,179677.33712402842
2024-02-17 22:00:00,170537.27,169027.78,168712.41,169789.12868092235,169008.83758678418,172228.3081567339
2024-02-17 23:00:00,167227.38,165049.61,164322.68,165600.7174222896,164658.6841369604,166200.5648702506
2024-02-18 00:00:00,163119.5,160825.73,159490.45,157937.17550947217,160794.99826225667,161363.24082423636
2024-02-18 01:00:00,159140.36,157557.67,155478.17,154372.7709712199,157280.4181468761,156904.4262234132
2024-02-18 02:00:00,156182.32,155094.98,152800.68,151795.7991494581,155144.0718080662,153693.6450672831
2024-02-18 03:00:00,155137.39,154055.6,151954.54,150799.86724107785,153700.95667310085,152886.92049970897
2024-02-18 04:00:00,156986.82,156635.33,154923.01,153415.83013202398,156200.08570008093,155336.41886393848
2024-02-18 05:00:00,163531.05,164476.16,163488.56,161532.7842672627,163933.75529128502,163502.01286480666
2024-02-18 06:00:00,172598.7,177656.92,174936.91,174453.51967914423,174894.4666852736,175672.78880087886
2024-02-18 07:00:00,185439.2,194166.2,189270.02,190262.43203130813,190027.6717979507,191356.92697367692
2024-02-18 08:00:00,194400.82,202811.24,198347.6,198771.4020683548,198040.92657878264,201543.60218619136
2024-02-18 09:00:00,203844.28,212334.58,204650.87,206343.20125092485,205493.3312629939,209464.99453157175
2024-02-18 10:00:00,208910.22,216294.92,207351.89,209436.1460401391,208844.52220186638,214023.72791991278
2024-02-18 11:00:00,206566.66,213706.19,204274.38,207570.10223937305,206260.06993987845,214187.6114473017
2024-02-18 12:00:00,201554.77,207953.75,199626.37,202578.47313564984,201195.70635944794,210505.48069790186
2024-02-18 13:00:00,193837.32,200752.58,192498.15,195096.5751155255,193985.9064691777,202568.09226032195
2024-02-18 14:00:00,187626.55,199372.28,187603.39,192376.38038509557,189322.8947650983,195881.17028267548
2024-02-18 15:00:00,183933.49,199638.39,184289.2,191083.82639110065,188637.8802015314,191638.5025142476
2024-02-18 16:00:00,180715.24,197181.72,180641.78,188279.9404899124,185504.11346438454,188349.53732930473
2024-02-18 17:00:00,177970.58,191116.06,178412.43,184339.3069945709,180904.3580361945,188687.19145774934
2024-02-18 18:00:00,176498.78,189540.87,178557.28,183628.66706784756,179468.5597322448,189294.64491071543
2024-02-18 19:00:00,177880.89,190293.45,179162.57,184131.20686288684,180641.4646866471,187332.92495378276
2024-02-18 20:00:00,169610.4,180821.31,170441.61,174911.99998104558,172941.68697334398,178573.63013227464
2024-02-18 21:00:00,164411.87,175239.5,163947.43,168831.16014894674,167469.3900744687,171776.6192742342
2024-02-18 22:00:00,160739.74,170537.27,158955.18,164000.53171778304,163447.2382198388,164972.93508417442
2024-02-18 23:00:00,158436.05,167227.38,154869.13,160154.01254096648,159777.85780204972,159340.35591391166
2024-02-19 00:00:00,154853.95,163119.5,150563.75,159347.07445165855,155971.62933272493,152967.685212948
2024-02-19 01:00:00,151565.96,159140.36,146956.42,155631.05779987885,152240.0666667143,148889.52883851202
2024-02-19 02:00:00,149400.23,156182.32,144471.59,152894.09324597396,148531.2781925273,146053.79829836637
2024-02-19 03:00:00,148729.27,155137.39,143961.5,152023.53995892935,147926.9419343717,145462.3083480122
2024-02-19 04:00:00,151288.87,156986.82,147508.36,154628.4228312856,149811.5628901443,148761.98935306456
2024-02-19 05:00:00,159666.81,163531.05,157858.69,163008.48544534165,158560.66998664595,159013.8874455024
2024-02-19 06:00:00,174773.57,172598.7,175582.66,176847.97149432008,176668.96322066942,176073.02441950183
2024-02-19 07:00:00,193511.92,185439.2,195082.27,193251.60930000377,193471.23606995397,196258.8454025673
2024-02-19 08:00:00,202223.52,194400.82,202161.88,201459.77246384515,201801.7348570691,206475.8312290433
2024-02-19 09:00:00,209706.31,203844.28,209664.67,210257.2409542263,211198.4659118821,214483.96487612653
2024-02-19 10:00:00,211621.54,208910.22,214513.51,214905.35011652624,215821.14664528347,220034.80328678238
2024-02-19 11:00:00,206903.61,206566.66,213494.51,213150.5201332288,213775.91091661685,219700.76297242363
2024-02-19 12:00:00,200311.31,201554.77,207394.62,207819.76940346585,208160.7336527663,215744.12714832716
2024-02-19 13:00:00,191972.47,193837.32,201048.98,200479.18718780347,201087.0347454362,207592.304610122
2024-02-19 14:00:00,189122.04,187626.55,199401.97,196837.7447613466,198966.93762751197,203855.7867352775
2024-02-19 15:00:00,189450.77,183933.49,198528.65,194840.3231966629,196756.00490809273,202020.0451691153
2024-02-19 16:00:00,189854.58,180715.24,196935.76,192213.28802120878,194133.27809987566,199417.55096171392
2024-02-19 17:00:00,189788.34,177970.58,194454.12,189112.87046561,191827.56547314217,197255.73257386146
2024-02-19 18:00:00,190135.28,176498.78,191970.63,187501.8654960255,189891.28515449693,195855.50871187684
2024-02-19 19:00:00,191006.44,177880.89,189427.79,187327.1681678221,190297.33812656475,192775.769845467
2024-02-19 20:00:00,180162.09,169610.4,179786.84,178184.2155118716,180653.88309932651,185140.2265857033
2024-02-19 21:00:00,173020.5,164411.87,172453.27,171990.7125591882,174241.01101157203,178478.39880704487
2024-02-19 22:00:00,167845.13,160739.74,166329.35,167033.4565581049,168611.68596863156,171098.75673364877
2024-02-19 23:00:00,164376.34,158436.05,162246.26,163600.1527919734,165232.899608398,164670.0773828221
2024-02-20 00:00:00,160976.53,154853.95,157387.72,158880.830444148,158384.84319886498,160382.21059094864
2024-02-20 01:00:00,157196.47,151565.96,153428.54,155244.90091655226,154493.21179311,157399.87426570157
2024-02-20 02:00:00,154377.72,149400.23,150685.57,152727.92661817826,152057.96397254802,155648.08844741556
2024-02-20 03:00:00,153057.1,148729.27,150023.23,151942.89453186584,150997.6929220843,155713.45310667643
2024-02-20 04:00:00,155537.04,151288.87,152944.27,154550.2821558666,153598.142691261,159205.29871719706
2024-02-20 05:00:00,163795.79,159666.81,162537.87,163080.17241127594,162669.23604517867,168965.86296067148
2024-02-20 06:00:00,177437.79,174773.57,178141.26,177528.1203490851,175726.39851524236,185947.5158010151
2024-02-20 07:00:00,194725.12,193511.92,195957.02,194918.3217068908,193034.04735611443,204164.51079823845
2024-02-20 08:00:00,203195.13,202223.52,203276.64,203060.65257716016,201444.61594660056,213235.70903647284
2024-02-20 09:00:00,211277.11,209706.31,212367.88,211466.01572853065,209571.2844056082,220598.08778956518
2024-02-20 10:00:00,214820.52,211621.54,215606.63,214487.75602596017,212199.91388167252,226044.8622504425
2024-02-20 11:00:00,211825.28,206903.61,214819.78,211787.46899927664,210162.51331903873,225598.4837395943
2024-02-20 12:00:00,204931.8,200311.31,209764.76,206089.78313662205,205107.74587326412,222130.59240084587
2024-02-20 13:00:00,198093.33,191972.47,201606.67,198111.45926512385,197105.59797307724,214405.12259966854
2024-02-20 14:00:00,197172.06,189122.04,199841.22,195614.53807826055,194585.91971587233,211683.66960349833
2024-02-20 15:00:00,196643.08,189450.77,198534.09,195005.54739391716,193815.07707784686,210406.95808726698
2024-02-20 16:00:00,194878.99,189854.58,196580.92,193747.594750636,192154.80135242624,207883.97547503363
2024-02-20 17:00:00,192265.79,189788.34,193637.02,191410.59751176747,190422.929759177,206280.94702218182
2024-02-20 18:00:00,191479.46,190135.28,192138.75,190778.95343765555,190034.26479528463,205227.4037345907
2024-02-20 19:00:00,191987.84,191006.44,190100.07,190800.39855289864,190279.44474247436,202005.65561882607
2024-02-20 20:00:00,181992.85,180162.09,180201.78,180852.4643458285,180384.64541205068,194768.7404878838
2024-02-20 21:00:00,175119.18,173020.5,173176.65,174200.05727467657,173648.4638950511,187988.90018707444
2024-02-20 22:00:00,170341.72,167845.13,167839.93,169124.3768946567,168487.6313803755,180749.07893939503
2024-02-20 23:00:00,166979.02,164376.34,163507.32,165442.06719693833,164405.45575002782,174727.9474532906
2024-02-21 00:00:00,162787.81,160976.53,158596.34,162697.87173950253,162021.84448124035,161084.9877186618
2024-02-21 01:00:00,158666.86,157196.47,154481.58,158765.03380603442,158020.50011318238,156799.79585211634
2024-02-21 02:00:00,156035.59,154377.72,151832.31,155996.06520705702,155268.78758940328,154016.4879435644
2024-02-21 03:00:00,154592.71,153057.1,151046.57,154946.8648506399,153883.81148919486,153117.8406562888
2024-02-21 04:00:00,156653.64,155537.04,154063.08,157512.07628992153,156533.70170741898,155706.80568331416
2024-02-21 05:00:00,164072.38,163795.79,163891.08,166095.4547372272,165125.8135150883,164986.4889661568
2024-02-21 06:00:00,178010.54,177437.79,180048.74,180064.75103938664,179061.85968116435,181896.8934701224
2024-02-21 07:00:00,193913.58,194725.12,197888.27,196860.61373477976,195789.10017205257,198944.65621555626
2024-02-21 08:00:00,201277.28,203195.13,205119.2,204944.26123307593,203485.12678164218,206625.1892227838
2024-02-21 09:00:00,208378.29,211277.11,214135.16,213433.23085251762,212088.9786781903,213846.0038424678
2024-02-21 10:00:00,212766.27,214820.52,217958.43,217129.54478240237,215665.59272955524,218518.4785234655
2024-02-21 11:00:00,211497.54,211825.28,216617.14,214691.76497420622,213252.10556258282,217621.03964616248
2024-02-21 12:00:00,206194.14,204931.8,210878.28,208654.82326874646,206264.57383399556,214718.2372441983
2024-02-21 13:00:00,198736.68,198093.33,201622.32,200725.35156042626,198772.8499000163,208260.64051785998
2024-02-21 14:00:00,197224.47,197172.06,198394.56,197979.56828179047,197008.85001079275,205649.38872693913
2024-02-21 15:00:00,197087.92,196643.08,197750.38,196934.30875498854,196483.3602679596,203470.16289460083
2024-02-21 16:00:00,194364.4,194878.99,194179.68,194426.68605048337,194104.43827133186,200297.7493416102
2024-02-21 17:00:00,191953.29,192265.79,192037.37,192175.67111665025,191804.328828614,198049.46310151106
2024-02-21 18:00:00,190573.76,191479.46,191266.43,191529.39714146423,190971.09867218795,197285.38662598294
2024-02-21 19:00:00,191819.54,191987.84,189861.95,191728.4609380012,190880.75148538814,194776.41407055568
2024-02-21 20:00:00,181982.12,181992.85,179223.35,181805.51499504238,181237.68020580852,186978.9581770499
2024-02-21 21:00:00,176233.6,175119.18,172000.5,175041.86639722247,174581.63138639525,180592.55297446996
2024-02-21 22:00:00,172359.12,170341.72,167166.36,170257.37750257246,169842.77253443713,173085.59098882557
2024-02-21 23:00:00,169377.25,166979.02,163299.33,166769.62854348266,166440.55842919587,166713.59819104837
2024-02-22 00:00:00,165619.03,162787.81,159140.81,161154.35895987594,162651.83829584983,163076.1136231655
2024-02-22 01:00:00,161634.94,158666.86,155649.37,157369.83734219367,158472.02470671802,158481.07090400005
2024-02-22 02:00:00,158927.22,156035.59,153141.24,154824.19583929845,155912.57334915,155507.34058306582
2024-02-22 03:00:00,157323.66,154592.71,151984.17,153635.60443710745,154632.99157163824,154600.5765630294
2024-02-22 04:00:00,159747.48,156653.64,154702.49,156035.79149197415,156853.6355010321,157127.6786691572
2024-02-22 05:00:00,167248.55,164072.38,163579.88,164222.60674229913,164912.45973543447,166517.8473814582
2024-02-22 06:00:00,179712.1,178010.54,178914.73,178818.17025316745,178772.89541332686,183143.9663644462
2024-02-22 07:00:00,194388.34,193913.58,197398.79,196175.7104734884,194787.08513815436,201954.35763083032
2024-02-22 08:00:00,202201.1,201277.28,206119.15,204145.04380431416,202803.00048949962,209847.19771711016
2024-02-22 09:00:00,209951.22,208378.29,211633.19,210877.479895997,209317.78914386025,217271.39647821902
2024-02-22 10:00:00,214899.25,212766.27,213627.66,213877.50838270213,212885.40932703638,220947.51274972621
2024-02-22 11:00:00,212913.05,211497.54,213471.07,212105.28800467105,211310.73336546487,219671.79310527764
2024-02-22 12:00:00,208385.48,206194.14,208479.37,206594.29304651258,206353.93891352817,216087.8789027269
2024-02-22 13:00:00,201623.09,198736.68,199067.63,198513.49029928213,198795.4216798564,209164.3583897901
2024-02-22 14:00:00,199926.59,197224.47,198010.03,196955.20501086354,197026.75535882413,207160.7778945222
2024-02-22 15:00:00,199413.24,197087.92,197611.76,196760.6530233276,196733.030510416,206187.41935507883
2024-02-22 16:00:00,196377.56,194364.4,195927.31,195020.5427836506,194271.96715605934,203182.05018578804
2024-02-22 17:00:00,192858.14,191953.29,192403.01,192803.39622221363,192375.11486052777,201823.2515286383
2024-02-22 18:00:00,190638.24,190573.76,191552.3,192071.0395977087,191191.10270445337,200249.58032917167
2024-02-22 19:00:00,191333.47,191819.54,191566.31,192728.542534495,191877.34089788655,196831.83720850744
2024-02-22 20:00:00,182973.68,181982.12,181348.41,182795.26521224217,181994.5047099939,189940.12842018757
2024-02-22 21:00:00,177268.33,176233.6,174592.8,176393.20242129388,175963.86519868992,183657.26345434354
2024-02-22 22:00:00,173379.74,172359.12,169632.78,171729.38495034573,171818.08435717065,176511.78899602965
2024-02-22 23:00:00,170181.6,169377.25,165164.77,168020.7930154721,168604.6120247029,170276.65142522307
2024-02-23 00:00:00,165981.96,165619.03,160339.5,164586.0193869687,165502.04034221554,164021.39414214628
2024-02-23 01:00:00,162387.82,161634.94,156937.76,160762.92445544899,161769.09069267145,159700.79780012785
2024-02-23 02:00:00,159426.67,158927.22,154296.09,158027.59155901827,159066.72353021824,156899.2838716648
2024-02-23 03:00:00,158412.58,157323.66,153335.3,156707.76645347883,157773.79145103632,156136.61048572353
2024-02-23 04:00:00,160579.13,159747.48,155771.74,159136.240007622,160243.04488573276,159104.18690220302
2024-02-23 05:00:00,168195.5,167248.55,164448.54,167306.16155199622,167985.1907640924,169234.986138423
2024-02-23 06:00:00,181591.5,179712.1,180766.96,181459.94041948588,181125.90580369954,185909.8998203146
2024-02-23 07:00:00,197798.6,194388.34,198121.95,197476.8016699755,196069.35879983177,202428.2479740869
2024-02-23 08:00:00,206414.03,202201.1,206198.67,205328.4787857582,203879.00526602395,209323.32875092965
2024-02-23 09:00:00,214242.52,209951.22,215678.61,213617.12517476795,212353.52425744286,215935.62469933458
2024-02-23 10:00:00,219470.99,214899.25,219758.05,218030.36837175032,216894.82485288853,221889.30632164335
2024-02-23 11:00:00,218212.52,212913.05,218031.18,216104.78379415965,215119.00754499366,222051.84066035692
2024-02-23 12:00:00,213957.44,208385.48,212795.7,210901.37112965016,210063.8519715537,218721.91644694537
2024-02-23 13:00:00,206944.17,201623.09,204579.92,203627.89815284967,202949.98812235857,210380.69717476462
2024-02-23 14:00:00,205614.26,199926.59,201163.83,201442.698318018,200534.86684041334,205073.1910395325
2024-02-23 15:00:00,204551.98,199413.24,199341.43,200483.06294889122,199768.61317972618,202806.05922801973
2024-02-23 16:00:00,200122.33,196377.56,195876.92,197598.80874202342,196502.91248279298,199777.28672162106
2024-02-23 17:00:00,192657.74,192858.14,191783.47,194225.25084572105,192839.57090486822,198378.74006421273
2024-02-23 18:00:00,189003.02,190638.24,190599.99,192763.5102843851,191517.79022598686,197716.94092614055
2024-02-23 19:00:00,190908.4,191333.47,190704.43,193250.13284701123,191697.2456549338,194870.4922723748
2024-02-23 20:00:00,184070.99,182973.68,180393.75,183921.71859153907,182537.62513918072,186711.25278215317
2024-02-23 21:00:00,178504.1,177268.33,174135.06,177782.08048833825,177279.081737128,180271.47488469514
2024-02-23 22:00:00,174784.13,173379.74,169027.78,173234.05578869252,173259.1447289968,173237.84105384495
2024-02-23 23:00:00,171488.86,170181.6,165049.61,169680.36352657637,169669.31838369867,167318.55048217878
2024-02-24 00:00:00,166851.83,165981.96,160825.73,165829.0063286471,166925.3249328097,165925.30184904276
2024-02-24 01:00:00,162946.22,162387.82,157557.67,162124.46719895094,163405.35344572208,161626.22113366012
2024-02-24 02:00:00,159853.82,159426.67,155094.98,159366.9509258629,160670.93871158478,158948.05160678754
2024-02-24 03:00:00,159015.28,158412.58,154055.6,158211.32627125166,159593.23900923852,158276.32672561472
2024-02-24 04:00:00,161579.12,160579.13,156635.33,160550.01845315323,162008.26286850526,161193.90545325988
2024-02-24 05:00:00,168862.35,168195.5,164476.16,168346.822771593,169289.4365131204,171116.48356829374
2024-02-24 06:00:00,180404.05,181591.5,177656.92,181748.14082940083,181407.28905117384,187112.79370938183
2024-02-24 07:00:00,194493.5,197798.6,194166.2,197866.99907872136,196785.01098871912,205819.55096308293
2024-02-24 08:00:00,202999.32,206414.03,202811.24,206057.43363042953,205151.87748509945,213721.80918825365
2024-02-24 09:00:00,212679.52,214242.52,212334.58,214332.24095625963,212728.49014342774,221111.6334490842
2024-02-24 10:00:00,216802.43,219470.99,216294.92,218878.5558150453,218293.22242927452,225237.2471802773
2024-02-24 11:00:00,216611.29,218212.52,213706.19,217121.41085131018,216549.92568669745,223882.8166066909
2024-02-24 12:00:00,212442.64,213957.44,207953.75,212244.98611581855,211994.77767510532,219771.1934963147
2024-02-24 13:00:00,204412.18,206944.17,200752.58,205119.78151170627,204790.40987646012,212326.25514538918
2024-02-24 14:00:00,202934.45,205614.26,199372.28,203703.13697381,203438.9059586292,209699.37297959626
2024-02-24 15:00:00,201757.39,204551.98,199638.39,203234.3783221877,203086.55120859784,208310.16346923797
2024-02-24 16:00:00,197730.45,200122.33,197181.72,199896.8679717929,199013.70971156977,206120.27676018892
2024-02-24 17:00:00,192029.23,192657.74,191116.06,194350.40240121906,191715.51215399048,204773.35717240834
2024-02-24 18:00:00,190678.75,189003.02,189540.87,192086.12009937761,188821.66654177324,204484.1461835711
2024-02-24 19:00:00,191202.07,190908.4,190293.45,193380.92027669246,190406.83317709088,201761.3051969251
2024-02-24 20:00:00,181234.25,184070.99,180821.31,184928.21808072244,183701.0930682887,192649.66504277926
2024-02-24 21:00:00,175532.95,178504.1,175239.5,179191.24567157248,178342.9011699794,185209.69101570628
2024-02-24 22:00:00,171971.36,174784.13,170537.27,175005.3440982843,174851.17075899208,178408.33452632814
2024-02-24 23:00:00,169521.88,171488.86,167227.38,171673.44640389227,171701.0419889756,172862.47952988802
2024-02-25 00:00:00,165171.56,166851.83,163119.5,163758.61185606103,168081.50733246378,164010.1830739673
2024-02-25 01:00:00,161126.8,162946.22,159140.36,159875.5796470714,164234.04730666298,159760.30887430703
2024-02-25 02:00:00,157981.72,159853.82,156182.32,156946.53930134242,161214.45144827417,156709.42341562273
2024-02-25 03:00:00,156706.33,159015.28,155137.39,155885.33741491416,160009.201361665,155862.29187321995
2024-02-25 04:00:00,158488.77,161579.12,156986.82,158139.9549127088,162321.2811386658,158375.62626762147
2024-02-25 05:00:00,165141.47,168862.35,163531.05,165228.60041838334,168732.86705774863,166545.07380534112
2024-02-25 06:00:00,174364.18,180404.05,172598.7,176182.03745011217,177707.88704351446,178608.87641757456
2024-02-25 07:00:00,186790.87,194493.5,185439.2,189916.8956551072,189177.36253251872,194054.483490854
2024-02-25 08:00:00,195323.61,202999.32,194400.82,198262.78207371468,197408.18524871286,203670.88573609595
2024-02-25 09:00:00,205165.36,212679.52,203844.28,206985.29052525674,205809.23350401386,211228.59469752974
2024-02-25 10:00:00,210150.25,216802.43,208910.22,211454.51860475857,210653.02754136513,215583.91148037667
2024-02-25 11:00:00,208110.27,216611.29,206566.66,210128.58351112244,209354.9780190523,215355.67883418288
2024-02-25 12:00:00,203718.48,212442.64,201554.77,205747.03171021794,204334.85801371626,211634.908407284
2024-02-25 13:00:00,196037.43,204412.18,193837.32,198349.0281215772,196988.14751746878,204105.52337329346
2024-02-25 14:00:00,192380.95,202934.45,187626.55,195337.18973013424,193186.9393853012,197971.03121384044
2024-02-25 15:00:00,190187.25,201757.39,183933.49,193465.0691505718,191005.4563764528,194231.16017690342
2024-02-25 16:00:00,186539.05,197730.45,180715.24,189883.44847303873,187002.60029004866,190896.69729764367
2024-02-25 17:00:00,181080.74,192029.23,177970.58,185568.03582869563,182197.18806877872,190279.63174661945
2024-02-25 18:00:00,180812.33,190678.75,176498.78,184027.45945713588,180931.994873258,190309.95753067927
2024-02-25 19:00:00,181470.54,191202.07,177880.89,185037.4593820451,182535.12502168215,189161.20803165212
2024-02-25 20:00:00,173572.1,181234.25,169610.4,176374.61345818042,174074.02636061082,180076.9051730144
2024-02-25 21:00:00,168134.08,175532.95,164411.87,170862.25854468683,168947.4378130587,173280.24291691397
2024-02-25 22:00:00,164000.81,171971.36,160739.74,167171.89514115726,166498.855273657,166907.339280539
2024-02-25 23:00:00,161620.73,169521.88,158436.05,164482.2753812976,163827.33042824751,161748.81464713006
2024-02-26 00:00:00,157318.14,165171.56,154853.95,164686.80526382502,159569.34412860192,156553.2060424585
2024-02-26 01:00:00,154159.44,161126.8,151565.96,160922.92361757174,155851.8455163328,152722.48178925936
2024-02-26 02:00:00,152171.19,157981.72,149400.23,158098.54601074362,153434.13385029454,150010.9088752522
2024-02-26 03:00:00,151634.33,156706.33,148729.27,157102.8535277122,152505.42759143928,149489.51315078256
2024-02-26 04:00:00,154672.07,158488.77,151288.87,159368.5369451349,154816.05299019543,152773.10528760956
2024-02-26 05:00:00,162549.27,165141.47,159666.81,167082.57614952113,162500.5280470024,162937.59880718
2024-02-26 06:00:00,176431.71,174364.18,174773.57,179683.1502664217,176983.77298456922,180588.46023687834
2024-02-26 07:00:00,193738.84,186790.87,193511.92,195355.50003652961,194333.81129970175,200906.51981687208
2024-02-26 08:00:00,203067.18,195323.61,202223.52,203896.35034567505,202524.26019699493,209715.16360576663
2024-02-26 09:00:00,211714.26,205165.36,209706.31,212547.0107591151,211362.6950197957,217586.23941810543
2024-02-26 10:00:00,214979.48,210150.25,211621.54,216567.83918479728,215499.27253799207,222911.5350014533
2024-02-26 11:00:00,214132.01,208110.27,206903.61,214086.04382836568,216086.63078491393,222729.50467330153
2024-02-26 12:00:00,210264.51,203718.48,200311.31,208974.65643250718,213848.14808429577,218382.8636216628
2024-02-26 13:00:00,202799.72,196037.43,191972.47,201207.3459325291,205728.5072428861,210527.047361917
2024-02-26 14:00:00,201967.85,192380.95,189122.04,198490.89733727396,203874.16454121462,207282.4574585372
2024-02-26 15:00:00,201304.75,190187.25,189450.77,197423.20506567368,202303.93243494237,205690.70826616115
2024-02-26 16:00:00,197765.22,186539.05,189854.58,194919.48849176278,196728.52336292565,203580.2074876274
2024-02-26 17:00:00,193657.22,181080.74,189788.34,190893.284502277,192581.88871889887,201410.36260998694
2024-02-26 18:00:00,191055.44,180812.33,190135.28,190090.00094934582,191535.8683475911,199762.3717899203
2024-02-26 19:00:00,190836.41,181470.54,191006.44,190971.56424413482,192154.9290950914,196873.67944153483
2024-02-26 20:00:00,180273.58,173572.1,180162.09,182020.69283231127,182471.4658300338,188405.8302393415
2024-02-26 21:00:00,174601.5,168134.08,173020.5,175827.13826700757,176045.00570177438,181740.36331468317
2024-02-26 22:00:00,169921.94,164000.81,167845.13,171338.8003514442,171819.03695774774,174728.15630335387
2024-02-26 23:00:00,166993.43,161620.73,164376.34,168293.90604409148,169019.25834175345,168954.30907327752
2024-02-27 00:00:00,162677.86,157318.14,160976.53,163959.27686521888,164177.43426421387,161660.79257340822
2024-02-27 01:00:00,158847.6,154159.44,157196.47,160286.2541939944,160551.87632231956,157524.3281840286
2024-02-27 02:00:00,156397.41,152171.19,154377.72,157641.6757784958,157607.12732051613,154783.06129164872
2024-02-27 03:00:00,155812.32,151634.33,153057.1,156698.2210465451,156554.57811133852,154153.17398773535
2024-02-27 04:00:00,157956.85,154672.07,155537.04,159369.46365284728,158878.8619608004,157014.10724023788
2024-02-27 05:00:00,164975.37,162549.27,163795.79,167332.26256438054,166928.6944028063,166368.90866888565
2024-02-27 06:00:00,178883.62,176431.71,177437.79,180535.7046106192,178658.67700179745,183031.8470913191
2024-02-27 07:00:00,197571.67,193738.84,194725.12,196930.63410020788,195182.83887593428,200542.92040255413
2024-02-27 08:00:00,207739.02,203067.18,203195.13,205674.68473283635,203729.2137271257,208154.22816426784
2024-02-27 09:00:00,214042.76,211714.26,211277.11,214481.77241240448,212161.5803349894,215336.52663456043
2024-02-27 10:00:00,216706.41,214979.48,214820.52,218160.0115174203,215630.400089588,219986.4246608125
2024-02-27 11:00:00,213335.4,214132.01,211825.28,216703.40072329246,214462.44623256594,219914.75088950637
2024-02-27 12:00:00,207325.41,210264.51,204931.8,211756.4384999161,211045.30273932798,215915.5869879524
2024-02-27 13:00:00,199670.81,202799.72,198093.33,204307.496256077,203672.754167807,207750.34741363436
2024-02-27 14:00:00,199765.83,201967.85,197172.06,203025.23732986234,202369.18995629274,205004.3800020068
2024-02-27 15:00:00,199282.84,201304.75,196643.08,202126.88543826647,201589.3584742775,203421.98567631692
2024-02-27 16:00:00,196684.58,197765.22,194878.99,199070.53704248084,198038.99556210902,201278.1065279615
2024-02-27 17:00:00,192001.34,193657.22,192265.79,195056.74777653272,193857.35597984277,199575.4791498202
2024-02-27 18:00:00,187727.24,191055.44,191479.46,193587.90975711413,191805.41408363896,198476.3869428035
2024-02-27 19:00:00,189010.83,190836.41,191987.84,193826.41144962836,191622.11563069417,195779.82257865014
2024-02-27 20:00:00,179562.54,180273.58,181992.85,183778.33391625312,181330.33569547266,187825.491355582
2024-02-27 21:00:00,173842.82,174601.5,175119.18,177605.82913026266,175674.70288555883,181023.41789473273
2024-02-27 22:00:00,169305.88,169921.94,170341.72,173070.7217492654,171444.7010239784,174401.57833508812
2024-02-27 23:00:00,165801.28,166993.43,166979.02,170004.49572642808,168332.9228354478,168968.3574912246
2024-02-28 00:00:00,161493.5,162677.86,162787.81,164615.87867411686,164689.5094943771,161287.7881494944
2024-02-28 01:00:00,157655.92,158847.6,158666.86,160654.00448782754,160539.33022182458,158043.48631697713
2024-02-28 02:00:00,155254.81,156397.41,156035.59,158006.1673612507,157888.5088268659,156063.52471108237
2024-02-28 03:00:00,154700.95,155812.32,154592.71,156992.27891732124,157002.98064211363,155898.89768083088
2024-02-28 04:00:00,156630.29,157956.85,156653.64,159157.44274152364,159010.46350772184,159027.61681109393
2024-02-28 05:00:00,164330.24,164975.37,164072.38,166491.10728369898,165516.44534179152,168852.45255875675
2024-02-28 06:00:00,178828.9,178883.62,178010.54,179709.7047676495,178776.3365474848,185989.14063605372
2024-02-28 07:00:00,194994.85,197571.67,193913.58,196189.47749001498,196621.40999244768,203193.2356083079
2024-02-28 08:00:00,204333.21,207739.02,201277.28,204922.2135669726,205453.90807507635,210666.43584950417
2024-02-28 09:00:00,212283.25,214042.76,208378.29,212452.2240058339,212313.1446956875,218433.94509305642
2024-02-28 10:00:00,216196.45,216706.41,212766.27,216183.7265337313,215310.9684109786,222941.418220041
2024-02-28 11:00:00,213340.0,213335.4,211497.54,214078.01999914355,212702.85117525436,221739.11667996206
2024-02-28 12:00:00,206887.11,207325.41,206194.14,208834.2793754808,206639.0760637794,217973.14082736315
2024-02-28 13:00:00,199460.42,199670.81,198736.68,201195.49425274858,199089.1002931609,210701.70250689122
2024-02-28 14:00:00,198124.75,199765.83,197224.47,199853.00025316508,198790.7027956434,207903.66536688266
2024-02-28 15:00:00,198259.05,199282.84,197087.92,199122.82931411194,198228.88570908105,206075.38578582826
2024-02-28 16:00:00,196679.66,196684.58,194364.4,196125.81370985875,195596.3952041798,203104.9095584847
2024-02-28 17:00:00,190969.22,192001.34,191953.29,192171.78382560177,192136.6778318299,201138.2745706575
2024-02-28 18:00:00,188992.91,187727.24,190573.76,189948.542025564,189387.48959309666,200408.95818158617
2024-02-28 19:00:00,192665.43,189010.83,191819.54,190945.68507432338,190221.9104935278,198641.45872657915
2024-02-28 20:00:00,183898.73,179562.54,181982.12,181527.26812847276,180762.6649587164,189938.93176822827
2024-02-28 21:00:00,177931.72,173842.82,176233.6,175744.62025183754,175431.45467917202,183218.6562848809
2024-02-28 22:00:00,173124.53,169305.88,172359.12,171452.4132200628,170825.3561095429,176405.28624492922
2024-02-28 23:00:00,169985.15,165801.28,169377.25,168305.34831835312,167815.48720054052,170752.08418618212
2024-02-29 00:00:00,165499.63,161493.5,165619.03,162966.87846800516,163248.3018773526,165754.59883560787
2024-02-29 01:00:00,161834.41,157655.92,161634.94,159208.07948110576,159299.36028058207,162674.00469234126
2024-02-29 02:00:00,158423.21,155254.81,158927.22,156748.0329759595,156721.19237613148,160814.35438963273
2024-02-29 03:00:00,157300.39,154700.95,157323.66,155814.8823004279,155929.0891397332,160667.09160877543
2024-02-29 04:00:00,158621.79,156630.29,159747.48,158128.45195243225,157733.88223400194,163781.04540194676
2024-02-29 05:00:00,167585.83,164330.24,167248.55,165778.14083243007,165168.003845162,173430.83507338856
2024-02-29 06:00:00,181137.36,178828.9,179712.1,179445.7065304219,178757.37381458253,189714.48796679202
2024-02-29 07:00:00,198229.72,194994.85,194388.34,195521.32784932302,194547.54614091472,208707.39394520526
2024-02-29 08:00:00,206792.02,204333.21,202201.1,204313.1886237003,202881.27929602185,217200.75045412633
2024-02-29 09:00:00,212811.45,212283.25,209951.22,212008.1512370931,210615.7116930932,224674.55550650123
2024-02-29 10:00:00,215994.24,216196.45,214899.25,215885.5513256429,215106.5015708199,227969.45663471075
2024-02-29 11:00:00,214038.84,213340.0,212913.05,213833.00522327042,212538.0187775487,226789.05103132594
2024-02-29 12:00:00,207888.82,206887.11,208385.48,208649.31106017643,206691.88740538724,222192.11777778476
2024-02-29 13:00:00,199982.35,199460.42,201623.09,201370.90592026385,199344.18061219432,214488.17139816613
2024-02-29 14:00:00,200119.57,198124.75,199926.59,200142.86917500535,198297.94037827753,212604.75631381644
2024-02-29 15:00:00,201216.12,198259.05,199413.24,199825.96194368144,198104.77951184567,212000.84851717003
2024-02-29 16:00:00,200701.79,196679.66,196377.56,197323.0546923044,196351.44179116766,209743.34123669812
2024-02-29 17:00:00,194237.45,190969.22,192858.14,192800.84514186744,190879.20756084827,208339.78827690394
2024-02-29 18:00:00,191380.69,188992.91,190638.24,190630.94224766718,188692.75987420694,207133.53355043763
2024-02-29 19:00:00,193618.35,192665.43,191333.47,192373.98900508322,191469.69095761285,204692.9540802765
2024-02-29 20:00:00,184094.19,183898.73,182973.68,183361.2740383748,182520.52082191798,196834.56646396904
2024-02-29 21:00:00,178285.55,177931.72,177268.33,177520.94160716134,176978.11891559217,190474.6960718159
2024-02-29 22:00:00,174593.64,173124.53,173379.74,173062.22242269604,173250.81525525765,184222.6842342839
2024-02-29 23:00:00,171982.64,169985.15,170181.6,169831.36537333642,170232.50589802113,178696.03285354396
2024-03-01 00:00:00,167690.39,165499.63,165981.96,166803.99478126722,167122.46177095987,167472.69203357253
2024-03-01 01:00:00,163886.44,161834.41,162387.82,163085.30980501356,163483.13349479766,164298.05910428212
2024-03-01 02:00:00,161084.49,158423.21,159426.67,160070.37157672143,159822.22182346619,162225.08555637696
2024-03-01 03:00:00,159754.48,157300.39,158412.58,159103.14393579532,158740.8773034942,162144.40663306706
2024-03-01 04:00:00,161854.65,158621.79,160579.13,160941.9851184194,160630.30653806558,165459.12690906267
2024-03-01 05:00:00,169996.2,167585.83,168195.5,169039.0243325314,169008.91042432722,175652.70306001848
2024-03-01 06:00:00,183319.81,181137.36,181591.5,182838.3050442155,182270.1482688694,192209.92154676167
2024-03-01 07:00:00,198052.24,198229.72,197798.6,199805.00366905876,198275.15819319175,208499.9048563875
2024-03-01 08:00:00,205907.88,206792.02,206414.03,208657.18587098914,206850.01463505966,215593.16282286652
2024-03-01 09:00:00,212690.65,212811.45,214242.52,215648.13396094934,213276.25974304113,223324.22215303182
2024-03-01 10:00:00,216736.75,215994.24,219470.99,219476.37162378785,217605.39778747462,229002.04797980378
2024-03-01 11:00:00,215186.8,214038.84,218212.52,217474.6435949782,215455.1695267318,228550.6395887297
2024-03-01 12:00:00,207976.14,207888.82,213957.44,212027.34980320057,209728.96885905493,223968.37928115015
2024-03-01 13:00:00,200486.96,199982.35,206944.17,204499.97340357103,201743.1361464017,215287.97562944828
2024-03-01 14:00:00,197511.09,200119.57,205614.26,203842.04211999543,202084.74812968218,209920.6983841115
2024-03-01 15:00:00,197027.25,201216.12,204551.98,203720.00836188308,202448.71242633474,208004.76661342173
2024-03-01 16:00:00,194049.37,200701.79,200122.33,201318.0556494392,200200.9931874791,205622.11720463747
2024-03-01 17:00:00,188115.38,194237.45,192657.74,195072.21541272625,193762.59032273715,204174.8465761576
2024-03-01 18:00:00,185426.75,191380.69,189003.02,191998.05960675378,190674.34141342907,203591.7938485445
2024-03-01 19:00:00,186606.48,193618.35,190908.4,194064.08944427123,192548.22276619353,201718.8679621488
2024-03-01 20:00:00,177340.16,184094.19,184070.99,185422.82810181336,184623.47969463049,192734.94276517784
2024-03-01 21:00:00,171066.54,178285.55,178504.1,179637.9537172359,179034.92494799927,186011.88957570816
2024-03-01 22:00:00,166629.43,174593.64,174784.13,175612.11454902886,175627.11168957214,179623.9624470401
2024-03-01 23:00:00,164231.42,171982.64,171488.86,172478.6083873957,172496.88106032345,174533.42555963597
2024-03-02 00:00:00,160674.77,167690.39,166851.83,165185.39194669912,165830.58353736193,160411.09470880474
2024-03-02 01:00:00,156869.48,163886.44,162946.22,161405.57385847013,161996.0017041691,157342.73818649794
2024-03-02 02:00:00,153943.12,161084.49,159853.82,158559.60593511362,159466.73046773195,155526.8441383311
2024-03-02 03:00:00,152449.26,159754.48,159015.28,157540.36637121116,158002.31823659205,155403.00400134822
2024-03-02 04:00:00,153861.48,161854.65,161579.12,159663.25538768727,160222.68537048815,158724.55793132578
2024-03-02 05:00:00,160574.94,169996.2,168862.35,167411.64707025854,167951.8573898768,168447.58376486448
2024-03-02 06:00:00,170893.6,183319.81,180404.05,180222.1170275987,179806.4589505066,183929.02599817768
2024-03-02 07:00:00,185221.85,198052.24,194493.5,195033.3881129142,194199.05901096482,202518.0061175235
2024-03-02 08:00:00,193299.01,205907.88,202999.32,203274.23125926952,202096.0924058289,211045.71408340588
2024-03-02 09:00:00,199823.83,212690.65,212679.52,211074.6346705949,209205.51972345388,219130.72382300743
2024-03-02 10:00:00,200474.73,216736.75,216802.43,214971.0995966465,212949.46986891326,223200.99740090483
2024-03-02 11:00:00,199887.81,215186.8,216611.29,213561.73780161506,211070.5031299759,221601.87905357062
2024-03-02 12:00:00,193527.53,207976.14,212442.64,207743.12425523894,205632.26155020203,216472.135432535
2024-03-02 13:00:00,186050.17,200486.96,204412.18,200247.076724372,197841.59244315446,208720.00618525135
2024-03-02 14:00:00,184811.13,197511.09,202934.45,198404.66310868243,195933.77477642737,206632.16563362195
2024-03-02 15:00:00,185273.21,197027.25,201757.39,197984.13386908342,195535.5874571963,205732.55083184285
2024-03-02 16:00:00,183245.58,194049.37,197730.45,195189.03830072642,192820.3286707322,203905.77666275692
2024-03-02 17:00:00,178354.46,188115.38,192029.23,189426.66929579686,187551.56009846876,201836.10248749665
2024-03-02 18:00:00,177375.18,185426.75,190678.75,187454.77690743445,185364.88672687364,201223.02239071508
2024-03-02 19:00:00,181184.05,186606.48,191202.07,189035.2192671591,186998.6340474894,199744.74666342567
2024-03-02 20:00:00,171621.78,177340.16,181234.25,179791.46187848866,178202.23713193886,189957.89965082653
2024-03-02 21:00:00,165385.9,171066.54,175532.95,173893.30618171234,172634.56864833622,182863.81144017386
2024-03-02 22:00:00,161352.69,166629.43,171971.36,169768.16003852471,167909.3325021472,176735.42664884758
2024-03-02 23:00:00,159358.66,164231.42,169521.88,167158.4773405403,165610.4670581198,172051.3570206165
2024-03-03 00:00:00,156298.19,160674.77,165171.56,155187.03098874105,158506.59811602667,155845.4421959393
2024-03-03 01:00:00,151870.58,156869.48,161126.8,151542.27733845136,154811.8404100873,152942.46458549247
2024-03-03 02:00:00,148706.45,153943.12,157981.72,148633.692575073,151774.38768412094,150860.3434361231
2024-03-03 03:00:00,146776.21,152449.26,156706.33,147369.02250884334,150406.18854451607,150704.57354341334
2024-03-03 04:00:00,147849.43,153861.48,158488.77,148844.68128222297,151525.01484566674,153669.0105325193
2024-03-03 05:00:00,153033.24,160574.94,165141.47,155656.26287525313,158328.31914926314,162023.33744672075
2024-03-03 06:00:00,160840.8,170893.6,174364.18,165856.33521520958,168136.34686978636,173673.75647957
2024-03-03 07:00:00,172538.88,185221.85,186790.87,179235.4296397002,180700.0133839533,188957.45469394466
2024-03-03 08:00:00,181029.93,193299.01,195323.61,186988.9967962265,189123.09970720776,198913.8865333015
2024-03-03 09:00:00,189078.87,199823.83,205165.36,194001.48121650942,196514.4497301438,207198.6199646084
2024-03-03 10:00:00,191647.61,200474.73,210150.25,196666.97820117208,199956.57219545034,210838.1282617373
2024-03-03 11:00:00,189385.06,199887.81,208110.27,195383.9434728536,197921.65665788885,209892.59880420228
2024-03-03 12:00:00,185673.26,193527.53,203718.48,190019.4837962958,193822.65372701516,205490.85833043617
2024-03-03 13:00:00,179873.04,186050.17,196037.43,182908.13841151402,186584.55751278522,197810.7123576733
2024-03-03 14:00:00,175800.2,184811.13,192380.95,180999.5784469668,182891.25702943726,191679.97342916537
2024-03-03 15:00:00,173582.36,185273.21,190187.25,180570.3487032131,181163.97431723052,188047.46919112097
2024-03-03 16:00:00,171272.92,183245.58,186539.05,178345.51267037052,178286.47499857278,184724.28409384016
2024-03-03 17:00:00,166492.8,178354.46,181080.74,173365.969632345,173629.4610410358,183579.11655321793
2024-03-03 18:00:00,168423.45,177375.18,180812.33,172205.01898497518,172490.52979371732,183362.4139983987
2024-03-03 19:00:00,173656.25,181184.05,181470.54,174442.01213550617,175391.40736507793,183059.72351555523
2024-03-03 20:00:00,166669.33,171621.78,173572.1,166009.00186855454,168117.8811951162,174065.3862349352
2024-03-03 21:00:00,162236.6,165385.9,168134.08,160465.65926535675,162901.8698604471,167680.07720657013
2024-03-03 22:00:00,158215.33,161352.69,164000.81,156699.70279062714,158897.22421312748,162338.13621602097
2024-03-03 23:00:00,156194.21,159358.66,161620.73,154532.50034842303,156516.62286026374,158093.8759235816
2024-03-04 00:00:00,152042.24,156298.19,157318.14,156577.36322738585,151243.1400565865,153038.43725117357
2024-03-04 01:00:00,148301.82,151870.58,154159.44,152820.94180734348,147865.54536439184,150399.48716065305
2024-03-04 02:00:00,146003.69,148706.45,152171.19,150178.92433986865,145572.82154984132,148758.957312939
2024-03-04 03:00:00,144965.59,146776.21,151634.33,148888.93486511105,144296.50445071553,148947.19583208917
2024-03-04 04:00:00,147134.49,147849.43,154672.07,150779.0433690675,145634.4738569617,152656.1243929451
2024-03-04 05:00:00,155250.94,153033.24,162549.27,157446.94563584385,151037.7305539997,162693.7143681178
2024-03-04 06:00:00,170018.31,160840.8,176431.71,168381.68785788806,165400.8439239098,180226.78044944655
2024-03-04 07:00:00,186662.86,172538.88,193738.84,182428.1535816823,182642.35865056535,200769.8583502238
2024-03-04 08:00:00,195106.58,181029.93,203067.18,190715.83655258443,189975.9722650975,209675.20979882177
2024-03-04 09:00:00,202229.71,189078.87,211714.26,198301.24129966088,198374.56059442784,217676.3812017478
2024-03-04 10:00:00,204596.81,191647.61,214979.48,201080.39321780877,200989.5388284915,221765.35309492194
2024-03-04 11:00:00,203252.56,189385.06,214132.01,199469.48923904626,201032.1281977706,220182.16720767552
2024-03-04 12:00:00,197851.49,185673.26,210264.51,194872.55175204575,194956.2468590121,214707.5674115689
2024-03-04 13:00:00,191640.79,179873.04,202799.72,188219.49662551793,189618.21535455273,206401.52393331451
2024-03-04 14:00:00,190904.04,175800.2,201967.85,185694.90149010753,187301.19539922272,203846.63389624679
2024-03-04 15:00:00,190776.53,173582.36,201304.75,184638.57578029513,185839.52703155088,203098.61458534253
2024-03-04 16:00:00,189269.4,171272.92,197765.22,182050.26976933732,183572.31610267083,202329.0921276906
2024-03-04 17:00:00,183671.88,166492.8,193657.22,177621.58712810127,180050.17435361084,201335.5659443071
2024-03-04 18:00:00,182118.47,168423.45,191055.44,177141.15027507272,177996.86900863948,200177.326522898
2024-03-04 19:00:00,187504.41,173656.25,190836.41,179689.30255506295,179534.3270981655,198351.5850289254
2024-03-04 20:00:00,178839.21,166669.33,180273.58,171084.19108491106,168536.76085395296,189001.43075487833
2024-03-04 21:00:00,172803.27,162236.6,174601.5,165773.43134144368,163723.58709391925,182026.85502760494
2024-03-04 22:00:00,168670.01,158215.33,169921.94,161544.9131868167,159328.23946731546,175684.52861394096
2024-03-04 23:00:00,165985.98,156194.21,166993.43,159142.93755655643,157003.38199092489,170710.3842731884
2024-03-05 00:00:00,161405.34,152042.24,162677.86,159857.35344154775,156528.23395947937,162589.541123514
2024-03-05 01:00:00,157664.76,148301.82,158847.6,155979.7363149275,152523.92769120674,159627.38691204993
2024-03-05 02:00:00,155385.3,146003.69,156397.41,153380.24877019704,149861.20689033743,157760.96482561674
2024-03-05 03:00:00,154577.38,144965.59,155812.32,152287.95436595724,148899.27292390884,157556.77264158925
2024-03-05 04:00:00,156073.94,147134.49,157956.85,154229.42243997206,150811.07623669726,160875.09043454583
2024-03-05 05:00:00,163508.22,155250.94,164975.37,161535.83713704426,158393.64875198258,170559.7399754587
2024-03-05 06:00:00,178019.54,170018.31,178883.62,174595.3110102085,172503.59069490165,186978.81176146283
2024-03-05 07:00:00,192966.11,186662.86,197571.67,190980.84997659057,188631.72744573667,204727.06644324234
2024-03-05 08:00:00,200773.32,195106.58,207739.02,199816.13251982848,197493.8460564054,212694.73876455877
2024-03-05 09:00:00,207599.65,202229.71,214042.76,206709.56093746098,203979.3732168887,220578.4991930405
2024-03-05 10:00:00,208647.02,204596.81,216706.41,208970.73453637926,206136.55912241503,224390.98288999253
2024-03-05 11:00:00,205400.0,203252.56,213335.4,207037.5921247956,204371.26959259695,223098.50076570894
2024-03-05 12:00:00,199225.13,197851.49,207325.41,201423.5807895758,199059.57446551597,217692.44067342492
2024-03-05 13:00:00,192106.26,191640.79,199670.81,194565.9511578174,192358.95084155007,209489.34303412153
2024-03-05 14:00:00,192246.9,190904.04,199765.83,193687.35417405443,191563.34745509762,207319.87122773833
2024-03-05 15:00:00,191857.69,190776.53,199282.84,193332.08545805645,191252.4166776,206220.78041656033
2024-03-05 16:00:00,190284.07,189269.4,196684.58,191254.68453119887,189257.06623394508,204659.28120065367
2024-03-05 17:00:00,184877.89,183671.88,192001.34,186299.0327889599,185170.91591386992,202966.20253923783
2024-03-05 18:00:00,184370.2,182118.47,187727.24,184442.91464352253,183296.7709913718,201952.10589879565
2024-03-05 19:00:00,189158.46,187504.41,189010.83,188059.24290067307,186292.71372427107,200218.12303882284
2024-03-05 20:00:00,180485.58,178839.21,179562.54,179086.5211019298,177633.84180838586,191218.25178358273
2024-03-05 21:00:00,174534.51,172803.27,173842.82,173184.04617492377,171901.7958430957,184239.30288504536
2024-03-05 22:00:00,169618.5,168670.01,169305.88,168918.73954585817,167655.10610094352,178131.2922379417
2024-03-05 23:00:00,166646.73,165985.98,165801.28,166086.97807154627,165108.6239390139,173675.26878424681
2024-03-06 00:00:00,163005.67,161405.34,161493.5,163035.75529020047,160851.72425037198,162494.302551367
2024-03-06 01:00:00,159811.62,157664.76,157655.92,159057.93435768576,157024.78418737763,159148.2911889455
2024-03-06 02:00:00,157213.59,155385.3,155254.81,156502.65902578807,154635.4967218872,157047.6257805559
2024-03-06 03:00:00,155489.74,154577.38,154700.95,155491.2928799277,154069.79176787852,156573.20727378473
2024-03-06 04:00:00,157050.19,156073.94,156630.29,157143.705657048,155426.82034842033,159571.1871603321
2024-03-06 05:00:00,164093.41,163508.22,164330.24,164399.20652384293,162899.99430758145,168767.72997879615
2024-03-06 06:00:00,178958.27,178019.54,178828.9,177799.75916237358,176656.96748261395,184741.02972612693
2024-03-06 07:00:00,193595.88,192966.11,194994.85,192791.56954228287,191534.76145378087,201702.23991387247
2024-03-06 08:00:00,200870.77,200773.32,204333.21,201229.75649280188,199537.54193873264,209251.13835424752
2024-03-06 09:00:00,207265.5,207599.65,212283.25,208708.16058568977,206511.19019265205,217283.88161994042
2024-03-06 10:00:00,210507.36,208647.02,216196.45,211251.0733733737,207833.32652036898,221456.7575702923
2024-03-06 11:00:00,208175.24,205400.0,213340.0,208624.84763817381,205063.08365460823,219745.91822789528
2024-03-06 12:00:00,202239.98,199225.13,206887.11,202956.4363462355,199456.49460731304,214549.46324653717
2024-03-06 13:00:00,195099.22,192106.26,199460.42,196012.0286890813,192290.08966117632,206446.63488496258
2024-03-06 14:00:00,195222.21,192246.9,198124.75,194759.74744263612,191758.3197837417,204037.1059516553
2024-03-06 15:00:00,195328.46,191857.69,198259.05,194218.32084809503,191507.70471910128,202963.62116364046
2024-03-06 16:00:00,193286.6,190284.07,196679.66,192381.4347340991,189983.61651420384,200676.1773495976
2024-03-06 17:00:00,186644.67,184877.89,190969.22,187105.92237107662,184710.39483462588,198726.61603348237
2024-03-06 18:00:00,185856.2,184370.2,188992.91,186510.91787361307,184137.76296149418,197983.09967999492
2024-03-06 19:00:00,190156.33,189158.46,192665.43,190963.2751747937,188317.66478874374,197216.29107785976
2024-03-06 20:00:00,181125.5,180485.58,183898.73,182465.3126984657,179883.05281257638,187744.78398930636
2024-03-06 21:00:00,175028.16,174534.51,177931.72,176722.67777790138,174125.55845662398,180677.09293007082
2024-03-06 22:00:00,171053.31,169618.5,173124.53,172097.15442463363,169493.16682611237,174664.9467076824
2024-03-06 23:00:00,168793.45,166646.73,169985.15,169213.52451648738,166753.89184361236,170186.1402491168
2024-03-07 00:00:00,164756.05,163005.67,165499.63,165055.05909808655,165277.83807918898,165039.83689916943
2024-03-07 01:00:00,161194.07,159811.62,161834.41,161462.8061934006,161830.57206489483,161828.1203604801
2024-03-07 02:00:00,158745.38,157213.59,158423.21,158620.9255136257,158687.70591626465,159713.3007083976
2024-03-07 03:00:00,157796.8,155489.74,157300.39,157260.89611240022,157378.2386350581,159135.48259685072
2024-03-07 04:00:00,159576.52,157050.19,158621.79,158897.24383526618,159032.83872992927,162035.021573387
2024-03-07 05:00:00,166938.58,164093.41,167585.83,166868.72055250645,166480.775689059,170966.81380372317
2024-03-07 06:00:00,181035.11,178958.27,181137.36,181216.54911341806,180597.33414297443,186165.26581864685
2024-03-07 07:00:00,196243.72,193595.88,198229.72,197037.06381041813,194862.4817356303,204569.73916719295
2024-03-07 08:00:00,203302.42,200870.77,206792.02,204995.88977348953,202518.11305741614,212533.66071507745
2024-03-07 09:00:00,210105.65,207265.5,212811.45,211567.73814742517,208725.24960905057,219840.29814981364
2024-03-07 10:00:00,213160.39,210507.36,215994.24,214573.52229428117,211757.96459483617,222867.45054403113
2024-03-07 11:00:00,210686.49,208175.24,214038.84,212525.03874115308,209328.63394543526,220838.54221386943
2024-03-07 12:00:00,204986.45,202239.98,207888.82,206718.07315784824,203867.52721085068,215823.43917176386
2024-03-07 13:00:00,197462.59,195099.22,199982.35,199508.22406216818,196585.07371368035,208294.47570682943
2024-03-07 14:00:00,197522.71,195222.21,200119.57,199354.84587964107,196673.1655562593,206690.22243785806
2024-03-07 15:00:00,197585.83,195328.46,201216.12,199617.72931488196,196551.69182345335,206607.30251464527
2024-03-07 16:00:00,196179.1,193286.6,200701.79,198057.72844783906,194837.9052036922,204794.18883946788
2024-03-07 17:00:00,189723.0,186644.67,194237.45,191918.56933149192,188659.75040200163,203365.2528829569
2024-03-07 18:00:00,187365.85,185856.2,191380.69,190381.83771342164,187558.1422959055,202130.446912391
2024-03-07 19:00:00,192088.76,190156.33,193618.35,194157.67529810616,190916.983194409,200791.66685617637
2024-03-07 20:00:00,183505.36,181125.5,184094.19,185074.40012978762,182678.4786831961,192497.2610031689
2024-03-07 21:00:00,177952.25,175028.16,178285.55,179056.4011417045,176312.67115629866,185935.70670915584
2024-03-07 22:00:00,174208.87,171053.31,174593.64,175042.6588351487,172756.60704119285,180217.3190894216
2024-03-07 23:00:00,171895.37,168793.45,171982.64,172436.02978120054,170309.34674511544,175536.49416030082
2024-03-08 00:00:00,167938.0,164756.05,167690.39,169990.51836889546,168615.62134238056,167723.7904868625
2024-03-08 01:00:00,164138.68,161194.07,163886.44,166245.37641598863,165474.14050513197,164713.9869388701
2024-03-08 02:00:00,161621.61,158745.38,161084.49,163586.9041674519,162737.6315087294,162528.94536124647
2024-03-08 03:00:00,160590.29,157796.8,159754.48,162425.35252327472,161546.72618276693,162132.5494668064
2024-03-08 04:00:00,162993.68,159576.52,161854.65,164284.69200836337,163472.59337040916,165114.99585639636
2024-03-08 05:00:00,170887.11,166938.58,169996.2,172047.619825881,170667.94806843193,174657.32476045075
2024-03-08 06:00:00,182791.15,181035.11,183319.81,186210.3596038643,183979.16203097344,190523.7792366324
2024-03-08 07:00:00,195180.1,196243.72,198052.24,201414.45849721608,198409.82312905145,207211.23596682103
2024-03-08 08:00:00,203007.67,203302.42,205907.88,209046.93098422114,205928.4451568155,215180.0867355249
2024-03-08 09:00:00,211837.74,210105.65,212690.65,215991.22043828602,212744.23644320524,223250.92135522954
2024-03-08 10:00:00,216473.03,213160.39,216736.75,219198.91386544445,216474.66868507865,228616.20301981474
2024-03-08 11:00:00,214978.1,210686.49,215186.8,216984.57354873343,213817.56360324976,227230.6216871114
2024-03-08 12:00:00,208456.36,204986.45,207976.14,210760.34904390635,207889.71712711404,222316.5009052566
2024-03-08 13:00:00,198917.55,197462.59,200486.96,203285.12498426464,200405.4210525053,214313.5624845557
2024-03-08 14:00:00,196204.39,197522.71,197511.09,202285.29891262916,199484.93499353365,211026.72252483253
2024-03-08 15:00:00,195811.22,197585.83,197027.25,202006.33290482304,198978.36994192985,209521.01425404017
2024-03-08 16:00:00,192598.38,196179.1,194049.37,199763.31684767315,196958.91775255124,206841.43945716534
2024-03-08 17:00:00,185411.73,189723.0,188115.38,193513.63896913335,190849.06358870678,203840.49094177596
2024-03-08 18:00:00,183686.55,187365.85,185426.75,191506.7146419787,188278.71656055877,202016.07400741504
2024-03-08 19:00:00,187100.51,192088.76,186606.48,195035.28284475274,192356.16688442396,201305.60938802254
2024-03-08 20:00:00,178151.73,183505.36,177340.16,186128.04014900464,184179.32341906583,192801.85496413693
2024-03-08 21:00:00,173181.53,177952.25,171066.54,180096.27053814384,178272.25050384944,186414.50768651124
2024-03-08 22:00:00,170299.1,174208.87,166629.43,175825.77516483437,174759.7159354502,180921.04410708457
2024-03-08 23:00:00,169051.83,171895.37,164231.42,173241.685729062,172673.403305158,176558.83530277837
2024-03-09 00:00:00,166007.46,167938.0,160674.77,167620.2223565338,169060.09375337305,165190.63509445166
2024-03-09 01:00:00,162598.74,164138.68,156869.48,163873.12648075464,165202.39283738672,162000.0629041958
2024-03-09 02:00:00,159489.25,161621.61,153943.12,161126.1158900365,162622.03754048733,159917.4544808602
2024-03-09 03:00:00,158455.28,160590.29,152449.26,159806.74854378923,161504.543703163,159647.61409784647
2024-03-09 04:00:00,160363.4,162993.68,153861.48,161705.76354500055,163810.08239187326,162809.88648786405
2024-03-09 05:00:00,167814.52,170887.11,160574.94,169077.67148117258,171203.87746060095,171840.2154623781
2024-03-09 06:00:00,179754.19,182791.15,170893.6,181281.1158500589,183135.35358647653,185850.7485393108
2024-03-09 07:00:00,192418.44,195180.1,185221.85,195099.80627321475,194625.2288419752,202241.56046365455
2024-03-09 08:00:00,200626.43,203007.67,193299.01,202906.21067624225,201605.92294902154,210009.277525451
2024-03-09 09:00:00,208220.97,211837.74,199823.83,210509.27313827755,210320.13867420002,218804.35781030485
2024-03-09 10:00:00,210185.34,216473.03,200474.73,213526.3077415222,214865.81294054558,222512.77255902122
2024-03-09 11:00:00,208338.28,214978.1,199887.81,212180.19482496602,213466.44023902842,220829.84014668482
2024-03-09 12:00:00,202781.85,208456.36,193527.53,206031.99631309434,208112.18393471788,215845.32288199427
2024-03-09 13:00:00,196035.33,198917.55,186050.17,197790.09645719602,199102.38546474467,208322.9853455394
2024-03-09 14:00:00,195921.93,196204.39,184811.13,196326.44970737307,195879.43785451652,206930.33914078033
2024-03-09 15:00:00,196926.82,195811.22,185273.21,196260.48727346206,195991.6340359595,206407.49245673494
2024-03-09 16:00:00,194527.76,192598.38,183245.58,193672.48611368667,192269.13229549452,203975.0929383677
2024-03-09 17:00:00,187765.75,185411.73,178354.46,187420.05481526168,185243.83479627935,200280.88944272153
2024-03-09 18:00:00,185573.01,183686.55,177375.18,186139.24827411334,183829.82582036525,199104.61937090693
2024-03-09 19:00:00,190009.07,187100.51,181184.05,189882.38480717095,186894.7045516112,198726.80318250292
2024-03-09 20:00:00,182935.02,178151.73,171621.78,180647.90855126706,178529.12585878745,188906.38521541064
2024-03-09 21:00:00,177579.59,173181.53,165385.9,174912.39454946417,174032.92561797248,182343.3947182249
2024-03-09 22:00:00,174482.85,170299.1,161352.69,171319.4967889372,171402.74079756349,177283.46162702396
2024-03-09 23:00:00,172832.38,169051.83,159358.66,169442.02107694032,169513.8618494017,173474.41051715845
2024-03-10 00:00:00,168644.36,166007.46,156298.19,162790.04818624313,165677.8223247056,168180.7346775976
2024-03-10 01:00:00,164570.0,162598.74,151870.58,158981.77174457276,162781.46675715744,164051.862467828
2024-03-10 02:00:00,161687.71,159489.25,148706.45,156021.64706309928,159379.30955117068,161024.70722177552
2024-03-10 03:00:00,160321.04,158455.28,146776.21,154706.108641504,157924.1581912702,159992.1683733769
2024-03-10 04:00:00,161579.43,160363.4,147849.43,156345.31465555727,160302.57617633956,162218.18985062043
2024-03-10 05:00:00,167698.68,167814.52,153033.24,163035.43539568418,166018.14677178027,169524.64655620133
2024-03-10 06:00:00,176893.1,179754.19,160840.8,173872.33663817396,175566.5187378274,179757.2402231759
2024-03-10 07:00:00,186679.03,192418.44,172538.88,186536.78422700157,185283.54752037162,193568.7276069262
2024-03-10 08:00:00,193919.67,200626.43,181029.93,194491.89868904828,192780.09850241593,202544.0056339692
2024-03-10 09:00:00,201147.99,208220.97,189078.87,202220.86560673857,200525.39814684665,210937.21079927846
2024-03-10 10:00:00,203716.13,210185.34,191647.61,204949.21089567593,202032.55344812665,214669.87849664106
2024-03-10 11:00:00,201728.59,208338.28,189385.06,202954.74181961716,201115.44056752196,213257.33792937198
2024-03-10 12:00:00,197142.99,202781.85,185673.26,198012.68731361665,195322.90214424703,208624.458345433
2024-03-10 13:00:00,191595.23,196035.33,179873.04,191209.8714776947,188824.2210245625,201083.13050320657
2024-03-10 14:00:00,189120.81,195921.93,175800.2,189529.80847389292,186601.38293184427,195734.11853905526
2024-03-10 15:00:00,186683.19,196926.82,173582.36,189076.0605413589,185556.47226097848,192417.7426533337
2024-03-10 16:00:00,183967.39,194527.76,171272.92,186723.08609103702,183231.77930985033,188803.20789759082
2024-03-10 17:00:00,177288.34,187765.75,166492.8,180730.4400896092,178162.66238677118,185989.76072218898
2024-03-10 18:00:00,176762.04,185573.01,168423.45,179991.43431197773,175917.29767596343,185625.32151350626
2024-03-10 19:00:00,181584.02,190009.07,173656.25,184432.34881995633,180304.64816064265,185939.98419215073
2024-03-10 20:00:00,174846.49,182935.02,166669.33,176984.4090865991,173999.29897842175,177328.68134688903
2024-03-10 21:00:00,170996.32,177579.59,162236.6,171925.90806788625,169874.08251572103,171292.64889238437
2024-03-10 22:00:00,168227.91,174482.85,158215.33,168420.10827717054,167559.086059587,166565.41584598226
2024-03-10 23:00:00,166789.48,172832.38,156194.21,166509.27460918782,165457.9595014445,163064.83127711527
2024-03-11 00:00:00,162934.76,168644.36,152042.24,166650.13528912616,162778.44247840694,163564.0507908791
2024-03-11 01:00:00,159576.88,164570.0,148301.82,162734.51888674815,158794.97296376503,161009.94226814545
2024-03-11 02:00:00,157423.62,161687.71,146003.69,160051.77087873727,156192.7515633113,159338.40708091093
2024-03-11 03:00:00,156497.89,160321.04,144965.59,158877.58799535874,155074.88193960735,159249.92567665904
2024-03-11 04:00:00,158350.18,161579.43,147134.49,160803.13577004665,155544.18648413074,162718.91491188845
2024-03-11 05:00:00,165703.23,167698.68,155250.94,168231.71969928793,162866.8026470296,171948.49381048867
2024-03-11 06:00:00,179366.91,176893.1,170018.31,180397.12776893616,176914.3895851619,188219.40802460696
2024-03-11 07:00:00,193913.33,186679.03,186662.86,193674.47699428222,190366.1127634097,207820.60080363968
2024-03-11 08:00:00,201665.56,193919.67,195106.58,201675.03471773714,197972.20927610932,216857.12558043728
2024-03-11 09:00:00,211123.83,201147.99,202229.71,209369.84569135628,206511.0643733569,225161.26110574437
2024-03-11 10:00:00,215564.9,203716.13,204596.81,212290.86617929296,210662.73436082064,228773.3047997996
2024-03-11 11:00:00,214491.79,201728.59,203252.56,210686.7574480158,208907.81748602766,226776.0809112938
2024-03-11 12:00:00,210352.2,197142.99,197851.49,205433.89954020118,203067.07757334417,221608.4928317391
2024-03-11 13:00:00,203562.84,191595.23,191640.79,198679.25628316283,195510.57751162627,213995.56103029777
2024-03-11 14:00:00,202419.31,189120.81,190904.04,196975.41929895122,194133.31999055154,212177.2580608709
2024-03-11 15:00:00,202445.08,186683.19,190776.53,195991.3619226434,193703.5722924639,211702.29471509127
2024-03-11 16:00:00,201245.53,183967.39,189269.4,193473.87891670555,191581.52217066093,210280.85764263428
2024-03-11 17:00:00,193835.99,177288.34,183671.88,187110.49253916598,186007.11050846032,208459.1205322877
2024-03-11 18:00:00,192027.43,176762.04,182118.47,185864.82726453777,184549.72702456737,207027.90190799854
2024-03-11 19:00:00,195054.79,181584.02,187504.41,190437.22888127866,189320.4851308971,206022.59358743625
2024-03-11 20:00:00,186615.77,174846.49,178839.21,182352.9518094518,181048.76448588146,196112.40388634359
2024-03-11 21:00:00,181970.55,170996.32,172803.27,177271.03260273082,175306.11598352095,189334.30696029088
2024-03-11 22:00:00,179119.1,168227.91,168670.01,173852.78645176912,172419.96639844257,183542.78715159156
2024-03-11 23:00:00,177872.98,166789.48,165985.98,171876.29378595905,170326.30550643193,179578.18564838212
2024-03-12 00:00:00,173984.0,162934.76,161405.34,169835.49122621404,170216.37464504258,174815.6820018078
2024-03-12 01:00:00,169974.14,159576.88,157664.76,166118.8043814065,166462.70284507226,171928.22456150505
2024-03-12 02:00:00,166956.91,157423.62,155385.3,163572.79261720955,163409.09072772673,170168.49654676282
2024-03-12 03:00:00,166899.31,156497.89,154577.38,162594.90535866423,162166.61333992358,170083.5780159214
2024-03-12 04:00:00,169707.28,158350.18,156073.94,164345.4963043809,164015.36983776183,173222.1042418435
2024-03-12 05:00:00,174767.15,165703.23,163508.22,171852.04011744613,170504.99219306713,182156.81015710504
2024-03-12 06:00:00,184960.92,179366.91,178019.54,185509.55667638258,182628.0056520485,197584.37057681422
2024-03-12 07:00:00,196012.17,193913.33,192966.11,200031.02281273078,196592.38323782818,216031.64860454586
2024-03-12 08:00:00,202042.64,201665.56,200773.32,208136.04723134488,204057.73222531995,224614.1203422074
2024-03-12 09:00:00,211331.53,211123.83,207599.65,216266.86452459727,212860.15229117605,232364.80371596757
2024-03-12 10:00:00,216506.58,215564.9,208647.02,219018.95566350123,216153.88331317503,235650.89880783283
2024-03-12 11:00:00,216010.29,214491.79,205400.0,216905.53172095414,215350.46785502983,233494.85132477744
2024-03-12 12:00:00,211348.3,210352.2,199225.13,211633.18597738867,210564.5471096047,227596.80685916642
2024-03-12 13:00:00,204978.22,203562.84,192106.26,204623.95159365115,203734.34308453856,219741.94225691573
2024-03-12 14:00:00,204426.4,202419.31,192246.9,203997.88486993717,203051.89595502173,218506.71151559136
2024-03-12 15:00:00,205019.22,202445.08,191857.69,203796.18396471196,203274.70609055614,217731.17105646044
2024-03-12 16:00:00,203865.4,201245.53,190284.07,201956.31427182688,201834.62264013154,216050.78237516762
2024-03-12 17:00:00,197198.87,193835.99,184877.89,195370.24428428046,194647.5952689637,213279.3141637643
2024-03-12 18:00:00,194901.09,192027.43,184370.2,193956.07189580853,192624.34008281108,211756.03794285594
2024-03-12 19:00:00,198059.24,195054.79,189158.46,198029.15290236066,195718.58396910966,211474.29833071257
2024-03-12 20:00:00,190226.79,186615.77,180485.58,189625.04498015478,187561.2866073604,201731.21321837883
2024-03-12 21:00:00,185237.98,181970.55,174534.51,184258.98594203655,183029.83507916844,195047.8601493452
2024-03-12 22:00:00,182642.68,179119.1,169618.5,180491.1948789748,180138.49412584392,189699.84832655874
2024-03-12 23:00:00,181869.59,177872.98,166646.73,178370.7209862735,177945.66631349645,185783.54003946055
2024-03-13 00:00:00,178130.73,173984.0,163005.67,174110.52039853844,175185.0884849652,177214.02896501223
2024-03-13 01:00:00,174245.28,169974.14,159811.62,170287.57616911293,171203.4816382699,173307.80820000087
2024-03-13 02:00:00,171150.52,166956.91,157213.59,167424.11174702045,168305.14713093603,170801.804303956
2024-03-13 03:00:00,170557.53,166899.31,155489.74,166434.58698088728,168345.3826891812,169938.1253513869
2024-03-13 04:00:00,173246.39,169707.28,157050.19,168477.9245645504,170487.36113938296,172418.10635875922
2024-03-13 05:00:00,178067.89,174767.15,164093.41,174906.08815640805,175779.1609919826,181045.67979044732
2024-03-13 06:00:00,186868.32,184960.92,178958.27,187309.72038768383,185470.5683876115,196431.30993373442
2024-03-13 07:00:00,196355.84,196012.17,193595.88,200189.12054388752,197112.9519217631,213383.30122470538
2024-03-13 08:00:00,202506.22,202042.64,200870.77,207309.61015954387,202756.70957699526,221046.46248931825
2024-03-13 09:00:00,211910.45,211331.53,207265.5,215433.42191027183,211684.8795404507,228691.26312643988
2024-03-13 10:00:00,217863.27,216506.58,210507.36,219494.49362563307,216625.05692826334,232182.87975219137
2024-03-13 11:00:00,217365.16,216010.29,208175.24,217974.30608430423,215779.51443669328,230107.84194399565
2024-03-13 12:00:00,213517.76,211348.3,202239.98,212786.36379736545,211663.06085169333,224335.33862450608
2024-03-13 13:00:00,204834.89,204978.22,195099.22,206055.96937147976,206112.07418431342,216255.92347083276
2024-03-13 14:00:00,204395.62,204426.4,195222.21,205261.6503176825,204415.28284712168,214502.4476451971
2024-03-13 15:00:00,204902.03,205019.22,195328.46,205061.16322425246,204825.60369750962,214383.25988421787
2024-03-13 16:00:00,202143.15,203865.4,193286.6,203206.97388523843,203874.93118369626,211789.285762304
2024-03-13 17:00:00,195383.62,197198.87,186644.67,196394.86412372798,197456.50017553137,208978.77294463065
2024-03-13 18:00:00,192490.87,194901.09,185856.2,195014.15489228055,194171.61375624608,208166.505383568
2024-03-13 19:00:00,195822.66,198059.24,190156.33,199007.6337674335,197404.69606830212,209123.56064755018
2024-03-13 20:00:00,188171.93,190226.79,181125.5,190671.5500741753,189510.39756876658,199535.21828417084
2024-03-13 21:00:00,184180.75,185237.98,175028.16,185325.14117991386,185674.474038349,193044.9988157185
2024-03-13 22:00:00,182373.03,182642.68,171053.31,182010.78393349538,183168.43714817407,187855.00989989116
2024-03-13 23:00:00,180611.75,181869.59,168793.45,180378.74425474208,182332.24097358336,184064.8810172962
2024-03-14 00:00:00,177071.77,178130.73,164756.05,173965.3836314749,177235.74678193274,176183.34616349815
2024-03-14 01:00:00,173276.34,174245.28,161194.07,170195.98041433247,173351.76590852934,172326.04071423347
2024-03-14 02:00:00,170220.27,171150.52,158745.38,167394.94507955163,170685.46477028006,169583.4400963203
2024-03-14 03:00:00,169771.67,170557.53,157796.8,166605.57967380938,169755.87022048165,168443.08200216255
2024-03-14 04:00:00,172385.53,173246.39,159576.52,168805.57169379762,172906.1389978612,170739.9831737384
2024-03-14 05:00:00,178117.78,178067.89,166938.58,175237.38764583407,177509.83744525572,179372.9894954396
2024-03-14 06:00:00,187473.11,186868.32,181035.11,187117.45341794597,185210.54629785442,193792.9925173691
2024-03-14 07:00:00,196558.73,196355.84,196243.72,199986.44169586638,196002.2948982537,211413.34992526306
2024-03-14 08:00:00,202475.55,202506.22,203302.42,206884.26911149547,202279.68684000848,219275.64341391463
2024-03-14 09:00:00,211694.59,211910.45,210105.65,215364.47579833723,210722.73910851154,225787.30375576133
2024-03-14 10:00:00,215859.8,217863.27,213160.39,219957.13987588687,216126.10466434972,228698.68337376183
2024-03-14 11:00:00,215191.64,217365.16,210686.49,218681.2413371675,215048.88225616916,226702.53087825474
2024-03-14 12:00:00,211766.64,213517.76,204986.45,214003.11431673163,211193.59314307684,221249.61890061753
2024-03-14 13:00:00,205678.67,204834.89,197462.59,206202.946926255,203313.12951333183,213314.658656985
2024-03-14 14:00:00,206368.47,204395.62,197522.71,205785.73514922892,202749.8949286518,212315.9625988001
2024-03-14 15:00:00,207259.44,204902.03,197585.83,206067.11817022078,203416.94162647994,212335.00902143633
2024-03-14 16:00:00,204188.23,202143.15,196179.1,204179.81105573862,200737.5388809561,210703.2174024109
2024-03-14 17:00:00,197292.88,195383.62,189723.0,197385.2748240546,193928.84855073591,207497.15796905034
2024-03-14 18:00:00,194321.16,192490.87,187365.85,194991.37530886626,191224.05626850642,205828.305451276
2024-03-14 19:00:00,198727.39,195822.66,192088.76,198742.7503235553,194000.11078707955,205980.6939483016
2024-03-14 20:00:00,192526.11,188171.93,183505.36,190459.65638883572,186777.63902907076,197084.91341058095
2024-03-14 21:00:00,188777.88,184180.75,177952.25,185581.1625636568,183301.7401670466,191026.33876126655
2024-03-14 22:00:00,186436.04,182373.03,174208.87,182751.25263333478,181402.94067001046,186128.71838679392
2024-03-14 23:00:00,184510.35,180611.75,171895.37,180873.34129009952,180069.4212683659,182165.48479744123
2024-03-15 00:00:00,181430.17,177071.77,167938.0,177137.65649454072,177608.42141519557,179806.517463123
2024-03-15 01:00:00,177326.08,173276.34,164138.68,173211.38095110262,173929.33926414145,176089.92772810473
2024-03-15 02:00:00,174035.32,170220.27,161621.61,170273.6349607841,170788.1043379731,173349.60731575705
2024-03-15 03:00:00,173089.36,169771.67,160590.29,169607.2590815244,170402.96642774128,172328.56783675836
2024-03-15 04:00:00,175227.74,172385.53,162993.68,172179.55733974525,172930.11754574193,174774.8894731978
2024-03-15 05:00:00,179882.05,178117.78,170887.11,178652.41264148246,178680.13727563282,183501.13863482556
2024-03-15 06:00:00,189653.41,187473.11,182791.15,189302.22408464592,187499.97498841447,198175.49617333864
2024-03-15 07:00:00,198848.59,196558.73,195180.1,200279.35991736053,196774.53217013663,214036.71345380947
2024-03-15 08:00:00,204143.56,202475.55,203007.67,207013.79591029897,203082.89963815638,221782.81400647172
2024-03-15 09:00:00,215877.18,211694.59,211837.74,216086.66814391012,212224.13611594503,229915.86423356557
2024-03-15 10:00:00,219455.77,215859.8,216473.03,220758.20176550897,216319.05217824082,234739.96645993314
2024-03-15 11:00:00,219289.42,215191.64,214978.1,219847.7012064898,215326.46727718093,233290.35147022098
2024-03-15 12:00:00,214438.35,211766.64,208456.36,214988.03405837083,211139.20386799608,227758.9429657253
2024-03-15 13:00:00,208103.33,205678.67,198917.55,207402.18657550123,204351.49814470694,220227.89633671334
2024-03-15 14:00:00,207181.5,206368.47,196204.39,206474.98105449174,205189.83668437498,217282.16531420953
2024-03-15 15:00:00,207575.47,207259.44,195811.22,206764.76058947726,206061.00763601065,216042.65535541202
2024-03-15 16:00:00,202890.28,204188.23,192598.38,203939.26845218427,202891.03489103512,212890.82686541893
2024-03-15 17:00:00,196749.09,197292.88,185411.73,197000.2581188372,195776.54356882419,208066.21330734756
2024-03-15 18:00:00,194361.75,194321.16,183686.55,194645.94090619392,193434.89075765337,205675.06591959624
2024-03-15 19:00:00,197580.12,198727.39,187100.51,198363.6045343033,197039.51671045244,205933.6150625709
2024-03-15 20:00:00,191362.11,192526.11,178151.73,190609.7221958926,190672.96851560054,197345.82450439912
2024-03-15 21:00:00,187131.63,188777.88,173181.53,185995.13576199816,187223.85034546588,191263.3483777757
2024-03-15 22:00:00,185605.74,186436.04,170299.1,183312.56923444523,184466.95883741358,186408.92001924815
2024-03-15 23:00:00,184496.61,184510.35,169051.83,181727.69425876628,182820.62896861878,182861.61912695516
2024-03-16 00:00:00,180619.63,181430.17,166007.46,177016.75767823693,180447.80064512338,180150.752717803
2024-03-16 01:00:00,177292.95,177326.08,162598.74,173159.66718783186,176533.8050372492,176340.55734849416
2024-03-16 02:00:00,174616.01,174035.32,159489.25,169952.13675738662,173274.0973729494,173551.47783981162
2024-03-16 03:00:00,173515.59,173089.36,158455.28,169020.74779376326,172221.35929844022,172555.59155378406
2024-03-16 04:00:00,175652.0,175227.74,160363.4,171182.58201717824,174298.80946918213,174955.39345658995
2024-03-16 05:00:00,179506.45,179882.05,167814.52,177023.37138535312,178811.06933635531,182864.18312748594
2024-03-16 06:00:00,187510.9,189653.41,179754.19,187395.42074154803,187273.60916392168,195044.3555847001
2024-03-16 07:00:00,196200.95,198848.59,192418.44,198076.97216290957,195255.0075735016,210479.79845805076
2024-03-16 08:00:00,201423.42,204143.56,200626.43,204655.95683182238,201042.97380504553,218404.02668388738
2024-03-16 09:00:00,210194.74,215877.18,208220.97,214196.5316455653,211268.68011540396,227107.6224009237
2024-03-16 10:00:00,214939.56,219455.77,210185.34,217620.91057059134,214875.89087298128,230075.34783714268
2024-03-16 11:00:00,215101.63,219289.42,208338.28,216829.7156563142,214643.57731048946,228528.15225920142
2024-03-16 12:00:00,212537.62,214438.35,202781.85,212007.78967791243,210557.03932991094,223390.98165993107
2024-03-16 13:00:00,206984.14,208103.33,196035.33,205067.60722662834,203750.3320977866,215931.42399643242
2024-03-16 14:00:00,207889.96,207181.5,195921.93,204576.4948338562,203552.79167031415,214604.1759237066
2024-03-16 15:00:00,209352.75,207575.47,196926.82,205183.8944440883,203570.6393104762,214213.05292858402
2024-03-16 16:00:00,203859.67,202890.28,194527.76,201786.1679611061,199454.6531016011,211435.72738775992
2024-03-16 17:00:00,195355.44,196749.09,187765.75,195341.30630614047,192933.64914575513,206551.76763773523
2024-03-16 18:00:00,191809.38,194361.75,185573.01,193047.29066879072,190558.15011260554,205177.70705219722
2024-03-16 19:00:00,195047.51,197580.12,190009.07,196873.29312717228,194271.83700758606,206302.3145926152
2024-03-16 20:00:00,186943.23,191362.11,182935.02,189913.0342862188,188255.75549135462,196746.5596594308
2024-03-16 21:00:00,182699.89,187131.63,177579.59,185243.2271342805,184142.8829502821,190587.5993837248
2024-03-16 22:00:00,180940.43,185605.74,174482.85,182932.30500947576,182518.47230630356,186108.3650334673
2024-03-16 23:00:00,179009.81,184496.61,172832.38,181362.83281010124,181756.9141215254,183076.0893647081
2024-03-17 00:00:00,176193.25,180619.63,168644.36,172752.36559633768,177943.66866907527,174925.3523647696
2024-03-17 01:00:00,172353.3,177292.95,164570.0,169043.9603622428,174297.53984097176,170812.15924937054
2024-03-17 02:00:00,169148.61,174616.01,161687.71,166189.44903868693,171203.25887898015,167827.17853258373
2024-03-17 03:00:00,168223.1,173515.59,160321.04,165097.0419843987,171404.17303122647,166553.47516317235
2024-03-17 04:00:00,170302.19,175652.0,161579.43,166947.52165040566,173131.80590964193,168472.0445512026
2024-03-17 05:00:00,174366.07,179506.45,167698.68,171897.58624157563,176533.37312054646,175212.65841625788
2024-03-17 06:00:00,181189.3,187510.9,176893.1,180513.66845354927,182450.62367803714,184608.69126809377
2024-03-17 07:00:00,189100.07,196200.95,186679.03,189655.3320757089,188611.38441514008,197440.96722955458
2024-03-17 08:00:00,193678.94,201423.42,193919.67,195645.73324524445,194484.34245505396,206211.28531931154
2024-03-17 09:00:00,200752.75,210194.74,201147.99,204051.46571538382,201801.50994816123,214624.3652554345
2024-03-17 10:00:00,202872.22,214939.56,203716.13,207752.57527572502,204973.3767799375,218455.01792414152
2024-03-17 11:00:00,202167.49,215101.63,201728.59,207015.92886841416,203843.7132438298,216019.91718039458
2024-03-17 12:00:00,199777.57,212537.62,197142.99,203540.85532999222,201407.5359684511,211571.60661873285
2024-03-17 13:00:00,194888.03,206984.14,191595.23,197927.01748203923,196127.94716400967,204480.82042892734
2024-03-17 14:00:00,193884.71,207889.96,189120.81,197361.5857470284,196377.0679548242,199762.48466830255
2024-03-17 15:00:00,193138.37,209352.75,186683.19,197250.65021548053,197516.35845912993,196898.3524849507
2024-03-17 16:00:00,190264.81,203859.67,183967.39,193329.72830813634,191989.08310259384,193683.91987666054
2024-03-17 17:00:00,182831.08,195355.44,177288.34,186261.2444150508,185278.83851602566,189874.1945748456
2024-03-17 18:00:00,179630.21,191809.38,176762.04,184253.79784070462,181464.84960250926,189954.34018144946
2024-03-17 19:00:00,184459.15,195047.51,181584.02,188242.3315137886,185430.85549801786,191925.59291745722
2024-03-17 20:00:00,178769.54,186943.23,174846.49,181259.34557561143,180167.2677525023,183961.21982974123
2024-03-17 21:00:00,176495.1,182699.89,170996.32,177253.72320813432,176068.54603124983,178574.6295574298
2024-03-17 22:00:00,175413.31,180940.43,168227.91,175008.8153256958,174410.88448673964,174373.02369351478
2024-03-17 23:00:00,173970.56,179009.81,166789.48,173282.87327072924,172918.47272110457,171676.2628637202
2024-03-18 00:00:00,170323.82,176193.25,162934.76,173566.64336347472,171416.66873440664,171135.46907522707
2024-03-18 01:00:00,166495.8,172353.3,159576.88,169844.1245286811,167690.17134743062,168686.76547927613
2024-03-18 02:00:00,164585.95,169148.61,157423.62,167011.12274033736,165292.74837394402,167251.21507405833
2024-03-18 03:00:00,163923.38,168223.1,156497.89,166034.12253982684,164320.7439444168,167199.6730631538
2024-03-18 04:00:00,166585.05,170302.19,158350.18,168048.9876061801,166281.12796911897,170537.35626686935
2024-03-18 05:00:00,172514.57,174366.07,165703.23,173489.63384906427,169896.59137046034,179630.24155466157
2024-03-18 06:00:00,184070.34,181189.3,179366.91,183532.47336253876,182445.0000903826,195337.37248474118
2024-03-18 07:00:00,194591.26,189100.07,193913.33,194276.13731585094,195147.44889377922,213652.17256023004
2024-03-18 08:00:00,200118.91,193678.94,201665.56,200216.79358869817,201383.92767117542,222253.4787488429
2024-03-18 09:00:00,210085.28,200752.75,211123.83,208968.9452899042,211057.79930296866,230111.42804965263
2024-03-18 10:00:00,215413.01,202872.22,215564.9,212305.42372938595,215267.18562322028,233343.13749242353
2024-03-18 11:00:00,213958.41,202167.49,214491.79,211650.61842731535,214591.35675036232,231461.78024476802
2024-03-18 12:00:00,213380.8,199777.57,210352.2,208137.59145805944,211115.36295695876,226047.26990275912
2024-03-18 13:00:00,207131.64,194888.03,203562.84,202284.0817749477,205230.07083875372,219014.35825697507
2024-03-18 14:00:00,207632.05,193884.71,202419.31,201411.43712866103,204680.3602706368,217540.89094207797
2024-03-18 15:00:00,207426.88,193138.37,202445.08,201295.97482576073,204950.82039532278,217239.25448538645
2024-03-18 16:00:00,203665.1,190264.81,201245.53,198424.30841038236,202766.33379076998,215704.33825332165
2024-03-18 17:00:00,195181.08,182831.08,193835.99,191300.13543490873,195261.3887822117,212660.3405804645
2024-03-18 18:00:00,190823.01,179630.21,192027.43,188856.11348852623,193184.23766708552,211105.7647386593
2024-03-18 19:00:00,194886.19,184459.15,195054.79,192778.23247547782,196568.80462114347,211998.20558758205
2024-03-18 20:00:00,187447.45,178769.54,186615.77,185783.74501622008,188739.96848128075,202085.8850035039
2024-03-18 21:00:00,183284.16,176495.1,181970.55,182008.31818878537,184445.86751380295,195551.8760879431
2024-03-18 22:00:00,181377.44,175413.31,179119.1,180048.07192222567,182786.77206457796,190534.0041061813
2024-03-18 23:00:00,179007.8,173970.56,177872.98,178569.36741990634,181144.93762881728,187252.36918050575
2024-03-19 00:00:00,176029.27,170323.82,173984.0,176159.90729230474,177794.95368327707,175694.9684130205
2024-03-19 01:00:00,172556.85,166495.8,169974.14,172309.1616177743,173785.42201790214,172651.16559645778
2024-03-19 02:00:00,169376.87,164585.95,166956.91,169727.1390701976,170886.52232716285,170707.04176547079
2024-03-19 03:00:00,167839.49,163923.38,166899.31,169112.20210534014,170677.44890286628,170365.42027710192
2024-03-19 04:00:00,169829.74,166585.05,169707.28,171611.43722743815,172986.60408441193,173028.96082843735
2024-03-19 05:00:00,175234.15,172514.57,174767.15,176898.74475254395,176809.70924004356,181433.72752771643
2024-03-19 06:00:00,185279.0,184070.34,184960.92,187251.37685682302,185709.26970584778,196118.49171596084
2024-03-19 07:00:00,194436.2,194591.26,196012.17,197725.4219847362,195485.57016837358,213516.06708899868
2024-03-19 08:00:00,199169.14,200118.91,202042.64,203441.04963502855,201118.8678677536,222126.04911809572
2024-03-19 09:00:00,207751.32,210085.28,211331.53,212596.85240899253,209662.1053917275,229837.95150076697
2024-03-19 10:00:00,213351.09,215413.01,216506.58,217286.63994762726,214343.77347978888,232567.80916623073
2024-03-19 11:00:00,213250.56,213958.41,216010.29,216414.97539684532,213278.29738436075,230048.53931154756
2024-03-19 12:00:00,210009.41,213380.8,211348.3,213749.96008714047,212564.61745069092,224075.32784004262
2024-03-19 13:00:00,202968.04,207131.64,204978.22,207622.16622364774,206681.74810019735,216677.4585214909
2024-03-19 14:00:00,203458.53,207632.05,204426.4,207681.25919750435,207204.1598918678,216098.28219934553
2024-03-19 15:00:00,204496.58,207426.88,205019.22,207930.09102657743,206968.56240437346,215446.84917550976
2024-03-19 16:00:00,201690.86,203665.1,203865.4,204809.00440082038,204429.72127920025,213494.50312001002
2024-03-19 17:00:00,194082.95,195181.08,197198.87,197159.45222425248,195902.4192952904,209599.89406943606
2024-03-19 18:00:00,188718.18,190823.01,194901.09,194007.3574613363,192688.06542919684,207848.9206682049
2024-03-19 19:00:00,192826.16,194886.19,198059.24,197817.77747953546,196441.584008073,209000.75302929926
2024-03-19 20:00:00,186264.07,187447.45,190226.79,190179.18869563146,188862.39265051414,199512.54467688146
2024-03-19 21:00:00,182600.4,183284.16,185237.98,185736.52039241875,184500.13233427992,193133.11325729644
2024-03-19 22:00:00,180115.42,181377.44,182642.68,183508.90324456347,181975.7190925012,188254.485861629
2024-03-19 23:00:00,177319.69,179007.8,181869.59,181710.42171025704,180937.55470276746,184723.4485467181
2024-03-20 00:00:00,173454.03,176029.27,178130.73,176711.9652774928,174115.96267550476,173826.56494250876
2024-03-20 01:00:00,169343.47,172556.85,174245.28,173007.9189893758,170504.19126023963,170627.43410539287
2024-03-20 02:00:00,166228.51,169376.87,171150.52,169965.8253067297,167440.2907532803,168552.04757325278
2024-03-20 03:00:00,164375.38,167839.49,170557.53,168873.02055175212,166527.97283388412,167819.95594218062
2024-03-20 04:00:00,166174.57,169829.74,173246.39,171102.9404180129,168726.36151642422,170276.41187049655
2024-03-20 05:00:00,171781.48,175234.15,178067.89,176247.20760354816,173664.4166970968,178528.78063909838
2024-03-20 06:00:00,182456.3,185279.0,186868.32,185727.1874747655,181785.0520635257,193601.831904587
2024-03-20 07:00:00,192121.52,194436.2,196355.84,195188.9495101503,191342.96632560738,209903.26121053638
2024-03-20 08:00:00,195888.27,199169.14,202506.22,200531.3751371095,196839.0252413048,217832.74959791196
2024-03-20 09:00:00,205485.16,207751.32,211910.45,209046.48755915507,204869.64026951886,225547.14876903588
2024-03-20 10:00:00,209751.54,213351.09,217863.27,213932.86646119648,210085.0435630526,229463.98226530128
2024-03-20 11:00:00,208614.87,213250.56,217365.16,213392.9975130705,209494.45240239566,227569.27033992278
2024-03-20 12:00:00,204579.27,210009.41,213517.76,210233.80693951732,207110.60268187383,221750.97381628427
2024-03-20 13:00:00,196182.22,202968.04,204834.89,203190.82019327418,199864.8783632346,213959.13944987528
2024-03-20 14:00:00,196065.22,203458.53,204395.62,203072.9362637584,199513.71924812018,212491.1668907777
2024-03-20 15:00:00,196208.56,204496.58,204902.03,203426.75177223122,200390.20937771554,212370.13809621043
2024-03-20 16:00:00,194091.39,201690.86,202143.15,200549.6891710452,197905.2809174615,209901.57575122645
2024-03-20 17:00:00,188717.31,194082.95,195383.62,193290.47027176304,190605.2537804596,205684.2293670857
2024-03-20 18:00:00,184551.63,188718.18,192490.87,189560.95665971062,186700.7055350972,204464.57790940983
2024-03-20 19:00:00,188541.04,192826.16,195822.66,193602.7589251311,190911.27199548756,206429.53698732497
2024-03-20 20:00:00,181474.61,186264.07,188171.93,186670.7999462398,183872.75407390617,196875.17130426588
2024-03-20 21:00:00,177516.11,182600.4,184180.75,182941.0350473632,180100.21690610683,190629.18172811632
2024-03-20 22:00:00,176287.19,180115.42,182373.03,180863.92255010863,178412.414928144,186267.45983520075
2024-03-20 23:00:00,174164.83,177319.69,180611.75,178662.24568635758,175971.49432912952,183214.52949849647
2024-03-21 00:00:00,170647.18,173454.03,177071.77,171158.57478492468,174261.27929839605,171018.86777414323
2024-03-21 01:00:00,166694.7,169343.47,173276.34,167343.05340642555,170550.1324369441,168113.87349213316
2024-03-21 02:00:00,163489.49,166228.51,170220.27,164532.6076481277,167272.95882532184,165959.01619450125
2024-03-21 03:00:00,162205.22,164375.38,169771.67,163391.64471324356,166041.240828489,165239.72635490765
2024-03-21 04:00:00,163868.88,166174.57,172385.53,165530.78252588926,168310.3134775881,167689.58804870897
2024-03-21 05:00:00,169297.29,171781.48,178117.78,171202.718465608,173697.50069338406,176178.73189184524
2024-03-21 06:00:00,180479.94,182456.3,187473.11,181545.29638736905,183545.42680440174,190294.2325154614
2024-03-21 07:00:00,190238.59,192121.52,196558.73,191248.90001900325,192989.0005703349,206860.45488786625
2024-03-21 08:00:00,194309.5,195888.27,202475.55,196129.25280694466,197701.3290292403,215055.0024152544
2024-03-21 09:00:00,201611.95,205485.16,211694.59,205174.75155502645,205548.02754563675,221697.06257853398
2024-03-21 10:00:00,205778.86,209751.54,215859.8,209530.3404528695,210128.79298930196,225083.02786689572
2024-03-21 11:00:00,204410.09,208614.87,215191.64,208548.182529374,208844.01750727635,223506.71818687083
2024-03-21 12:00:00,201388.01,204579.27,211766.64,205407.14838506267,205826.40039333014,218212.29694285095
2024-03-21 13:00:00,195494.93,196182.22,205678.67,198449.7103678105,200026.7520234328,210345.37524674213
2024-03-21 14:00:00,196815.33,196065.22,206368.47,198692.0682718867,200627.6027090873,209729.3886145575
2024-03-21 15:00:00,198194.54,196208.56,207259.44,199009.03962609335,200911.732454891,209806.2209308336
2024-03-21 16:00:00,197901.37,194091.39,204188.23,196313.45042782498,198488.9384928774,208155.5564609378
2024-03-21 17:00:00,191764.62,188717.31,197292.88,189880.71814033788,192662.31633147804,203172.234944545
2024-03-21 18:00:00,189130.08,184551.63,194321.16,186266.13532304013,189059.52244753283,201109.75019125215
2024-03-21 19:00:00,193494.44,188541.04,198727.39,190381.93494491716,192521.5594943249,203039.09487224885
2024-03-21 20:00:00,186272.42,181474.61,192526.11,183630.29328407592,186673.8386146642,193880.09188192713
2024-03-21 21:00:00,181819.97,177516.11,188777.88,179686.95689090047,183052.3957540469,187932.55436466978
2024-03-21 22:00:00,179417.9,176287.19,186436.04,177778.28848427703,180762.1482660771,183866.7965011615
2024-03-21 23:00:00,176926.04,174164.83,184510.35,175614.40812278277,178665.30520029113,180723.27777731916
2024-03-22 00:00:00,173593.12,170647.18,181430.17,173399.8133392747,173417.584705972,173195.6459334074
2024-03-22 01:00:00,169989.57,166694.7,177326.08,169531.4230757533,169600.96544714362,170014.73224403788
2024-03-22 02:00:00,167347.07,163489.49,174035.32,166382.9392937282,166357.84647558111,167658.51262587556
2024-03-22 03:00:00,166444.48,162205.22,173089.36,165119.4095015679,165420.60504932693,166871.98575723858
2024-03-22 04:00:00,168511.34,163868.88,175227.74,166983.1088244924,167338.24447018263,169384.65032185282
2024-03-22 05:00:00,174181.18,169297.29,179882.05,172262.62354325145,171729.2213534833,177657.65926521088
2024-03-22 06:00:00,185855.78,180479.94,189653.41,182635.95716175943,181631.36913397416,191548.56898090921
2024-03-22 07:00:00,195217.89,190238.59,198848.59,192112.77041061167,191331.0488553456,206839.18711061077
2024-03-22 08:00:00,199284.73,194309.5,204143.56,196779.73858825117,194466.5564745575,215022.94302359817
2024-03-22 09:00:00,207776.02,201611.95,215877.18,205685.69269869995,203953.64458348177,223320.44513940476
2024-03-22 10:00:00,211788.04,205778.86,219455.77,209879.66945161743,207777.59579358337,227864.6502263953
2024-03-22 11:00:00,212173.83,204410.09,219289.42,209152.28275626374,207444.28003821563,226386.7340831901
2024-03-22 12:00:00,208749.57,201388.01,214438.35,205389.25894539212,203238.6204229353,220597.64428767355
2024-03-22 13:00:00,200992.33,195494.93,208103.33,198891.69129883274,197216.59638164553,212541.2256714984
2024-03-22 14:00:00,201097.36,196815.33,207181.5,199014.87904289228,197543.3032032752,209934.05122201066
2024-03-22 15:00:00,201867.93,198194.54,207575.47,199769.7969716827,198292.92466112116,208989.76579634906
2024-03-22 16:00:00,199915.53,197901.37,202890.28,197400.39901032232,196365.99491201193,205460.1569781412
2024-03-22 17:00:00,193772.57,191764.62,196749.09,191162.64414393398,190803.37805118327,199282.22754708683
2024-03-22 18:00:00,190660.78,189130.08,194361.75,188211.2440072752,188462.34086312234,196965.7014992671
2024-03-22 19:00:00,195292.5,193494.44,197580.12,192082.72250685282,192009.57833951715,198619.98362976135
2024-03-22 20:00:00,188529.51,186272.42,191362.11,185325.8608136247,185737.24273238445,189786.87910350197
2024-03-22 21:00:00,184532.62,181819.97,187131.63,181134.4930236715,181462.63840269626,184026.67103457783
2024-03-22 22:00:00,182570.61,179417.9,185605.74,179062.91056581054,179606.35821164463,179994.4371687242
2024-03-22 23:00:00,181309.49,176926.04,184496.61,177021.98212762526,178314.82148601467,177266.69148377937
2024-03-23 00:00:00,178226.38,173593.12,180619.63,175475.1542969699,176798.42973952516,178630.8840940809
2024-03-23 01:00:00,174742.19,169989.57,177292.95,171841.7154647566,173644.96669048004,175981.42976795378
2024-03-23 02:00:00,171430.59,167347.07,174616.01,169020.1035203675,170945.19522670217,173838.6965778704
2024-03-23 03:00:00,170275.09,166444.48,173515.59,167830.89005315685,169819.21420869528,173337.75983673925
2024-03-23 04:00:00,172120.4,168511.34,175652.0,169794.78105887835,171583.82767474742,175930.48216879365
2024-03-23 05:00:00,176976.33,174181.18,179506.45,174973.46144383386,176072.82660558785,183634.1640441018
2024-03-23 06:00:00,185917.26,185855.78,187510.9,185265.25367728577,185251.17317213424,195686.32969532063
2024-03-23 07:00:00,193316.03,195217.89,196200.95,194663.49281619367,193834.51157146753,210325.49880079902
2024-03-23 08:00:00,196335.12,199284.73,201423.42,199243.19837211253,198090.34259415738,218870.5913500538
2024-03-23 09:00:00,204754.84,207776.02,210194.74,207779.74605490008,206060.86760272688,227344.45997215543
2024-03-23 10:00:00,208972.81,211788.04,214939.56,211922.0069170151,210131.11780058724,230126.7633434563
2024-03-23 11:00:00,210159.91,212173.83,215101.63,211710.60823950943,210325.57666443216,228900.75370963287
2024-03-23 12:00:00,207249.86,208749.57,212537.62,208405.04994447526,207094.78904138296,223494.81016887273
2024-03-23 13:00:00,200572.97,200992.33,206984.14,201494.2418873688,200613.9698831295,216167.0557189572
2024-03-23 14:00:00,201628.16,201097.36,207889.96,201843.40693707525,200709.4718076908,215137.64957852787
2024-03-23 15:00:00,201875.24,201867.93,209352.75,202708.78848321404,201889.16205066032,215289.59595574447
2024-03-23 16:00:00,200773.07,199915.53,203859.67,199759.01271630827,199062.86539633622,212566.69627914607
2024-03-23 17:00:00,193788.74,193772.57,195355.44,193106.171481367,192459.66582413326,206713.64482537046
2024-03-23 18:00:00,189629.11,190660.78,191809.38,189921.95803951853,189502.47733652507,205195.01806024753
2024-03-23 19:00:00,194882.53,195292.5,195047.51,193995.6683071443,193227.4763018154,207588.426109377
2024-03-23 20:00:00,188616.56,188529.51,186943.23,186766.76571856337,186122.03842178363,198586.1480447707
2024-03-23 21:00:00,185115.86,184532.62,182699.89,182576.33919662918,182030.70157880007,192882.1085574202
2024-03-23 22:00:00,184078.0,182570.61,180940.43,180691.38119502476,180426.8109271691,189044.16498463674
2024-03-23 23:00:00,183083.87,181309.49,179009.81,178910.07507843158,179222.2079211176,186699.7299917691
2024-03-24 00:00:00,179644.31,178226.38,176193.25,173214.67223706655,177748.77877695463,180324.16353900457
2024-03-24 01:00:00,175765.27,174742.19,172353.3,169546.37325072874,174553.0155147695,177123.93102612783
2024-03-24 02:00:00,172972.05,171430.59,169148.61,166407.77141396294,171363.01388717708,174828.1619994574
2024-03-24 03:00:00,171572.63,170275.09,168223.1,165306.12949968703,170392.9144735398,174012.84533913297
2024-03-24 04:00:00,172818.33,172120.4,170302.19,167121.3053867286,171909.6236898063,175971.49063587337
2024-03-24 05:00:00,176550.03,176976.33,174366.07,171929.71566310714,176287.08984728507,182471.29049826573
2024-03-24 06:00:00,182279.43,185917.26,181189.3,180767.15526508723,182252.80475460508,191597.5485533582
2024-03-24 07:00:00,187314.31,193316.03,189100.07,188947.530736535,188102.2600373283,203525.2615524917
2024-03-24 08:00:00,189860.09,196335.12,193678.94,192897.67463924678,191310.1310869229,212016.88810507228
2024-03-24 09:00:00,195983.28,204754.84,200752.75,200495.41798501217,199215.53824515475,220798.75056886298
2024-03-24 10:00:00,197950.87,208972.81,202872.22,203917.6811470029,202679.2448753239,224700.87355180026
2024-03-24 11:00:00,196733.66,210159.91,202167.49,203850.37989290865,202431.20405625473,222618.72842475725
2024-03-24 12:00:00,192917.34,207249.86,199777.57,201006.68074874717,200125.74085970633,218247.60217133714
2024-03-24 13:00:00,187885.96,200572.97,194888.03,195092.29570902823,194274.40690803019,211598.81857782722
2024-03-24 14:00:00,186431.58,201628.16,193884.71,195273.59296128716,193504.45956451056,207520.8027208764
2024-03-24 15:00:00,186521.3,201875.24,193138.37,195302.06012658085,193002.09543875925,204900.45301001816
2024-03-24 16:00:00,183609.52,200773.07,190264.81,193633.6718573165,190352.6184789344,201934.056857403
2024-03-24 17:00:00,175524.38,193788.74,182831.08,186941.64917310647,183039.0964340135,197020.88243828702
2024-03-24 18:00:00,171020.29,189629.11,179630.21,183820.7068348299,179840.57966623208,196940.80030180383
2024-03-24 19:00:00,175640.38,194882.53,184459.15,188641.8637465997,185417.77247469794,199975.68658071247
2024-03-24 20:00:00,171944.09,188616.56,178769.54,182413.32381581384,181129.98281839446,192519.16089848225
2024-03-24 21:00:00,171201.12,185115.86,176495.1,179052.68566100427,179206.8204972244,187802.7503348409
2024-03-24 22:00:00,171461.27,184078.0,175413.31,177571.11743176682,177996.85487851134,184160.9031190469
2024-03-24 23:00:00,170966.29,183083.87,173970.56,176101.78737002515,176760.64607401166,182129.03554432836
2024-03-25 00:00:00,168606.52,179644.31,170323.82,171905.39911031257,171178.53861661855,168380.4261582713
2024-03-25 01:00:00,165412.76,175765.27,166495.8,168217.4435082194,167385.22327928137,166099.37962223322
2024-03-25 02:00:00,163115.02,172972.05,164585.95,165727.9248767891,165088.94637714166,164826.9517297031
2024-03-25 03:00:00,161645.83,171572.63,163923.38,164684.34096432014,164345.67013908896,164732.6839112345
2024-03-25 04:00:00,162612.56,172818.33,166585.05,166520.79622774388,166924.36209186498,167693.6252345165
2024-03-25 05:00:00,165607.45,176550.03,172514.57,171465.57767193805,172168.19769267176,176070.7073579984
2024-03-25 06:00:00,170190.13,182279.43,184070.34,180513.16994311125,179842.8362726062,190784.63695022342
2024-03-25 07:00:00,173878.56,187314.31,194591.26,188525.73455612117,188622.53453744596,207878.0135390138
2024-03-25 08:00:00,174686.3,189860.09,200118.91,192478.99348786808,192627.21835273362,216656.6630682161
2024-03-25 09:00:00,178458.44,195983.28,210085.28,200307.16739022045,199651.79831396922,225002.26702078263
2024-03-25 10:00:00,180220.7,197950.87,215413.01,203857.20006912053,203007.20568768005,228125.69126928417
2024-03-25 11:00:00,180448.27,196733.66,213958.41,203133.49130960327,201322.21317244333,226222.56564577427
2024-03-25 12:00:00,179359.25,192917.34,213380.8,200464.83406521042,201799.11674316574,221287.93282541508
2024-03-25 13:00:00,177045.97,187885.96,207131.64,194511.23511276973,196907.35867384748,214132.6029166377
2024-03-25 14:00:00,175115.69,186431.58,207632.05,194126.38414473023,196703.26537816654,212773.26505934313
2024-03-25 15:00:00,175024.31,186521.3,207426.88,194225.2923601031,196277.45378506972,212683.7838287498
2024-03-25 16:00:00,171443.27,183609.52,203665.1,191525.50948384183,191024.13576165342,211233.15460514964
2024-03-25 17:00:00,162912.2,175524.38,195181.08,184089.9036906235,183819.8636199466,206943.18609198497
2024-03-25 18:00:00,157650.96,171020.29,190823.01,180315.90345000624,179328.06078850108,205545.94113602448
2024-03-25 19:00:00,163427.17,175640.38,194886.19,184668.55932670913,182682.5411986453,207825.18824452255
2024-03-25 20:00:00,160599.29,171944.09,187447.45,178962.59746964448,176878.71478651674,198214.36045643044
2024-03-25 21:00:00,159554.52,171201.12,183284.16,176173.05651369016,174893.4057731199,192354.8613152173
2024-03-25 22:00:00,160154.82,171461.27,181377.44,175089.17365166568,174334.928359146,188155.29008947808
2024-03-25 23:00:00,159385.31,170966.29,179007.8,173797.22338780758,171555.0185959546,185580.92559449843
2024-03-26 00:00:00,155898.07,168606.52,176029.27,164964.7585536661,165499.85181819138,156817.95584910145
2024-03-26 01:00:00,152990.37,165412.76,172556.85,161706.28376073268,161909.893400245,154158.76542988792
2024-03-26 02:00:00,150324.16,163115.02,169376.87,159031.83475931553,158260.4474618471,152458.13361237425
2024-03-26 03:00:00,149806.39,161645.83,167839.49,157748.48868647253,156657.01691822667,152513.02192175612
2024-03-26 04:00:00,151945.79,162612.56,169829.74,159182.48398533906,159129.82514360428,155340.5669383093
2024-03-26 05:00:00,156537.31,165607.45,175234.15,163167.13371647653,163876.60687702897,162759.8208533375
2024-03-26 06:00:00,165170.32,170190.13,185279.0,170097.09382818625,167784.78825948667,176205.41174428866
2024-03-26 07:00:00,174133.05,173878.56,194436.2,176200.53620957443,176511.9212839738,192001.39655675198
2024-03-26 08:00:00,180404.61,174686.3,199169.14,178823.25784292383,179589.5838775452,200355.35939928214
2024-03-26 09:00:00,191600.72,178458.44,207751.32,184904.46743414263,186182.00456001665,208161.54708253246
2024-03-26 10:00:00,197846.33,180220.7,213351.09,188149.48116981005,190399.06713178955,211405.93920978747
2024-03-26 11:00:00,200436.12,180448.27,213250.56,188298.78686440364,189980.47122378147,208978.96651278198
2024-03-26 12:00:00,199332.74,179359.25,210009.41,185999.59555950537,186843.13570169863,203116.4641855347
2024-03-26 13:00:00,194693.79,177045.97,202968.04,181409.3877986067,181635.60167689173,196172.96941004644
2024-03-26 14:00:00,194976.26,175115.69,203458.53,180821.81729413956,181358.2102129558,195899.54079947725
2024-03-26 15:00:00,196195.6,175024.31,204496.58,181084.86007833364,181869.54713650368,195720.55702709328
2024-03-26 16:00:00,193957.91,171443.27,201690.86,178501.42361203884,181471.77921645073,193961.1690300195
2024-03-26 17:00:00,186831.88,162912.2,194082.95,171204.54230025495,176757.49935433164,189126.89934664615
2024-03-26 18:00:00,182706.54,157650.96,188718.18,166819.29485325073,172547.39718351662,187168.5895657213
2024-03-26 19:00:00,188808.4,163427.17,192826.16,171529.60762387342,177278.9751978944,189615.6830252076
2024-03-26 20:00:00,183730.1,160599.29,186264.07,166941.74073418765,171852.26761524004,180645.12457107045
2024-03-26 21:00:00,181858.34,159554.52,182600.4,164605.83767734232,170299.2144554093,174778.09213216548
2024-03-26 22:00:00,182119.04,160154.82,180115.42,163852.82411524432,169668.551870059,170585.19347866057
2024-03-26 23:00:00,181645.61,159385.31,177319.69,162549.44076246148,169496.68339665013,167940.86625823757
2024-03-27 00:00:00,178529.83,155898.07,173454.03,169050.1751803421,168885.5804983867,179415.14553469254
2024-03-27 01:00:00,174506.87,152990.37,169343.47,165498.632857882,165791.00634408786,177042.5603640076
2024-03-27 02:00:00,170804.58,150324.16,166228.51,162656.4002155677,162850.077514894,175466.26934650727
2024-03-27 03:00:00,169743.56,149806.39,164375.38,161461.27529211817,162171.8192026958,175267.0893360784
2024-03-27 04:00:00,171144.08,151945.79,166174.57,163245.39590523287,163500.84455843025,178029.01207327106
2024-03-27 05:00:00,174907.4,156537.31,171781.48,167912.76339902452,168069.3772092656,185338.12107701326
2024-03-27 06:00:00,181584.32,165170.32,182456.3,176356.21141573077,175825.5015899259,198815.91001066178
2024-03-27 07:00:00,187855.55,174133.05,192121.52,184454.43529001295,183051.00251034411,213224.89777514015
2024-03-27 08:00:00,192273.71,180404.61,195888.27,188833.85124345613,186777.39621673903,221041.1843408895
2024-03-27 09:00:00,202168.93,191600.72,205485.16,197828.4597998284,195806.19774140575,228977.6180056914
2024-03-27 10:00:00,208013.91,197846.33,209751.54,202263.64590555683,200363.25354607461,233525.5213140209
2024-03-27 11:00:00,208872.11,200436.12,208614.87,202660.5608075898,202073.7115136809,231919.9453907441
2024-03-27 12:00:00,206940.2,199332.74,204579.27,200041.8375727471,199582.68363756817,226636.5406789084
2024-03-27 13:00:00,203509.46,194693.79,196182.22,194186.66596032472,193787.2407916431,219035.89870557075
2024-03-27 14:00:00,204983.8,194976.26,196065.22,193781.59414816197,194129.5008730432,218302.06937243635
2024-03-27 15:00:00,205720.6,196195.6,196208.56,194271.48430345353,195185.15645670803,218496.6393523574
2024-03-27 16:00:00,202669.96,193957.91,194091.39,191769.1306807532,193936.61248981318,216250.1643184371
2024-03-27 17:00:00,195762.1,186831.88,188717.31,184980.2063363666,186435.89730086262,210890.70767969376
2024-03-27 18:00:00,191634.37,182706.54,184551.63,180906.22812910628,182332.68826878612,209148.40101453237
2024-03-27 19:00:00,197271.64,188808.4,188541.04,185927.01556997295,187987.66382444082,212301.96987436755
2024-03-27 20:00:00,193097.08,183730.1,181474.61,180520.86932983669,183847.2311302608,203498.46675539046
2024-03-27 21:00:00,191369.01,181858.34,177516.11,178094.96521578505,181411.2523685995,198066.37451764927
2024-03-27 22:00:00,191430.77,182119.04,176287.19,177753.7813412743,180219.8410437283,194469.97364561108
2024-03-27 23:00:00,191055.2,181645.61,174164.83,176618.72879942475,179290.20257645758,191952.434955421
2024-03-28 00:00:00,187596.69,178529.83,170647.18,177890.08101583782,179137.2072194368,188826.32494984227
2024-03-28 01:00:00,183691.21,174506.87,166694.7,174021.74156140606,175410.15549169248,186452.63303782768
2024-03-28 02:00:00,180147.67,170804.58,163489.49,170746.11787046082,171838.92260632475,184643.23292182165
2024-03-28 03:00:00,178643.33,169743.56,162205.22,169565.5240989001,170626.75449045232,184482.4041099062
2024-03-28 04:00:00,179712.27,171144.08,163868.88,171126.8595324969,172402.02931410994,187208.40304739962
2024-03-28 05:00:00,183446.9,174907.4,169297.29,175630.82609232052,175775.62308713692,195151.73878158006
2024-03-28 06:00:00,188572.57,181584.32,180479.94,183973.22111848445,182806.43773747966,207963.88941619272
2024-03-28 07:00:00,193171.03,187855.55,190238.59,191554.2642928175,189001.16501119387,222333.4620517296
2024-03-28 08:00:00,196961.07,192273.71,194309.5,195589.52507685267,193490.9586134936,229948.26936307346
2024-03-28 09:00:00,206709.45,202168.93,201611.95,203811.62193459002,202108.4500534505,237611.51637793917
2024-03-28 10:00:00,212014.16,208013.91,205778.86,208427.38688640797,207225.8789538457,241614.1784242237
2024-03-28 11:00:00,213110.61,208872.11,204410.09,208525.02227552907,207830.927693536,239968.68947863192
2024-03-28 12:00:00,211676.04,206940.2,201388.01,206322.14439603733,205561.5981227293,235113.2850854867
2024-03-28 13:00:00,207504.99,203509.46,195494.93,201916.78099771138,201808.79268620748,228115.151227053
2024-03-28 14:00:00,210110.47,204983.8,196815.33,202569.60615621135,203331.04776900107,227966.12979696924
2024-03-28 15:00:00,212265.07,205720.6,198194.54,203384.50307284202,203945.67615275478,228388.4290397661
2024-03-28 16:00:00,208793.82,202669.96,197901.37,201099.21228825435,201560.87780806792,226407.21993953417
2024-03-28 17:00:00,200922.26,195762.1,191764.62,194035.73360217616,194501.38377314789,220591.2487090129
2024-03-28 18:00:00,196532.32,191634.37,189130.08,190314.2930460445,190793.45854756847,218004.40698527504
2024-03-28 19:00:00,202121.37,197271.64,193494.44,195674.68989078168,196102.44849172668,221037.00805335844
2024-03-28 20:00:00,197290.49,193097.08,186272.42,190410.1358689754,191651.04653197664,212890.46451513263
2024-03-28 21:00:00,196003.87,191369.01,181819.97,187664.2560385251,189985.8900330477,207703.79686235517
2024-03-28 22:00:00,196196.81,191430.77,179417.9,186836.8741366164,189527.33741504044,204296.9685675519
2024-03-28 23:00:00,195967.59,191055.2,176926.04,185528.768259778,188687.7150243294,201786.97969462685
2024-03-29 00:00:00,192680.15,187596.69,173593.12,180753.31504157267,189250.2860122318,193903.00271196337
2024-03-29 01:00:00,188528.21,183691.21,169989.57,177013.41399257042,185453.30237227917,191522.82115117862
2024-03-29 02:00:00,184842.45,180147.67,167347.07,173840.30109077028,182643.93980695418,189777.99470314602
2024-03-29 03:00:00,183165.46,178643.33,166444.48,172727.85555435735,181093.46062804564,189608.86831257713
2024-03-29 04:00:00,184067.9,179712.27,168511.34,174405.26216205605,181853.11318181027,192538.03286232438
2024-03-29 05:00:00,186712.95,183446.9,174181.18,179090.48415577697,185155.1849805881,200200.7139753365
2024-03-29 06:00:00,190560.04,188572.57,185855.78,187503.31671590838,188302.43720103134,212775.38571842472
2024-03-29 07:00:00,194533.73,193171.03,195217.89,194977.69301559916,193921.2297549302,226287.25701765722
2024-03-29 08:00:00,198794.11,196961.07,199284.73,199525.51273969238,196341.72335268918,233984.83592162654
2024-03-29 09:00:00,208576.15,206709.45,207776.02,209336.12345121425,204538.64845442487,243011.5031370639
2024-03-29 10:00:00,215270.04,212014.16,211788.04,214395.81130722174,208692.02311262552,247562.69991983045
2024-03-29 11:00:00,217535.26,213110.61,212173.83,215443.26016174103,208946.56145591452,246581.75142788896
2024-03-29 12:00:00,216463.73,211676.04,208749.57,213178.13474433462,206695.08320541077,240975.97282481196
2024-03-29 13:00:00,211275.79,207504.99,200992.33,207640.21709698907,203900.79372380435,233460.03029949317
2024-03-29 14:00:00,214141.66,210110.47,201097.36,208714.34514814586,208310.638212897,231532.85389084532
2024-03-29 15:00:00,214641.41,212265.07,201867.93,210007.8917058506,209691.88144700727,231188.84902880798
2024-03-29 16:00:00,210665.83,208793.82,199915.53,207130.87398203372,204817.84422421188,227392.41299483288
2024-03-29 17:00:00,199974.77,200922.26,193772.57,200062.9003328897,196174.79317436338,220732.9326349147
2024-03-29 18:00:00,194779.62,196532.32,190660.78,196343.55249209233,191470.9130333651,218137.63603596823
2024-03-29 19:00:00,200683.65,202121.37,195292.5,201697.65463652968,197443.30633883696,220587.78942794204
2024-03-29 20:00:00,195203.29,197290.49,188529.51,196072.37836388883,193971.95809740096,212794.50005074724
2024-03-29 21:00:00,194207.23,196003.87,184532.62,193509.293274967,192639.08618530407,207556.7255341105
2024-03-29 22:00:00,195938.29,196196.81,182570.61,192854.73150877448,193834.4022856569,204432.61549520583
2024-03-29 23:00:00,196133.43,195967.59,181309.49,192115.8468689002,193216.65105320714,202431.04696854638
2024-03-30 00:00:00,193103.39,192680.15,178226.38,192339.17438917886,193118.90204109665,194115.85584321868
2024-03-30 01:00:00,188645.6,188528.21,174742.19,188333.4746732475,189543.0397148325,191909.69326553508
2024-03-30 02:00:00,184149.58,184842.45,171430.59,184690.21140179405,186022.26669370933,190080.34525398345
2024-03-30 03:00:00,181085.86,183165.46,170275.09,183269.94496592175,184790.87527639014,189857.33009325404
2024-03-30 04:00:00,180814.78,184067.9,172120.4,184692.74632513718,185627.66622388436,192574.92837984907
2024-03-30 05:00:00,183216.19,186712.95,176976.33,188623.52104220953,187206.4083805937,199472.76298680366
2024-03-30 06:00:00,185960.85,190560.04,185917.26,195307.13628580805,190593.48646499112,210387.5374699864
2024-03-30 07:00:00,189070.97,194533.73,193316.03,201439.83803899714,194564.00682821157,223202.3298541516
2024-03-30 08:00:00,193183.18,198794.11,196335.12,205506.86875982888,198754.6384201409,230998.17740136475
2024-03-30 09:00:00,203362.94,208576.15,204754.84,215090.31251350755,207714.2175827836,239369.1844569924
2024-03-30 10:00:00,209553.37,215270.04,208972.81,220754.9945968395,213913.56970797855,242416.72111935169
2024-03-30 11:00:00,211711.2,217535.26,210159.91,222238.85569697572,216238.132031403,241937.69268584624
2024-03-30 12:00:00,209691.09,216463.73,207249.86,220220.80686236752,214637.77219770494,237381.0801518395
2024-03-30 13:00:00,205819.77,211275.79,200572.97,214707.75072862586,209418.95541743687,230510.33314397934
2024-03-30 14:00:00,208353.25,214141.66,201628.16,216595.93785469458,212455.8211511126,230091.38817906028
2024-03-30 15:00:00,210019.74,214641.41,201875.24,217210.3485356687,213170.86280701772,230576.83675623217
2024-03-30 16:00:00,207276.2,210665.83,200773.07,214176.90541857365,208948.33919117897,227125.5055524935
2024-03-30 17:00:00,198512.55,199974.77,193788.74,205508.90681860835,198726.4852435707,220687.80786480015
2024-03-30 18:00:00,194410.38,194779.62,189629.11,200995.27617099922,194157.11831858763,218693.43789024072
2024-03-30 19:00:00,201037.29,200683.65,194882.53,206684.7743871873,200133.81871213656,221718.50946714083
2024-03-30 20:00:00,196523.69,195203.29,188616.56,200862.64609497733,195838.94610762032,213067.10837002992
2024-03-30 21:00:00,194733.84,194207.23,185115.86,198555.50878895645,193802.46525957892,207705.57185246024
2024-03-30 22:00:00,194931.4,195938.29,184078.0,198702.80527102065,194749.61637751714,204610.24852233307
2024-03-30 23:00:00,194254.31,196133.43,183083.87,198171.9379903832,195481.1300040704,202618.91122132662
2024-03-31 00:00:00,189953.72,193103.39,179644.31,188308.606972835,193505.52288234344,191713.55158312077
2024-03-31 01:00:00,184961.21,188645.6,175765.27,184170.03536356406,189437.81155717597,188467.77390679767
2024-03-31 02:00:00,180815.63,184149.58,172972.05,180497.59890080447,185253.3913010937,186049.72169877496
2024-03-31 03:00:00,178626.64,181085.86,171572.63,178453.79995809446,183183.03493994565,185219.37171360676
2024-03-31 04:00:00,178309.71,180814.78,172818.33,179122.35653794944,183102.0748485205,187202.5826852936
2024-03-31 05:00:00,179194.53,183216.19,176550.03,182361.7569280511,184904.36710059177,193057.35838377412
2024-03-31 06:00:00,180865.52,185960.85,182279.43,186905.86731611195,185012.61746402818,201604.03073273704
2024-03-31 07:00:00,182140.32,189070.97,187314.31,191356.4492949525,186871.6177353036,212288.5614437526
2024-03-31 08:00:00,184641.51,193183.18,189860.09,195014.30494016648,191274.45467729823,219679.99789500554
2024-03-31 09:00:00,192838.76,203362.94,195983.28,203647.16038539849,199365.28479400143,227869.8618417222
2024-03-31 10:00:00,198302.73,209553.37,197950.87,208188.34783364527,203787.342115754,231040.08338897646
2024-03-31 11:00:00,199663.17,211711.2,196733.66,208958.78281189242,205543.44950387793,229375.9293038632
2024-03-31 12:00:00,197905.16,209691.09,192917.34,206539.98510190297,202491.8307138166,225671.67305214168
2024-03-31 13:00:00,194954.13,205819.77,187885.96,202050.22039225016,198308.57747917008,219742.7843617763
2024-03-31 14:00:00,194899.36,208353.25,186431.58,203141.79632818553,200806.30281455806,216980.4678693055
2024-03-31 15:00:00,195569.26,210019.74,186521.3,204129.33636098413,201219.44073439538,215111.85241491214
2024-03-31 16:00:00,192628.32,207276.2,183609.52,201053.2100992829,197909.4815316187,212248.23274782603
2024-03-31 17:00:00,183992.16,198512.55,175524.38,192624.92151497392,189353.552618894,206179.70254094285
2024-03-31 18:00:00,180959.68,194410.38,171020.29,188428.2984438352,185060.24974600686,205680.4649081744
2024-03-31 19:00:00,189469.39,201037.29,175640.38,194114.89476837977,190969.06798523804,209583.73613975733
2024-03-31 20:00:00,187759.98,196523.69,171944.09,189598.04170211853,188058.0515568089,202776.78842115455
2024-03-31 21:00:00,188160.66,194733.84,171201.12,188174.4770096732,186928.77714521668,198799.79931621283
2024-03-31 22:00:00,190569.89,194931.4,171461.27,188384.51883447496,187164.80603518218,195819.42461856897
2024-03-31 23:00:00,190743.38,194254.31,170966.29,187811.54878162878,186609.05847211802,194018.1978172991
2024-04-01 00:00:00,167808.44,189953.72,168606.52,188351.2469050213,190604.13982820875,188350.68606285338
2024-04-01 01:00:00,164006.97,184961.21,165412.76,184074.0468086276,186002.510344934,186107.0196720022
2024-04-01 02:00:00,161206.79,180815.63,163115.02,180599.5544158268,179516.99658558442,185040.77961282374
2024-04-01 03:00:00,159801.21,178626.64,161645.83,178690.76005105674,177347.21227892066,185064.59265763455
2024-04-01 04:00:00,161863.89,178309.71,162612.56,179185.27414448492,177779.09664614225,188143.64070669856
2024-04-01 05:00:00,169974.44,179194.53,165607.45,181588.2498248822,179668.4113547224,195981.67558965547
2024-04-01 06:00:00,183249.01,180865.52,170190.13,185416.83311282078,183633.65914562918,209866.3663741583
2024-04-01 07:00:00,198016.57,182140.32,173878.56,188807.063740868,187776.6640853625,224952.98774042216
2024-04-01 08:00:00,205939.28,184641.51,174686.3,191473.00860476386,192015.6947497812,232977.79210063873
2024-04-01 09:00:00,212722.19,192838.76,178458.44,198951.2645636602,204622.24544052474,241983.36883031958
2024-04-01 10:00:00,216774.52,198302.73,180220.7,203580.94022304215,212610.05489294583,245995.9337967909
2024-04-01 11:00:00,215217.04,199663.17,180448.27,204661.57089968023,214157.09556867235,244942.6968289066
2024-04-01 12:00:00,207979.92,197905.16,179359.25,203227.46356769727,212969.67887191504,241544.47819355465
2024-04-01 13:00:00,200474.12,194954.13,177045.97,199710.9643698079,208630.47513372975,234941.78069001882
2024-04-01 14:00:00,197491.11,194899.36,175115.69,199751.38579015317,208388.59638394305,234446.99560979346
2024-04-01 15:00:00,197020.57,195569.26,175024.31,200147.3714294566,210215.1731125187,234248.3833998011
2024-04-01 16:00:00,194042.14,192628.32,171443.27,196669.13975772957,207060.50734517566,231779.11534118425
2024-04-01 17:00:00,188108.13,183992.16,162912.2,187534.67447684132,196685.69877883873,225404.67581868445
2024-04-01 18:00:00,185414.67,180959.68,157650.96,183246.64573386006,190554.78116196077,222845.1430956126
2024-04-01 19:00:00,186571.95,189469.39,163427.17,190218.73223953982,197765.72908433893,225931.09204832237
2024-04-01 20:00:00,177254.3,187759.98,160599.29,186818.11362329434,194097.32526743528,217180.14055119775
2024-04-01 21:00:00,170999.53,188160.66,159554.52,185983.01220694394,193550.48222880057,212075.74090433435
2024-04-01 22:00:00,166572.79,190569.89,160154.82,187243.40506740866,192984.56566859048,208705.21489047445
2024-04-01 23:00:00,164182.22,190743.38,159385.31,186841.19101840572,191264.93764160902,206417.70429332365
2024-04-02 00:00:00,160688.89,167808.44,155898.07,172004.89556598687,171623.11141873308,160120.31914171675
2024-04-02 01:00:00,156849.88,164006.97,152990.37,168257.40125716696,166860.03753402483,156261.8714437552
2024-04-02 02:00:00,153912.69,161206.79,150324.16,165041.8950527367,163964.09550740352,153455.16883720993
2024-04-02 03:00:00,152420.88,159801.21,149806.39,163529.40431215166,162136.51261368042,152647.3077101267
2024-04-02 04:00:00,153826.55,161863.89,151945.79,164999.63425420862,163153.06918127963,154706.30895905927
2024-04-02 05:00:00,160542.42,169974.44,156537.31,170311.07662790033,173586.18036194317,160892.5215962148
2024-04-02 06:00:00,170876.91,183249.01,165170.32,179211.5716770291,182012.60015938155,173021.1007604049
2024-04-02 07:00:00,185262.34,198016.57,174133.05,188752.94974310618,195176.1344098588,186450.24851288222
2024-04-02 08:00:00,193301.23,205939.28,180404.61,194874.30032262177,201667.9879709074,193606.4622290672
2024-04-02 09:00:00,199817.55,212722.19,191600.72,203808.68058280082,209206.93269861766,201331.5848098605
2024-04-02 10:00:00,200468.65,216774.52,197846.33,209078.4295528642,213137.2665050821,204928.87814067735
2024-04-02 11:00:00,199868.69,215217.04,200436.12,209765.11668378738,212217.91260514996,203100.9549926005
2024-04-02 12:00:00,193517.15,207979.92,199332.74,206037.1836892286,207334.07338342676,198054.2966727758
2024-04-02 13:00:00,186048.65,200474.12,194693.79,200460.3600896413,202805.90162944817,190983.71622600657
2024-04-02 14:00:00,184825.03,197491.11,194976.26,199873.9471025439,204337.7314294774,191004.2199118535
2024-04-02 15:00:00,185281.73,197020.57,196195.6,200431.10462124404,204443.1373198919,191172.34520463255
2024-04-02 16:00:00,183259.81,194042.14,193957.91,197695.67872232624,202081.1972970197,189119.6285911025
2024-04-02 17:00:00,178372.36,188108.13,186831.88,190647.0830798339,195868.0988074332,183011.87073868918
2024-04-02 18:00:00,177397.18,185414.67,182706.54,187232.47703611501,191962.40559144848,179888.31649851313
2024-04-02 19:00:00,181216.17,186571.95,188808.4,191674.43531071543,195149.08216544712,183217.72153242445
2024-04-02 20:00:00,171675.8,177254.3,183730.1,185285.27331768803,187491.2147683791,175093.13743387893
2024-04-02 21:00:00,165408.1,170999.53,181858.34,181807.77279122252,183981.9046739151,170021.98181506796
2024-04-02 22:00:00,161367.68,166572.79,182119.04,180273.30528593677,181436.6217365,166399.44191273834
2024-04-02 23:00:00,159355.99,164182.22,181645.61,178914.11131031756,180989.9990501575,163898.00667440958
2024-04-03 00:00:00,156291.89,160688.89,178529.83,166528.54495461442,169372.65033699066,155798.643169031
2024-04-03 01:00:00,151862.33,156849.88,174506.87,162568.61801188855,166189.02380976046,152306.31689761026
2024-04-03 02:00:00,148695.71,153912.69,170804.58,159318.16384763873,162111.92855637334,149714.22119297367
2024-04-03 03:00:00,146797.84,152420.88,169743.56,157848.95990318892,161099.23917047025,148699.18058759772
2024-04-03 04:00:00,147869.07,153826.55,171144.08,158948.7688157683,162184.0376326005,150823.31515835648
2024-04-03 05:00:00,153042.99,160542.42,174907.4,163625.57209394852,166149.33844502954,157218.2580337135
2024-04-03 06:00:00,160825.78,170876.91,181584.32,171284.1935926654,174831.40960865002,169511.91906763002
2024-04-03 07:00:00,172537.09,185262.34,187855.55,180337.44593674561,185325.9230854225,182066.6339810728
2024-04-03 08:00:00,181001.03,193301.23,192273.71,185831.99815665532,191023.51237228754,188745.07564843417
2024-04-03 09:00:00,189095.83,199817.55,202168.93,193438.8625040794,199805.32996157734,197112.1875329185
2024-04-03 10:00:00,191667.57,200468.65,208013.91,196765.90169072596,201505.27123046663,201474.22432770833
2024-04-03 11:00:00,189411.12,199868.69,208872.11,196834.97687417857,201160.31588849987,199776.97602693306
2024-04-03 12:00:00,185726.91,193517.15,206940.2,192853.5180020548,199394.96176474367,194710.47965119383
2024-04-03 13:00:00,179950.11,186048.65,203509.46,187535.17959564232,196304.90185460282,186794.69726191193
2024-04-03 14:00:00,175891.49,184825.03,204983.8,187176.41948896035,194369.72998932828,186344.59071953403
2024-04-03 15:00:00,173680.26,185281.73,205720.6,187589.11488772088,194473.84772028055,186556.29192164363
2024-04-03 16:00:00,171375.56,183259.81,202669.96,185094.16404447058,192531.8623452969,184419.3165767837
2024-04-03 17:00:00,166606.09,178372.36,195762.1,179144.97928484803,188578.61939099274,178285.92940208619
2024-04-03 18:00:00,168458.22,177397.18,191634.37,176828.91516582406,185343.38253496212,175821.5556370306
2024-04-03 19:00:00,173715.57,181216.17,197271.64,181636.9207498838,189417.6381404714,179643.38460564087
2024-04-03 20:00:00,166785.97,171675.8,193097.08,175495.08410068825,183149.7127738488,171522.10396505293
2024-04-03 21:00:00,162320.36,165408.1,191369.01,171983.98778120033,179736.83435092118,166532.46645258254
2024-04-03 22:00:00,158286.93,161367.68,191430.77,170456.19561649096,179729.7200681747,163596.0836479634
2024-04-03 23:00:00,156254.84,159355.99,191055.2,169267.16213223367,179540.96609913843,161294.80800397042
2024-04-04 00:00:00,152116.83,156291.89,187596.69,157356.92894918643,163064.77105959482,152501.16769787518
2024-04-04 01:00:00,148358.89,151862.33,183691.21,153541.95157293353,159482.86738996566,148871.462971451
2024-04-04 02:00:00,146061.51,148695.71,180147.67,150577.0129855008,156429.062142549,145931.63907086817
2024-04-04 03:00:00,145020.07,146797.84,178643.33,149047.81637424,154946.9218198037,145051.7073491756
2024-04-04 04:00:00,147191.64,147869.07,179712.27,150266.13582201573,155940.5816341533,146952.4599184529
2024-04-04 05:00:00,155317.25,153042.99,183446.9,155409.8125947747,160790.49793934682,153871.41199884846
2024-04-04 06:00:00,170094.76,160825.78,188572.57,163414.69728923755,168379.60884344252,165962.10047863674
2024-04-04 07:00:00,186786.02,172537.09,193171.03,173263.93131090043,177613.1293214654,178786.2409711853
2024-04-04 08:00:00,195262.49,181001.03,196961.07,179623.12170330744,181400.25649346903,185214.93817048494
2024-04-04 09:00:00,202378.08,189095.83,206709.45,187096.93364247557,190211.72478699105,192566.67733589385
2024-04-04 10:00:00,204727.5,191667.57,212014.16,190324.5900325209,194853.30627945586,196214.67477213513
2024-04-04 11:00:00,203355.55,189411.12,213110.61,189354.15418411288,193418.30309917062,194596.34711111398
2024-04-04 12:00:00,197873.56,185726.91,211676.04,185685.98587796465,190255.38858606984,190015.29693185535
2024-04-04 13:00:00,191643.23,179950.11,207504.99,180261.27812339427,186976.5613212054,183152.54979722976
2024-04-04 14:00:00,190906.77,175891.49,210110.47,178753.6410803539,189357.45412289977,183693.4150313482
2024-04-04 15:00:00,190780.13,173680.26,212265.07,178404.58057845375,190432.85547826657,184539.6825448659
2024-04-04 16:00:00,189272.97,171375.56,208793.82,175964.4579490534,188272.69042615176,183208.48283056883
2024-04-04 17:00:00,183675.16,166606.09,200922.26,170568.12073528953,183515.1685726965,176714.9782340642
2024-04-04 18:00:00,182126.86,168458.22,196532.32,169640.95784865413,180969.68057956165,174014.55548446722
2024-04-04 19:00:00,187534.24,173715.57,202121.37,173732.93767092147,185060.75144349522,177968.56743109698
2024-04-04 20:00:00,178917.01,166785.97,197290.49,167167.1806997138,180179.65362293125,170123.186887478
2024-04-04 21:00:00,172883.19,162320.36,196003.87,163273.5293844473,178132.99389153032,165279.5926158022
2024-04-04 22:00:00,168747.56,158286.93,196196.81,160537.6601680646,174336.5169114806,162286.3207878477
2024-04-04 23:00:00,166062.08,156254.84,195967.59,158941.20380611785,173532.31182537603,160002.47043856062
2024-04-05 00:00:00,161430.36,152116.83,192680.15,167402.4770822862,171925.0431771554,161746.59384876996
2024-04-05 01:00:00,157651.12,148358.89,188528.21,163496.40123629832,168179.83896180763,158026.9942353296
2024-04-05 02:00:00,155347.87,146061.51,184842.45,160586.79321686274,164976.49200848173,155167.079055284
2024-04-05 03:00:00,154539.06,145020.07,183165.46,159207.78643755786,163544.16671764842,153923.7854074702
2024-04-05 04:00:00,156041.02,147191.64,184067.9,160729.97114474696,164477.0327972586,155885.35168023323
2024-04-05 05:00:00,163497.33,155317.25,186712.95,166528.55799121055,167277.07845929402,162305.53125877696
2024-04-05 06:00:00,178008.86,170094.76,190560.04,176381.92776962253,178640.97808553235,173882.54489123286
2024-04-05 07:00:00,192980.02,186786.02,194533.73,187884.47811166925,191706.9142211695,185541.43710706115
2024-04-05 08:00:00,200774.69,195262.49,198794.11,194667.71001209808,197158.3090059346,192042.04776180908
2024-04-05 09:00:00,207594.18,202378.08,208576.15,202516.54265522867,205567.0075330851,200722.4821926054
2024-04-05 10:00:00,208639.5,204727.5,215270.04,205918.1759720942,209809.55331014915,204787.14762053167
2024-04-05 11:00:00,205394.04,203355.55,217535.26,205806.10438585395,209564.17859167504,204095.13752404597
2024-04-05 12:00:00,199221.96,197873.56,216463.73,201827.82004165,205492.87886172102,198690.30732362898
2024-04-05 13:00:00,192106.72,191643.23,211275.79,195733.80861258166,199115.7822991388,190669.04958206296
2024-04-05 14:00:00,192246.94,190906.77,214141.66,195715.30667244623,196766.93283940072,189224.5654090555
2024-04-05 15:00:00,191859.16,190780.13,214641.41,195725.91866465585,196990.1465053075,188871.52308050758
2024-04-05 16:00:00,190285.72,189272.97,210665.83,193287.83045628463,194630.56638748353,185770.95476719644
2024-04-05 17:00:00,184881.52,183675.16,199974.77,186493.8186739963,190951.5057257902,179338.1038024406
2024-04-05 18:00:00,184376.13,182126.86,194779.62,184298.84033617418,189999.7626448305,177119.09270719392
2024-04-05 19:00:00,189147.46,187534.24,200683.65,189474.68958404055,195065.3247270401,180573.47725070975
2024-04-05 20:00:00,180436.4,178917.01,195203.29,181985.1515402093,187588.03074070648,172593.44992660306
2024-04-05 21:00:00,174490.98,172883.19,194207.23,177675.8519565151,182278.64987001574,167753.20277127504
2024-04-05 22:00:00,169572.2,168747.56,195938.29,175448.50293744233,178945.3114184024,165026.66733763466
2024-04-05 23:00:00,166597.53,166062.08,196133.43,173847.28443980555,178692.48893013192,163315.73254539186
2024-04-06 00:00:00,162993.66,161430.36,193103.39,171842.01369810238,175547.16183304065,162011.1303380248
2024-04-06 01:00:00,159820.62,157651.12,188645.6,167756.52458351912,171538.57785582964,157545.22716860467
2024-04-06 02:00:00,157215.91,155347.87,184149.58,164564.07660695215,167670.3519632143,153770.92975761872
2024-04-06 03:00:00,155495.93,154539.06,181085.86,162824.78263298553,164994.38356232524,151960.4796308825
2024-04-06 04:00:00,157062.65,156041.02,180814.78,163770.90425729952,164925.44167324583,153294.02177917236
2024-04-06 05:00:00,164093.46,163497.33,183216.19,169184.30477680286,170965.50381512346,158621.59792477143
2024-04-06 06:00:00,178950.92,178008.86,185960.85,178588.50825949592,181484.24178954196,168112.47618522294
2024-04-06 07:00:00,193564.81,192980.02,189070.97,189038.47876346516,191474.05789979166,178632.58757169175
2024-04-06 08:00:00,200787.99,200774.69,193183.18,195585.71366217284,198304.2542643834,184558.030950891
2024-04-06 09:00:00,207196.46,207594.18,203362.94,203736.7460160331,204756.74041152347,192213.93901554818
2024-04-06 10:00:00,210456.37,208639.5,209553.37,206904.09845642067,206474.241273897,194962.85472455304
2024-04-06 11:00:00,208149.26,205394.04,211711.2,205906.66464660203,205349.20154572633,194566.24827297925
2024-04-06 12:00:00,202243.62,199221.96,209691.09,201743.12008254908,202453.3821486006,190110.82591505573
2024-04-06 13:00:00,195128.59,192106.72,205819.77,195978.21654099136,197159.10104124923,183405.43756812677
2024-04-06 14:00:00,195265.29,192246.94,208353.25,196023.5239490819,198156.26902606068,183480.18272852775
2024-04-06 15:00:00,195377.91,191859.16,210019.74,195947.88865018377,198073.35900868996,184208.9987887014
2024-04-06 16:00:00,193338.08,190285.72,207276.2,193865.9137551577,195772.47335950285,181397.41705186904
2024-04-06 17:00:00,186696.19,184881.52,198512.55,187526.70829883442,190440.30778101995,174566.04139063886
2024-04-06 18:00:00,185907.73,184376.13,194410.38,186178.13606712804,188231.66363263002,171814.86637854305
2024-04-06 19:00:00,190207.85,189147.46,201037.29,191679.79232071983,194077.82500151868,175984.78620849608
2024-04-06 20:00:00,181177.03,180436.4,196523.69,184752.73844094906,186471.44961943323,168233.4590090204
2024-04-06 21:00:00,175079.69,174490.98,194733.84,180455.13629345148,181987.94378724394,163404.94422964187
2024-04-06 22:00:00,171104.83,169572.2,194931.4,177539.7708438936,179690.73715081526,160927.79992019018
2024-04-06 23:00:00,168806.43,166597.53,194254.31,175535.6283133758,179259.19791786498,159287.74750819893
2024-04-07 00:00:00,164755.36,162993.66,189953.72,171734.40023682485,175900.6853656003,164862.55569666316
2024-04-07 01:00:00,161199.75,159820.62,184961.21,167804.42835057285,171231.71526551485,160347.4583928199
2024-04-07 02:00:00,158747.69,157215.91,180815.63,164778.29774084073,167944.5530463263,156962.8155196945
2024-04-07 03:00:00,157803.93,155495.93,178626.64,163114.89573590376,166009.7397592198,155254.3449659874
2024-04-07 04:00:00,159578.38,157062.65,178309.71,164181.55950855627,166346.95190950824,156424.5518482868
2024-04-07 05:00:00,166937.21,164093.46,179194.53,169393.4532297592,171561.0390401717,161004.08121915054
2024-04-07 06:00:00,181027.16,178950.92,180865.52,179647.73011526756,179779.18393098816,168237.51625468204
2024-04-07 07:00:00,196251.52,193564.81,182140.32,190034.2869406981,187088.7468634907,176719.78991529078
2024-04-07 08:00:00,203303.81,200787.99,184641.51,195816.64511598885,194225.28780734082,182327.80470572956
2024-04-07 09:00:00,210109.0,207196.46,192838.76,202933.59632791748,199428.57132998508,189352.88853762468
2024-04-07 10:00:00,213142.66,210456.37,198302.73,206468.637457569,201241.33804893505,191573.94346121658
2024-04-07 11:00:00,210662.55,208149.26,199663.17,205475.85855814614,201383.56264278863,189952.58896277408
2024-04-07 12:00:00,204962.51,202243.62,197905.16,201065.49807865737,197889.44985392832,186255.32132075098
2024-04-07 13:00:00,197438.65,195128.59,194954.13,195503.99122277525,192549.48824160517,180874.00113886414
2024-04-07 14:00:00,197498.77,195265.29,194899.36,195310.5851297277,192066.47630693996,178565.2214963865
2024-04-07 15:00:00,197561.89,195377.91,195569.26,195473.42378758822,192029.24276437477,177185.06679060374
2024-04-07 16:00:00,196155.16,193338.08,192628.32,193192.93130891485,189528.16528760278,174434.77686233504
2024-04-07 17:00:00,189699.06,186696.19,183992.16,186203.75084311797,182872.36508489374,167649.91525690872
2024-04-07 18:00:00,187341.91,185907.73,180959.68,184508.97312786555,181751.33970253725,166047.14287740082
2024-04-07 19:00:00,192064.82,190207.85,189469.39,190370.16613435827,187985.85956382012,170913.09804967174
2024-04-07 20:00:00,183481.42,181177.03,187759.98,183985.2427974457,183713.88779106375,165140.00593408328
2024-04-07 21:00:00,177928.31,175079.69,188160.66,180161.88815971283,182015.9115538167,162321.51665721214
2024-04-07 22:00:00,174184.92,171104.83,190569.89,178249.28606757373,178864.68325338824,160421.9749537226
2024-04-07 23:00:00,171871.43,168806.43,190743.38,176638.3976222024,177715.37744645873,159072.93630507577
2024-04-08 00:00:00,167869.3,164755.36,167808.44,179035.86590013158,170336.32781068422,167560.8936383432
2024-04-08 01:00:00,164054.69,161199.75,164006.97,175107.7630151516,166725.5172485137,163378.37211800544
2024-04-08 02:00:00,161522.6,158747.69,161206.79,172330.72326475402,163929.84531984743,160685.32633464588
2024-04-08 03:00:00,160558.82,157803.93,159801.21,171051.7113473213,162515.58285305538,159233.5584770463
2024-04-08 04:00:00,163017.41,159578.38,161863.89,172941.04518858547,164631.44491297123,160801.94162030486
2024-04-08 05:00:00,170897.8,166937.21,169974.44,180865.8980965892,172781.41063833676,166625.60641835583
2024-04-08 06:00:00,182793.71,181027.16,183249.01,195215.11674035102,186425.95861705375,177548.12008829907
2024-04-08 07:00:00,195206.5,196251.52,198016.57,210526.30619837317,201987.23605727684,188719.1968781276
2024-04-08 08:00:00,203017.44,203303.81,205939.28,218160.19574146587,209966.50749905294,194200.81160687015
2024-04-08 09:00:00,211840.54,210109.0,212722.19,225252.99588186,217096.4197163533,201649.7272323914
2024-04-08 10:00:00,216468.46,213142.66,216774.52,228487.21744993387,221079.76975971332,205008.5623384038
2024-04-08 11:00:00,214963.7,210662.55,215217.04,226275.5291227339,219371.36421101552,203994.3867750187
2024-04-08 12:00:00,208447.66,204962.51,207979.92,219855.00387884575,213011.53944106755,201100.79804011638
2024-04-08 13:00:00,198910.34,197438.65,200474.12,212241.42243069282,205275.48918550645,195628.98356812104
2024-04-08 14:00:00,196206.34,197498.77,197491.11,211062.48373473724,203760.2910494215,194730.02532336675
2024-04-08 15:00:00,195819.33,197561.89,197020.57,210815.73890930347,203367.37598836442,194567.0296332411
2024-04-08 16:00:00,192610.37,196155.16,194042.14,208461.7099570993,201343.39691399015,191998.0462120673
2024-04-08 17:00:00,185424.43,189699.06,188108.13,201842.30329014105,195049.7006979676,184445.41360091825
2024-04-08 18:00:00,183699.25,187341.91,185414.67,199601.09016983016,192546.58010226037,181167.76478813123
2024-04-08 19:00:00,187122.61,192064.82,186571.95,203400.180030897,196147.38271817472,185716.5652076781
2024-04-08 20:00:00,178230.51,183481.42,177254.3,194212.96310392296,187464.57327766955,178872.48399342297
2024-04-08 21:00:00,173261.65,177928.31,170999.53,188112.942953925,181741.66041837097,174901.10756080117
2024-04-08 22:00:00,170374.7,174184.92,166572.79,183853.12464529963,177443.1072163212,172826.5370528712
2024-04-08 23:00:00,169119.9,171871.43,164182.22,181277.21982938188,175402.8416474554,171053.8035221556
2024-04-09 00:00:00,166006.45,167869.3,160688.89,172311.8648126068,171507.37524014636,165745.42392761918
2024-04-09 01:00:00,162581.76,164054.69,156849.88,168478.54400247807,167580.61438936906,162492.38853813594
2024-04-09 02:00:00,159497.0,161522.6,153912.69,165645.85634823196,165442.78182188977,159921.42494798548
2024-04-09 03:00:00,158455.48,160558.82,152420.88,164320.0095423529,164350.14521827633,159353.9039366297
2024-04-09 04:00:00,160371.35,163017.41,153826.55,166263.45772754945,166631.42029552246,161587.48068456107
2024-04-09 05:00:00,167820.36,170897.8,160542.42,173697.5295242873,173968.98003622863,167309.21406437238
2024-04-09 06:00:00,179754.05,182793.71,170876.91,186055.3839853481,186150.0055717553,178235.48924595382
2024-04-09 07:00:00,192421.54,195206.5,185262.34,200047.6836117227,198289.80359371082,189324.55017397518
2024-04-09 08:00:00,200615.46,203017.44,193301.23,207958.19834831942,205974.25225655548,195572.97525924473
2024-04-09 09:00:00,208204.12,211840.54,199817.55,215866.15279105006,213850.18649106618,204565.1601167879
2024-04-09 10:00:00,210165.65,216468.46,200468.65,219035.3561696613,217823.76543800576,209082.53807971586
2024-04-09 11:00:00,208322.72,214963.7,199868.69,217824.78224793804,216753.98028850928,208755.04411728538
2024-04-09 12:00:00,202764.86,208447.66,193517.15,211654.52888869413,210502.90143239324,204937.08143524735
2024-04-09 13:00:00,196025.59,198910.34,186048.65,203356.4825963356,201523.83680159695,198617.19244905724
2024-04-09 14:00:00,195916.47,196206.34,184825.03,201946.1053685209,198901.6725562474,198677.67937528805
2024-04-09 15:00:00,196923.7,195819.33,185281.73,202018.3977105735,199176.98033479706,199262.07527026528
2024-04-09 16:00:00,194525.69,192610.37,183259.81,199447.4776837016,196215.70768325633,197288.3435848131
2024-04-09 17:00:00,187761.39,185424.43,178372.36,192954.42725297203,189394.6287471848,190558.0542569062
2024-04-09 18:00:00,185564.03,183699.25,177397.18,191500.37961316752,187984.1741987274,187462.72143755443
2024-04-09 19:00:00,189980.77,187122.61,181216.17,195663.9391382223,191664.3730578039,191993.0045384192
2024-04-09 20:00:00,182857.74,178230.51,171675.8,186417.81007577456,182655.2353925903,184958.03301911303
2024-04-09 21:00:00,177479.26,173261.65,165408.1,180685.38923879486,178629.7574400119,180840.0474167028
2024-04-09 22:00:00,174398.08,170374.7,161367.68,177174.00405821862,175830.22243061275,178399.47289388455
2024-04-09 23:00:00,172803.98,169119.9,159355.99,175328.2740906141,173772.59010192493,176632.5847361125
2024-04-10 00:00:00,168645.92,166006.45,156291.89,170148.59991127453,167932.183881519,169304.46090378845
2024-04-10 01:00:00,164572.01,162581.76,151862.33,166150.05463696338,165277.28590381742,165563.78555548942
2024-04-10 02:00:00,161701.58,159497.0,148695.71,163028.93729876913,162197.91938470377,162475.50207802578
2024-04-10 03:00:00,160308.34,158455.48,146797.84,161656.89708216803,161980.36556432245,161188.9875266484
2024-04-10 04:00:00,161570.65,160371.35,147869.07,163322.82469188797,166033.58032093654,163060.67960750317
2024-04-10 05:00:00,167694.07,167820.36,153042.99,170065.41092992903,172168.39835460464,168373.1222867698
2024-04-10 06:00:00,176903.49,179754.05,160825.78,181075.18384488975,182302.31868607615,178628.97315324043
2024-04-10 07:00:00,186700.75,192421.54,172537.09,193899.88302738927,197209.49825438883,188640.33495605172
2024-04-10 08:00:00,193954.59,200615.46,181001.03,201967.83790056902,199506.1417595012,194028.31083720518
2024-04-10 09:00:00,201139.49,208204.12,189095.83,210047.72063056263,207600.2877363047,202825.69853953578
2024-04-10 10:00:00,203692.21,210165.65,191667.57,212918.21635384546,212985.05914993712,207617.37585801724
2024-04-10 11:00:00,201690.49,208322.72,189411.12,210989.38901184374,211605.6079054697,206798.84286671155
2024-04-10 12:00:00,197089.72,202764.86,185726.91,206041.98578317132,206958.34931533373,202817.9671792527
2024-04-10 13:00:00,191541.96,196025.59,179950.11,199248.40222081836,199955.24694261386,195861.58758184084
2024-04-10 14:00:00,189067.55,195916.47,175891.49,197696.35966586662,199641.6184066919,196078.2509946656
2024-04-10 15:00:00,186629.93,196923.7,173680.26,197318.0790490013,203515.05899788524,196407.79014446438
2024-04-10 16:00:00,183914.13,194525.69,171375.56,194902.34870444125,200710.0129912615,193872.43302397575
2024-04-10 17:00:00,177235.07,187761.39,166606.09,188631.90506969657,194539.20092086674,187411.96789062943
2024-04-10 18:00:00,176772.08,185564.03,168458.22,187733.12516365753,187460.73404713938,184385.95700977594
2024-04-10 19:00:00,181596.59,189980.77,173715.57,192664.5197056972,192669.40694925244,188680.17270092876
2024-04-10 20:00:00,174806.5,182857.74,166785.97,185142.41957347342,187635.00496400677,181690.9912593614
2024-04-10 21:00:00,170959.92,177479.26,162320.36,180076.71956615994,182928.9718233684,177742.76377405383
2024-04-10 22:00:00,168230.09,174398.08,158286.93,176631.28225205556,179659.15186409766,175998.4058013478
2024-04-10 23:00:00,166830.25,172803.98,156254.84,174757.17737725735,177342.54519932234,174356.69820656482
2024-04-11 00:00:00,162952.35,168645.92,152116.83,161103.51023555372,167018.1935348453,163326.65095153393
2024-04-11 01:00:00,159599.14,164572.01,148358.89,157313.99145753772,162795.90361226525,159623.71387662235
2024-04-11 02:00:00,157429.48,161701.58,146061.51,154662.2683912104,160197.7793956754,156631.88671388768
2024-04-11 03:00:00,156500.04,160308.34,145020.07,153483.95147827326,159055.5457204667,155632.4548856276
2024-04-11 04:00:00,158359.07,161570.65,147191.64,155210.48239289838,159873.47360335564,157443.8196762681
2024-04-11 05:00:00,165705.15,167694.07,155317.25,162018.4356251971,163646.51954471818,163028.9022068804
2024-04-11 06:00:00,179361.57,176903.49,170094.76,172989.09623420256,172530.97457523522,172986.32315346415
2024-04-11 07:00:00,193906.6,186700.75,186786.02,184779.30320119043,183936.19713393753,182659.84395850205
2024-04-11 08:00:00,201665.22,193954.59,195262.49,192076.17833869514,189701.84417413338,187866.92654590923
2024-04-11 09:00:00,211110.51,201139.49,202378.08,199471.74214454586,195909.17911049593,196120.55897611676
2024-04-11 10:00:00,215542.93,203692.21,204727.5,202385.26161153745,199001.53125993913,200266.3603017108
2024-04-11 11:00:00,214470.2,201690.49,203355.55,200941.8825327803,197152.4387015402,199376.0024542872
2024-04-11 12:00:00,210333.42,197089.72,197873.56,196066.97238826312,193261.95747493068,195953.5562924222
2024-04-11 13:00:00,203550.69,191541.96,191643.23,189788.7916193207,188033.9323989461,190019.48080731084
2024-04-11 14:00:00,202421.99,189067.55,190906.77,188292.74376021695,185645.4603392337,191172.09815398732
2024-04-11 15:00:00,202455.36,186629.93,190780.13,187446.4048946142,184924.326301317,192277.05456225068
2024-04-11 16:00:00,201258.3,183914.13,189272.97,184996.82688597922,183003.25348465936,190198.73209673888
2024-04-11 17:00:00,193850.63,177235.07,183675.16,178701.74527841283,176597.13816415682,183340.28998900476
2024-04-11 18:00:00,192039.01,176772.08,182126.86,177468.06060397046,175364.23544123973,180233.88303579605
2024-04-11 19:00:00,195048.87,181596.59,187534.24,182096.15043327652,180099.16615039945,184988.41240507
2024-04-11 20:00:00,186574.05,174806.5,178917.01,174738.17408595092,172735.59887280402,178264.25673319993
2024-04-11 21:00:00,181934.88,170959.92,172883.19,170194.27867759336,168477.69190504463,174489.68494351595
2024-04-11 22:00:00,179102.66,168230.09,168747.56,167255.11418535444,166058.62090655198,172400.347869909
2024-04-11 23:00:00,177882.37,166830.25,166062.08,165570.43799778708,164279.21088387416,170643.21193304518
2024-04-12 00:00:00,174000.32,162952.35,161430.36,172594.41311081755,169327.21100913585,174859.5341365836
2024-04-12 01:00:00,170004.95,159599.14,157651.12,168822.9813638569,165574.00997144633,171257.1645487137
2024-04-12 02:00:00,166984.61,157429.48,155347.87,166187.9962815881,162945.95391412862,168472.83962833608
2024-04-12 03:00:00,166920.17,156500.04,154539.06,165142.2413734158,161421.80577581003,167533.01454471558
2024-04-12 04:00:00,169729.01,158359.07,156041.02,166845.7217939682,162978.44003520272,169569.73453438544
2024-04-12 05:00:00,174774.43,165705.15,163497.33,174174.56828747838,170343.65876887838,174912.25970624707
2024-04-12 06:00:00,184961.08,179361.57,178008.86,187402.7793956641,184078.95522026633,184312.75457433445
2024-04-12 07:00:00,195984.26,193906.6,192980.02,201263.88528065576,197318.74743000697,193126.55888249227
2024-04-12 08:00:00,201958.93,201665.22,200774.69,209100.94886667997,204493.21157170358,198559.33636014932
2024-04-12 09:00:00,211306.78,211110.51,207594.18,217463.41974730042,213299.32979145795,208325.88422474952
2024-04-12 10:00:00,216500.7,215542.93,208639.5,220447.52442819288,217283.73756528567,213102.55146303354
2024-04-12 11:00:00,216015.75,214470.2,205394.04,218624.06714056723,216426.63488771935,213387.9402684185
2024-04-12 12:00:00,211378.96,210333.42,199221.96,213584.09241712888,212077.22322862476,209450.70845709744
2024-04-12 13:00:00,205034.07,203550.69,192106.72,206662.2062317899,205335.58095795315,202269.52976554306
2024-04-12 14:00:00,204497.82,202421.99,192246.94,206199.24915915384,204605.36278508703,202123.15680770096
2024-04-12 15:00:00,205096.78,202455.36,191859.16,206066.4004286069,204510.70047561437,202457.9950709898
2024-04-12 16:00:00,203945.4,201258.3,190285.72,204147.81888411863,203201.677154692,199016.25570097807
2024-04-12 17:00:00,197279.16,193850.63,184881.52,197203.35168962344,195715.16794760415,191488.8587034286
2024-04-12 18:00:00,194976.18,192039.01,184376.13,195726.47894001554,193948.46137911518,188398.86616937004
2024-04-12 19:00:00,198130.36,195048.87,189147.46,200053.7278436265,197339.43923699003,192707.8136480305
2024-04-12 20:00:00,190293.65,186574.05,180436.4,191762.99956303282,189299.2165804777,185871.27505068792
2024-04-12 21:00:00,185308.06,181934.88,174490.98,186610.32413507413,184448.39334854292,182337.98126654234
2024-04-12 22:00:00,182718.22,179102.66,169572.2,183161.1373782377,181322.51974708473,181193.05021390767
2024-04-12 23:00:00,181929.1,177882.37,166597.53,181240.29648620865,180071.04869465102,180350.06474687354
2024-04-13 00:00:00,178142.77,174000.32,162993.66,175307.63836257876,177512.4748668478,178656.0458058599
2024-04-13 01:00:00,174244.46,170004.95,159820.62,171470.07635754842,172952.7802317753,174977.2215704068
2024-04-13 02:00:00,171137.2,166984.61,157215.91,168496.702057787,169768.3261713283,171574.1517296634
2024-04-13 03:00:00,170540.21,166920.17,155495.93,167379.72118317737,171349.54288802494,169984.49490915195
2024-04-13 04:00:00,173233.04,169729.01,157062.65,169307.92887205526,173765.26574803403,171389.9686223857
2024-04-13 05:00:00,178068.46,174774.43,164093.46,175400.411969259,176791.09809105733,176033.2945319608
2024-04-13 06:00:00,186880.86,184961.08,178950.92,187085.21233579417,186287.47146913593,183944.77599622798
2024-04-13 07:00:00,196404.25,195984.26,193564.81,199158.9718687997,196635.0464725366,191916.89142210604
2024-04-13 08:00:00,202598.14,201958.93,200787.99,205923.29908830745,201647.93866832013,197065.97193989178
2024-04-13 09:00:00,211978.55,211306.78,207196.46,214161.7708535976,210908.51351859435,205817.5932633466
2024-04-13 10:00:00,217909.04,216500.7,210456.37,218347.0014399192,215648.66759808574,210107.47300514617
2024-04-13 11:00:00,217385.09,216015.75,208149.26,217120.4198100369,214652.28782322694,210532.0638700144
2024-04-13 12:00:00,213518.65,211378.96,202243.62,212212.94910968805,211379.04705425366,207278.26766309945
2024-04-13 13:00:00,204835.8,205034.07,195128.59,205726.3743221116,205590.36831434522,201575.8721960794
2024-04-13 14:00:00,204396.53,204497.82,195265.29,205149.00184295484,204121.25200853712,202682.39466323715
2024-04-13 15:00:00,204902.94,205096.78,195377.91,205036.5418884106,204649.66885487395,203789.71014589194
2024-04-13 16:00:00,202144.06,203945.4,193338.08,203128.20543257706,203848.74648839014,200867.9044933253
2024-04-13 17:00:00,195384.54,197279.16,186696.19,196184.19118121197,196834.25839883412,193128.8894980577
2024-04-13 18:00:00,192491.78,194976.18,185907.73,194698.9751410811,194059.66701321473,189650.04239321267
2024-04-13 19:00:00,195823.58,198130.36,190207.85,198839.09829395873,197742.3372449535,194567.50410814615
2024-04-13 20:00:00,188172.84,190293.65,181177.03,190765.17585562187,190242.69926741836,188108.21911253344
2024-04-13 21:00:00,184181.66,185308.06,175079.69,185672.73276391975,186365.54748843695,184413.98202824563
2024-04-13 22:00:00,182373.94,182718.22,171104.83,182657.21030425787,184746.72435751598,183017.22565545823
2024-04-13 23:00:00,180612.66,181929.1,168806.43,181157.84349301242,185135.24606530208,181731.99271645452
2024-04-14 00:00:00,177096.22,178142.77,164755.36,170540.34118766748,182032.68512450723,176376.69864274882
2024-04-14 01:00:00,173284.43,174244.46,161199.75,166803.50765233755,177951.14065000956,172212.50731218662
2024-04-14 02:00:00,170210.23,171137.2,158747.69,164022.66869999768,174855.7497238341,168675.49755694997
2024-04-14 03:00:00,169756.46,170540.21,157803.93,163197.79298073327,173544.22839511148,166987.38894622025
2024-04-14 04:00:00,172376.6,173233.04,159578.38,165256.3236666035,174529.46656233756,167942.52848837164
2024-04-14 05:00:00,178117.95,178068.46,166937.21,171041.78126769746,179330.97943513823,171608.5591310012
2024-04-14 06:00:00,187492.01,186880.86,181027.16,181857.94729353415,184881.8742991302,177425.30805529896
2024-04-14 07:00:00,196583.41,196404.25,196251.52,193430.90344753917,194437.56790133065,183382.10965483493
2024-04-14 08:00:00,202490.69,202598.14,203303.81,199804.96736476966,200847.1939628628,187410.47968696975
2024-04-14 09:00:00,211684.26,211978.55,210109.0,208196.82731191718,207153.8520277445,194502.3151803322
2024-04-14 10:00:00,215844.1,217909.04,213142.66,212813.36789905897,212565.13902575726,197561.54373039774
2024-04-14 11:00:00,215159.91,217385.09,210662.55,211784.59718107828,211011.13970189865,196893.14499372407
2024-04-14 12:00:00,211703.99,213518.65,204962.51,207515.64092759517,206774.61631141082,193781.17176886727
2024-04-14 13:00:00,205595.98,204835.8,197438.65,200196.61044328604,199429.37881399255,189167.03289533634
2024-04-14 14:00:00,206274.52,204396.53,197498.77,199774.70323348584,198670.23140486272,187965.1474560758
2024-04-14 15:00:00,207161.0,204902.94,197561.89,200035.90953553727,198658.18757760615,187347.52071261272
2024-04-14 16:00:00,204087.69,202144.06,196155.16,198052.43140793277,195916.17119943188,184527.78223760688
2024-04-14 17:00:00,197188.98,195384.54,189699.06,191329.60575119706,189539.43546629298,176833.92954233204
2024-04-14 18:00:00,194222.85,192491.78,187341.91,188991.70313459222,187438.35577413588,174018.12395477775
2024-04-14 19:00:00,198659.35,195823.58,192064.82,192936.83264697195,190258.82012973048,179626.07170355896
2024-04-14 20:00:00,192471.89,188172.84,183481.42,185321.46815841415,184512.37403050406,175147.95270408216
2024-04-14 21:00:00,188719.1,184181.66,177928.31,180947.93488279436,181785.87469966116,173598.70854655968
2024-04-14 22:00:00,186377.27,182373.94,174184.92,178566.39736542074,179621.19696878982,173321.09601896288
2024-04-14 23:00:00,184458.79,180612.66,171871.43,176903.74825787588,177976.6958482838,172589.18936246182
2024-04-15 00:00:00,181423.4,177096.22,167869.3,187257.47788485346,180603.39223560243,175329.62633704575
2024-04-15 01:00:00,177328.18,173284.43,164054.69,183092.40452251947,177080.1378310638,171041.27160898602
2024-04-15 02:00:00,174038.83,170210.23,161522.6,179987.2268358276,173619.45994945767,168158.11101047636
2024-04-15 03:00:00,173080.53,169756.46,160558.82,179275.46675006277,173148.8069057297,166570.60540761857
2024-04-15 04:00:00,175209.67,172376.6,163017.41,182009.15829606866,176198.6656776,168081.27060844188
2024-04-15 05:00:00,179879.11,178117.95,170897.8,188942.77902508253,182541.19432663295,173879.60783671297
2024-04-15 06:00:00,189670.07,187492.01,182793.71,200290.99374459696,191934.87683615953,184410.53786108652
2024-04-15 07:00:00,198854.43,196583.41,195206.5,211993.48134931436,201640.97823777705,195101.3428676835
2024-04-15 08:00:00,204131.07,202490.69,203017.44,219167.3181997009,209710.82289272282,200452.87663208265
2024-04-15 09:00:00,215850.91,211684.26,211840.54,228760.67801426625,218958.48705596535,207828.70353200045
2024-04-15 10:00:00,219432.24,215844.1,216468.46,233697.4905919685,224825.86419565318,211631.36119141316
2024-04-15 11:00:00,219268.1,215159.91,214963.7,232695.81318923162,223046.9376736099,210594.53996186508
2024-04-15 12:00:00,214420.23,211703.99,208447.66,227453.3615247471,217772.95832659482,207278.2312400852
2024-04-15 13:00:00,208088.07,205595.98,198910.34,219324.83902218664,211212.16140723735,201521.7755208216
2024-04-15 14:00:00,207166.11,206274.52,196206.34,218249.1913712607,212257.13323033246,200100.78822210134
2024-04-15 15:00:00,207555.71,207161.0,195819.33,218521.8545305832,212751.2367632424,199891.52473447277
2024-04-15 16:00:00,202866.97,204087.69,192610.37,215503.49314974507,209551.84040889383,196994.51716676168
2024-04-15 17:00:00,196726.57,197188.98,185424.43,208132.69193079456,202358.85693809245,189394.34216020085
2024-04-15 18:00:00,194345.37,194222.85,183699.25,205674.34118418954,200025.9458650343,185856.11708798748
2024-04-15 19:00:00,197580.33,198659.35,187122.61,209622.15932740577,203397.91341315475,189353.76046527855
2024-04-15 20:00:00,191347.4,192471.89,178230.51,201376.4364364288,196279.29053191532,182340.38890178743
2024-04-15 21:00:00,187126.1,188719.1,173261.65,196472.94172417917,192261.33036997262,178309.51728117693
2024-04-15 22:00:00,185584.8,186377.27,170374.7,193621.89930127724,189870.74088615263,176165.4083304005
2024-04-15 23:00:00,184486.53,184458.79,169119.9,191960.4751227327,188470.12790922855,174478.85394265334
2024-04-16 00:00:00,180618.56,181423.4,166006.45,182487.08272637823,185019.33130386937,181493.28696998654
2024-04-16 01:00:00,177308.97,177328.18,162581.76,178508.0362036641,181004.77966173703,178311.79800092702
2024-04-16 02:00:00,174613.64,174038.83,159497.0,175201.61894131603,177569.0869373353,175660.71370529855
2024-04-16 03:00:00,173511.45,173080.53,158455.48,174222.71618456717,176604.90453861465,174998.30363030787
2024-04-16 04:00:00,175643.54,175209.67,160371.35,176440.20203925134,179360.62914886762,177275.06327881422
2024-04-16 05:00:00,179506.37,179879.11,167820.36,182511.716311805,183995.11663247712,182869.11672987996
2024-04-16 06:00:00,187506.97,189670.07,179754.05,193259.08799196655,193857.75779620933,192789.74472595067
2024-04-16 07:00:00,196204.79,198854.43,192421.54,204331.7431405444,201669.0063021443,203772.2343764468
2024-04-16 08:00:00,201380.07,204131.07,200615.46,211150.9220176279,207120.22224480668,210113.77505244507
2024-04-16 09:00:00,210157.22,215850.91,208204.12,220936.8801069197,217221.48715730236,219068.01474100602
2024-04-16 10:00:00,214904.96,219432.24,210165.65,224422.1781294234,221787.92185414626,223534.29490598946
2024-04-16 11:00:00,215067.19,219268.1,208322.72,223580.93274091452,222081.21565822483,223923.9792582353
2024-04-16 12:00:00,212506.56,214420.23,202764.86,218578.1716043533,217436.32639498735,220119.78469542175
2024-04-16 13:00:00,206973.33,208088.07,196025.59,211427.8606729938,210654.00222518592,213769.3706880916
2024-04-16 14:00:00,207890.1,207166.11,195916.47,210927.03859250352,210446.4533183813,213542.51043701667
2024-04-16 15:00:00,209357.38,207555.71,196923.7,211562.07247061402,210429.05036856735,214389.13228456175
2024-04-16 16:00:00,203869.38,202866.97,194525.69,208075.90627613262,206448.98535933133,212351.80337997916
2024-04-16 17:00:00,195384.38,196726.57,187761.39,201416.09602496086,199473.28883855228,205795.28856683205
2024-04-16 18:00:00,191880.79,194345.37,185564.03,199057.83299854468,197187.4116317337,202616.07988504696
2024-04-16 19:00:00,195127.92,197580.33,189980.77,203031.61987109837,200715.3451486899,206919.12360137768
2024-04-16 20:00:00,187005.62,191347.4,182857.74,195829.94089642065,194422.96532382592,199670.09113964628
2024-04-16 21:00:00,182751.45,187126.1,177479.26,190986.55937563095,190557.86554105964,195476.94277584096
2024-04-16 22:00:00,180993.42,185584.8,174398.08,188588.00698626167,188375.75337338395,193265.85904930718
2024-04-16 23:00:00,179054.26,184486.53,172803.98,186995.26217346254,187758.10810560835,191754.99754932337
2024-04-17 00:00:00,176201.71,180618.56,168645.92,176486.13771209735,181007.13133264016,175351.33697444844
2024-04-17 01:00:00,172377.37,177308.97,164572.01,172695.5031307543,178149.27261821338,171034.38828494816
2024-04-17 02:00:00,169162.81,174613.64,161701.58,169772.28515083742,175028.52342844036,167601.18096132416
2024-04-17 03:00:00,168260.57,173511.45,160308.34,168637.43694660562,173869.99547952408,166119.7990533178
2024-04-17 04:00:00,170341.66,175643.54,161570.65,170512.66393706066,176135.74100352154,167756.37034090084
2024-04-17 05:00:00,174385.44,179506.37,167694.07,175587.52589177561,179940.61695124028,172515.13074001487
2024-04-17 06:00:00,181267.26,187506.97,176903.49,184382.55706034222,187631.82012106036,180931.9510295442
2024-04-17 07:00:00,189166.09,196204.79,186700.75,193721.02826230865,195694.5940480992,190161.400907001
2024-04-17 08:00:00,193669.0,201380.07,193954.59,199839.78275167852,201140.89905890654,195819.18999497834
2024-04-17 09:00:00,200743.01,210157.22,201139.49,208376.41271155642,209805.2544512799,205035.6002370864
2024-04-17 10:00:00,202846.06,214904.96,203692.21,212140.43807490348,213379.91866475175,209671.31942482045
2024-04-17 11:00:00,202130.01,215067.19,201690.49,211364.3010802772,213244.77136234747,208896.46341935292
2024-04-17 12:00:00,199736.12,212506.56,197089.72,207806.23073686063,210656.62860725282,205509.88658968132
2024-04-17 13:00:00,194843.45,206973.33,191541.96,202087.81081464485,205027.1200455233,198929.2740738607
2024-04-17 14:00:00,193833.89,207890.1,189067.55,201485.3508026992,205747.23461668694,198137.51272043036
2024-04-17 15:00:00,193083.28,209357.38,186629.93,201332.8330131622,206509.569156682,197926.34788917418
2024-04-17 16:00:00,190211.56,203869.38,183914.13,197349.26370189816,200441.42634504137,195364.61795869307
2024-04-17 17:00:00,182788.36,195384.38,177235.07,190129.4389570031,192774.62001070677,189408.14307978438
2024-04-17 18:00:00,179618.47,191880.79,176772.08,188138.48443122013,190525.32986023062,187067.489951955
2024-04-17 19:00:00,184482.25,195127.92,181596.59,192254.24552465798,192930.16378335477,191607.53761784633
2024-04-17 20:00:00,178794.21,187005.62,174806.5,185106.30430526187,186508.2270492253,185135.13577585696
2024-04-17 21:00:00,176519.77,182751.45,170959.92,181019.16017964686,182540.49752616716,181583.27234542024
2024-04-17 22:00:00,175433.1,180993.42,168230.09,178730.37607551503,181492.95152727407,179815.6146278566
2024-04-17 23:00:00,173938.41,179054.26,166830.25,176980.6739289029,179491.14070505407,178227.6093392223
2024-04-18 00:00:00,170299.1,176201.71,162952.35,170689.3575222383,168179.55669418722,170411.9654621506
2024-04-18 01:00:00,166466.52,172377.37,159599.14,167030.7657714079,164686.06809379527,166668.61405321487
2024-04-18 02:00:00,164568.3,169162.81,157429.48,164220.70237669483,162240.74058893704,163728.2000295007
2024-04-18 03:00:00,163927.81,168260.57,156500.04,163263.59262879114,161282.89562919392,162720.78355853684
2024-04-18 04:00:00,166602.91,170341.66,158359.07,165243.24084774824,163408.85252604578,164644.38765731177
2024-04-18 05:00:00,172544.01,174385.44,165705.15,170537.38040247,167485.652655373,170430.3175818598
2024-04-18 06:00:00,184146.71,181267.26,179361.57,180332.20138366235,180375.1531113491,180562.70737600152
2024-04-18 07:00:00,194639.8,189166.09,193906.6,190778.26500948862,190603.55818811702,190611.89940403757
2024-04-18 08:00:00,200083.05,193669.0,201665.22,196530.68037140896,196428.65082497674,196186.3280208103
2024-04-18 09:00:00,210040.24,200743.01,211110.51,205094.38909603242,205573.95356436682,204541.1838800565
2024-04-18 10:00:00,215362.8,202846.06,215542.93,208326.44552894033,210346.9137429771,208544.21511519962
2024-04-18 11:00:00,213906.76,202130.01,214470.2,207689.21133221118,209165.89797071667,207970.74105787385
2024-04-18 12:00:00,213341.35,199736.12,210333.42,204255.19233232635,205243.62271241323,204632.655899849
2024-04-18 13:00:00,207108.96,194843.45,203550.69,198539.7143404489,199149.45008298333,199038.26723781793
2024-04-18 14:00:00,207608.34,193833.89,202421.99,197684.9706609643,198081.01097889882,200008.26835136893
2024-04-18 15:00:00,207394.12,193083.28,202455.36,197558.54983161224,199208.542914864,201081.99412386416
2024-04-18 16:00:00,203625.85,190211.56,201258.3,194719.02159771996,197039.88834735606,198994.0121983156
2024-04-18 17:00:00,195142.59,182788.36,193850.63,187742.41017283377,189867.68341429814,192364.67473845932
2024-04-18 18:00:00,190784.52,179618.47,192039.01,185348.98027298524,188131.87284555953,189474.82928239714
2024-04-18 19:00:00,194847.7,184482.25,195048.87,189252.50627016008,191551.57312869444,194415.22768990128
2024-04-18 20:00:00,187408.96,178794.21,186574.05,182426.1730294438,184091.14336522372,187697.1314495723
2024-04-18 21:00:00,183214.76,176519.77,181934.88,178754.9119639375,179744.41944407768,183816.69179043846
2024-04-18 22:00:00,181301.38,175433.1,179102.66,176859.07918656198,178434.55027566472,181644.93977371385
2024-04-18 23:00:00,178902.75,173938.41,177882.37,175395.97618800454,177254.13305084762,179811.73672778276
2024-04-19 00:00:00,175925.18,170299.1,174000.32,176017.64233662284,175416.53058477145,174978.14685014915
2024-04-19 01:00:00,172467.9,166466.52,170004.95,172175.2998754787,171415.1973881252,170799.23732379876
2024-04-19 02:00:00,169303.92,164568.3,166984.61,169600.17268997672,168842.09451187786,167607.4876243847
2024-04-19 03:00:00,167778.0,163927.81,166920.17,168989.41523096047,168345.88872032234,166358.03944327112
2024-04-19 04:00:00,169773.7,166602.91,169729.01,171487.75986694428,170933.62851866576,167881.4736470704
2024-04-19 05:00:00,175175.79,172544.01,174774.43,176774.15217598138,176119.1867770248,172888.27020653832
2024-04-19 06:00:00,185209.46,184146.71,184961.08,187148.23303733233,186326.3647484546,182762.0587602909
2024-04-19 07:00:00,194366.66,194639.8,195984.26,197586.7659110129,196575.21284920102,192077.8429555145
2024-04-19 08:00:00,199099.6,200083.05,201958.93,203229.09391135906,202395.90825635238,197386.71947686322
2024-04-19 09:00:00,207651.01,210040.24,211306.78,212402.33032753604,210716.15972913164,206560.06480106135
2024-04-19 10:00:00,213270.06,215362.8,216500.7,217102.1632467877,215572.02447774276,210368.71905339102
2024-04-19 11:00:00,213195.88,213906.76,216015.75,216233.0738062413,214382.52365424111,210162.1085420889
2024-04-19 12:00:00,209937.61,213341.35,211378.96,213603.95191550825,213169.6392537107,206271.27835303673
2024-04-19 13:00:00,202888.49,207108.96,205034.07,207500.86256200905,207231.7638114917,199665.01945381562
2024-04-19 14:00:00,203375.86,207608.34,204497.82,207579.9954368042,207945.8761679512,200208.32487655897
2024-04-19 15:00:00,204412.79,207394.12,205096.78,207830.3849888757,207240.32843847183,200527.23120764561
2024-04-19 16:00:00,201607.42,203625.85,203945.4,204699.09975915303,205665.4822986028,197484.16424753613
2024-04-19 17:00:00,194000.82,195142.59,197279.16,197054.36349255795,196865.2177523841,190393.71210717421
2024-04-19 18:00:00,188636.05,190784.52,194976.18,193910.17469728892,193425.67427359728,187596.66570266944
2024-04-19 19:00:00,192744.03,194847.7,198130.36,197728.80139240445,196986.61405890033,192229.63651474143
2024-04-19 20:00:00,186181.81,187408.96,190293.65,190093.86460406153,189367.0669897377,185436.3150485625
2024-04-19 21:00:00,182526.7,183214.76,185308.06,185642.31680377424,184969.29572428027,181644.33141575835
2024-04-19 22:00:00,180041.01,181301.38,182718.22,183418.54591965606,182649.83677858594,179979.94333946254
2024-04-19 23:00:00,177279.87,178902.75,181929.1,181593.78105731242,181343.81289338737,178700.91383452134
2024-04-20 00:00:00,173432.23,175925.18,178142.77,176012.53729835452,175722.731909288,172917.8768057502
2024-04-20 01:00:00,169345.09,172467.9,174244.46,172331.69895908504,172109.97113068728,168540.0197843977
2024-04-20 02:00:00,166238.51,169303.92,171137.2,169295.04300212144,169051.57808646298,164656.31150660143
2024-04-20 03:00:00,164390.75,167778.0,170540.21,168204.36656515894,168018.67475958753,162409.25474894774
2024-04-20 04:00:00,166194.67,169773.7,173233.04,170418.2700469734,170075.48075233639,163341.96178776526
2024-04-20 05:00:00,171800.07,175175.79,178068.46,175531.96996356413,174889.11244642883,167571.89842923597
2024-04-20 06:00:00,182521.84,185209.46,186880.86,184968.94857360658,182725.21662038044,175966.9949953887
2024-04-20 07:00:00,192158.35,194366.66,196404.25,194369.9707553374,191730.6185851783,184228.56241051326
2024-04-20 08:00:00,195850.9,199099.6,202598.14,199661.33717189825,196932.5923004485,188970.61514618437
2024-04-20 09:00:00,205442.82,207651.01,211978.55,208104.33914266535,205143.7965911155,197295.74566359026
2024-04-20 10:00:00,209705.35,213270.06,217909.04,212958.85627060043,210666.32999326888,201806.18118465785
2024-04-20 11:00:00,208563.59,213195.88,217385.09,212434.81879521487,210183.11421417375,202035.22993633337
2024-04-20 12:00:00,204537.24,209937.61,213518.65,209274.36761574468,207110.58112253997,198632.03713707853
2024-04-20 13:00:00,196134.31,202888.49,204835.8,202279.0401738187,199885.6749574956,192788.47750481754
2024-04-20 14:00:00,196014.61,203375.86,204396.53,202165.248259661,199908.86730277704,193917.59551478253
2024-04-20 15:00:00,196155.93,204412.79,204902.94,202521.8279109231,200895.33632439887,194770.17100162356
2024-04-20 16:00:00,194041.35,201607.42,202144.06,199661.06686303826,198023.937916733,191914.36850567974
2024-04-20 17:00:00,188681.34,194000.82,195384.54,192435.52197002864,190827.08190402697,184185.2808779723
2024-04-20 18:00:00,184553.17,188636.05,192491.78,188723.48149887353,187311.99137843755,181033.75896181827
2024-04-20 19:00:00,188550.43,192744.03,195823.58,192770.66520114514,191177.55623001905,185888.9422443712
2024-04-20 20:00:00,181469.6,186181.81,188172.84,185887.5792463606,184358.60378306717,178912.57351327073
2024-04-20 21:00:00,177546.71,182526.7,184181.66,182184.82991506025,180770.07400895283,175010.1446221403
2024-04-20 22:00:00,176314.28,180041.01,182373.94,180117.25264670697,179175.93434118654,173377.84901816453
2024-04-20 23:00:00,174154.92,177279.87,180612.66,177923.4931373771,176873.2770525711,171919.236738853
2024-04-21 00:00:00,170634.74,173432.23,177096.22,166334.00372890267,173968.538770386,170172.3069385625
2024-04-21 01:00:00,166688.56,169345.09,173284.43,162623.2343685885,170102.39662733924,165844.00050247717
2024-04-21 02:00:00,163491.21,166238.51,170210.23,159897.84730042322,167072.4299638935,162489.4938519909
2024-04-21 03:00:00,162219.26,164390.75,169756.46,158769.67387699216,166142.69817540862,160968.54240515834
2024-04-21 04:00:00,163895.32,166194.67,172376.6,160837.01360229016,168444.00182100516,162046.05322732613
2024-04-21 05:00:00,169320.27,171800.07,178117.95,166348.12668282277,173007.4673756638,165966.7472012039
2024-04-21 06:00:00,180469.87,182521.84,187492.01,176455.97409463912,180981.35446117911,172977.39444311548
2024-04-21 07:00:00,190213.88,192158.35,196583.41,185884.88529854827,188860.15548338284,180286.5220043505
2024-04-21 08:00:00,194285.49,195850.9,202490.69,190542.98064599224,193338.86449735716,184417.0996422267
2024-04-21 09:00:00,201622.63,205442.82,211684.26,199325.36340989618,201220.4862310464,191439.15363366265
2024-04-21 10:00:00,205771.28,209705.35,215844.1,203556.98163940856,205287.555978408,194567.61614572996
2024-04-21 11:00:00,204397.34,208563.59,215159.91,202587.82787258027,204135.12015936247,193797.53481377903
2024-04-21 12:00:00,201389.83,204537.24,211703.99,199540.61779901606,200845.63243302205,190377.85719066492
2024-04-21 13:00:00,195497.44,196134.31,205595.98,192745.40170499525,195489.9059141349,185280.09489772495
2024-04-21 14:00:00,196805.5,196014.61,206274.52,192962.76066635302,195708.18627658868,184671.10741688465
2024-04-21 15:00:00,198183.32,196155.93,207161.0,193245.62199452877,196210.20323650254,184697.12432257136
2024-04-21 16:00:00,197896.87,194041.35,204087.69,190637.7929084379,193332.34751806813,182174.2031182777
2024-04-21 17:00:00,191774.11,188681.34,197188.98,184408.32847836244,187039.67783279865,174533.1087486702
2024-04-21 18:00:00,189189.03,184553.17,194222.85,180899.58351283218,184341.5310006475,171268.34513254074
2024-04-21 19:00:00,193527.93,188550.43,198659.35,184914.68204477875,189695.2896756309,176941.6565639143
2024-04-21 20:00:00,186271.3,181469.6,192471.89,178336.15532407197,184733.27927863365,172020.46759669075
2024-04-21 21:00:00,181840.19,177546.71,188719.1,174507.4770704151,181181.12295950842,169975.77493327452
2024-04-21 22:00:00,179443.74,176314.28,186377.27,172675.4639058428,179083.87713311566,169434.8791374276
2024-04-21 23:00:00,176926.74,174154.92,184458.79,170557.04243621608,177360.2412297111,168414.12631964433
2024-04-22 00:00:00,173565.56,170634.74,181423.4,184315.68539918706,177003.68338257706,167499.60069443678
2024-04-22 01:00:00,169960.34,166688.56,177328.18,180210.30028212018,173029.91787671298,162888.5074162837
2024-04-22 02:00:00,167324.58,163491.21,174038.83,176868.85996204984,169848.23805256886,159744.6397193565
2024-04-22 03:00:00,166420.92,162219.26,173080.53,175554.90228834658,168158.26648056012,158015.13264514806
2024-04-22 04:00:00,168495.44,163895.32,175209.67,177548.73468282755,170176.0588935811,159569.71429084084
2024-04-22 05:00:00,174168.6,169320.27,179879.11,183104.55410202578,175959.5596743493,165412.42073537124
2024-04-22 06:00:00,185893.77,180469.87,189670.07,194047.07639290503,187607.00158563783,175431.21465290032
2024-04-22 07:00:00,195252.46,190213.88,198854.43,204046.1856089609,198827.76452114867,185532.91642829264
2024-04-22 08:00:00,199303.24,194285.49,204131.07,209013.35544606997,203096.8925329839,190857.21544086843
2024-04-22 09:00:00,207803.77,201622.63,215850.91,218604.60154058255,213276.80794669004,198042.76429676235
2024-04-22 10:00:00,211830.55,205771.28,219432.24,223015.27214980626,217798.35247532226,201867.79117612034
2024-04-22 11:00:00,212219.34,204397.34,219268.1,222284.77547756134,217583.2317763058,200703.39677484485
2024-04-22 12:00:00,208817.5,201389.83,214420.23,218249.92463868737,213143.8515517668,196776.9371154316
2024-04-22 13:00:00,201077.0,195497.44,208088.07,211389.60617810444,206787.14347974578,190320.94506349624
2024-04-22 14:00:00,201193.52,196805.5,207166.11,211462.28202527823,206117.72257403997,188499.95641004317
2024-04-22 15:00:00,201964.73,198183.32,207555.71,212245.58931930244,206838.39672743142,188179.29805573312
2024-04-22 16:00:00,200036.22,197896.87,202866.97,209608.85863096372,205111.19214450446,184771.85137228508
2024-04-22 17:00:00,193911.37,191774.11,196726.57,202999.107342317,199708.28543419388,177219.12246451474
2024-04-22 18:00:00,190847.27,189189.03,194345.37,199936.67222181245,196335.01057350732,173695.43816419132
2024-04-22 19:00:00,195468.52,193527.93,197580.33,204012.64465289394,200381.06929192305,177288.8774352421
2024-04-22 20:00:00,188642.28,186271.3,191347.4,196872.89332045175,193220.0150671983,170159.78900684463
2024-04-22 21:00:00,184601.9,181840.19,187126.1,192448.67713017142,188763.12956378292,166045.8904947814
2024-04-22 22:00:00,182630.75,179443.74,185584.8,190282.07601328037,186766.52224392313,163887.6606419761
2024-04-22 23:00:00,181354.66,176926.74,184486.53,188172.295955957,185303.16413657423,162189.1237924699
2024-04-23 00:00:00,178280.37,173565.56,180618.56,181412.62670656067,180513.02974322252,178377.5787866264
2024-04-23 01:00:00,174774.29,169960.34,177308.97,177679.47139284786,177264.60369010785,175200.25914667582
2024-04-23 02:00:00,171389.4,167324.58,174613.64,174770.3630443242,174522.3360941582,172420.76489166642
2024-04-23 03:00:00,170255.28,166420.92,173511.45,173544.98710547088,173418.99918228172,171424.094167382
2024-04-23 04:00:00,172107.14,168495.44,175643.54,175580.07063402163,175513.26879426712,173405.23745222858
2024-04-23 05:00:00,176973.21,174168.6,179506.37,180885.20227613708,179867.64033605848,179538.08975901027
2024-04-23 06:00:00,185981.17,185893.77,187506.97,191451.82838348782,189432.41795721778,189848.81160945442
2024-04-23 07:00:00,193352.05,195252.46,196204.79,201108.0226198979,198686.8052377949,201201.20826885873
2024-04-23 08:00:00,196321.38,199303.24,201380.07,205816.08493569746,202572.57740042065,208058.96193305685
2024-04-23 09:00:00,204744.24,207803.77,210157.22,214650.62310197958,210509.39570613526,216570.36370892814
2024-04-23 10:00:00,208974.34,211830.55,214904.96,218947.8890673631,214757.02941074167,220219.11745754257
2024-04-23 11:00:00,210159.13,212219.34,215067.19,218754.42020999955,214896.77200049843,220259.36553719934
2024-04-23 12:00:00,207272.42,208817.5,212506.56,215378.5064126658,211443.83386344032,216219.3137125859
2024-04-23 13:00:00,200619.47,201077.0,206973.33,208294.5648380007,204883.1640635073,209767.1442744296
2024-04-23 14:00:00,201680.29,201193.52,207890.1,208673.16628704206,205324.10012659774,209644.64944704727
2024-04-23 15:00:00,201915.22,201964.73,209357.38,209582.48584460744,206627.26063470423,210589.85651229252
2024-04-23 16:00:00,200783.37,200036.22,203869.38,206462.99606343565,203735.77524852045,208236.0950301068
2024-04-23 17:00:00,193780.96,193911.37,195384.38,199552.924665238,196159.72130489346,201648.99018293942
2024-04-23 18:00:00,189645.72,190847.27,191880.79,196296.23990532046,193285.5713240764,198490.02471489945
2024-04-23 19:00:00,194921.12,195468.52,195127.92,200487.1296240056,196906.55104850285,203105.86138311302
2024-04-23 20:00:00,188628.32,188642.28,187005.62,192974.82582239562,189802.0699181241,196032.18989520142
2024-04-23 21:00:00,185122.38,184601.9,182751.45,188643.41252659116,185890.14180892656,191737.22716724104
2024-04-23 22:00:00,184131.43,182630.75,180993.42,186708.9628616245,184203.50496867602,189399.33334039748
2024-04-23 23:00:00,183139.83,181354.66,179054.26,184861.63064421652,183096.2308317802,187678.37768056957
2024-04-24 00:00:00,179617.65,178280.37,176201.71,180997.26249734833,180514.74999172226,180207.87161699016
2024-04-24 01:00:00,175736.91,174774.29,172377.37,177158.5047620193,176941.060267276,176546.58908849437
2024-04-24 02:00:00,172940.54,171389.4,169162.81,173847.16404561998,173745.19710070058,173734.8889853112
2024-04-24 03:00:00,171553.46,170255.28,168260.57,172716.55725367912,172552.42587851547,172507.62585550212
2024-04-24 04:00:00,172812.38,172107.14,170341.66,174622.22644848385,174612.56104835687,174150.03909809043
2024-04-24 05:00:00,176565.32,176973.21,174385.44,179594.51427785816,179167.38472400184,179521.79714207054
2024-04-24 06:00:00,182365.74,185981.17,181267.26,188746.33081718933,187217.77277647608,188270.14381384227
2024-04-24 07:00:00,187399.3,193352.05,189166.09,197225.6439999046,194553.77297407686,197760.6244916964
2024-04-24 08:00:00,189883.82,196321.38,193669.0,201320.86325703104,197817.34276175106,203839.05334934028
2024-04-24 09:00:00,195977.81,204744.24,200743.01,209234.7684139936,205756.4404574927,212613.3873968672
2024-04-24 10:00:00,197932.56,208974.34,202846.06,212752.91091977432,209944.12404915292,216486.89244463856
2024-04-24 11:00:00,196688.17,210159.13,202130.01,212657.7409873494,210648.32631525098,215403.84857181518
2024-04-24 12:00:00,192882.73,207272.42,199736.12,209727.52961570217,208449.70433689,211881.56188115838
2024-04-24 13:00:00,187879.68,200619.47,194843.45,203621.27546507574,201387.18332317003,206126.26992977128
2024-04-24 14:00:00,186435.19,201680.29,193833.89,203765.41925471727,202306.58303916035,204858.19289601158
2024-04-24 15:00:00,186518.14,201915.22,193083.28,203752.9265450613,202239.80424064424,203935.94713956336
2024-04-24 16:00:00,183606.2,200783.37,190211.56,201955.78516223616,200590.9075305581,201403.67531216927
2024-04-24 17:00:00,175520.7,193780.96,182788.36,194935.36556448537,193097.6511831181,195480.71479568377
2024-04-24 18:00:00,171074.77,189645.72,179618.47,191710.0843759321,189844.33759203632,193758.35981891592
2024-04-24 19:00:00,175708.72,194921.12,184482.25,196768.0849023776,194529.7039818373,198684.19223496615
2024-04-24 20:00:00,172002.76,188628.32,178794.21,190278.96005922346,188640.13449070603,192439.06182679796
2024-04-24 21:00:00,171255.14,185122.38,176519.77,186824.4482691487,185513.4523836474,188930.41303322566
2024-04-24 22:00:00,171503.7,184131.43,175433.1,185324.1345772441,184179.36593788408,186934.60767798495
2024-04-24 23:00:00,170940.59,183139.83,173938.41,183776.22376535,182716.51117281496,185436.4919262074
2024-04-25 00:00:00,168553.17,179617.65,170299.1,170514.15337645815,169690.67036836062,168070.32665683512
2024-04-25 01:00:00,165386.06,175736.91,166466.52,166852.31095999538,165915.30191259607,165028.24391695327
2024-04-25 02:00:00,163107.39,172940.54,164568.3,164375.17259496616,163742.5558202846,162780.7393503369
2024-04-25 03:00:00,161639.99,171553.46,163927.81,163344.60087673992,163070.5412863666,162030.11772408904
2024-04-25 04:00:00,162606.61,172812.38,166602.91,165160.9675396944,165325.54465687228,164067.32172476748
2024-04-25 05:00:00,165603.71,176565.32,172544.01,170053.2778743742,170322.27994564216,170498.73424437456
2024-04-25 06:00:00,170195.67,182365.74,184146.71,179022.093183434,178369.02976974586,181897.71450016237
2024-04-25 07:00:00,173916.7,187399.3,194639.8,186902.17207153674,185688.7570266805,193462.6079005639
2024-04-25 08:00:00,174726.08,189883.82,200083.05,190746.73615736546,189278.19396868357,199616.2304588794
2024-04-25 09:00:00,178459.42,195977.81,210040.24,198463.04150531447,196257.31690527056,208120.16620768228
2024-04-25 10:00:00,180207.22,197932.56,215362.8,201951.49577163102,200297.6817498574,212262.5171444691
2024-04-25 11:00:00,180424.06,196688.17,213906.76,201226.9022681599,200169.59750902912,211644.29680969508
2024-04-25 12:00:00,179362.92,192882.73,213341.35,198570.87957413454,197442.1689221506,208170.97244315076
2024-04-25 13:00:00,177078.33,187879.68,207108.96,192707.40026096895,192478.04507645412,202434.63076445524
2024-04-25 14:00:00,175160.2,186435.19,207608.34,192311.44720649775,191974.3377638728,202974.13707425087
2024-04-25 15:00:00,175113.61,186518.14,207394.12,192408.50018289097,191925.74761605042,203851.96087708787
2024-04-25 16:00:00,171496.39,183606.2,203625.85,189734.96548477595,189453.49405680454,202246.79882404607
2024-04-25 17:00:00,162922.27,175520.7,195142.59,182370.33054368812,183037.26841169808,195501.6374451734
2024-04-25 18:00:00,157689.98,171074.77,190784.52,178671.17521578626,181217.55353139644,192912.03760863634
2024-04-25 19:00:00,163477.33,175708.72,194847.7,182998.30356937114,185268.21632856774,197510.27863332783
2024-04-25 20:00:00,160562.0,172002.76,187408.96,177361.66950501918,179245.97509622638,190228.21748163458
2024-04-25 21:00:00,159542.02,171255.14,183214.76,174612.49491284904,175784.14143439318,186126.19417416962
2024-04-25 22:00:00,160140.96,171503.7,181301.38,173556.19066129392,174639.58787815316,183831.28226531605
2024-04-25 23:00:00,159359.66,170940.59,178902.75,172258.67550995917,172916.98289235056,182172.91937566362
2024-04-26 00:00:00,155859.72,168553.17,175925.18,163482.47663684643,157270.23403321087,156448.04580630435
2024-04-26 01:00:00,152954.17,165386.06,172467.9,160264.42686587453,154216.49340252532,153265.34965805983
2024-04-26 02:00:00,150271.3,163107.39,169303.92,157614.5361446021,151037.54286729745,150913.07330345231
2024-04-26 03:00:00,149761.77,161639.99,167778.0,156351.44987272695,149617.48330557387,150498.95750399248
2024-04-26 04:00:00,151901.42,162606.61,169773.7,157768.88199921395,151805.01744969224,152678.55319478177
2024-04-26 05:00:00,156485.77,165603.71,175175.79,161697.30312354793,156525.0849497693,158169.41028312745
2024-04-26 06:00:00,165158.37,170195.67,185209.46,168537.9490553421,166333.22516236012,168450.4135892207
2024-04-26 07:00:00,174117.07,173916.7,194366.66,174542.9214643475,174715.31436402455,178462.16843945242
2024-04-26 08:00:00,180336.58,174726.08,199099.6,177093.35065606466,177308.8567609714,184128.47830029254
2024-04-26 09:00:00,191526.0,178459.42,207651.01,183073.03109103124,184872.42330594346,192850.54640771466
2024-04-26 10:00:00,197750.43,180207.22,213270.06,186271.48176130466,190099.7742676449,197174.9735990095
2024-04-26 11:00:00,200333.67,180424.06,213195.88,186436.51986042075,190381.7458589835,196973.21968984298
2024-04-26 12:00:00,199252.31,179362.92,209937.61,184198.68274391812,187385.63723927105,193199.80600596216
2024-04-26 13:00:00,194638.03,177078.33,202888.49,179708.566574691,181386.7624655297,186639.72197403607
2024-04-26 14:00:00,194948.4,175160.2,203375.86,179122.82793173334,182172.70589036023,187314.562401769
2024-04-26 15:00:00,196168.22,175113.61,204412.79,179389.75494427318,182541.91808762314,187707.66489722914
2024-04-26 16:00:00,193951.63,171496.39,201607.42,176809.43534567312,181735.16829431138,185560.594232883
2024-04-26 17:00:00,186815.63,162922.27,194000.82,169555.58685212705,177591.79390944022,178346.71498414417
2024-04-26 18:00:00,182763.59,157689.98,188636.05,165239.73970463022,173943.29676670107,175578.8432175936
2024-04-26 19:00:00,188911.11,163477.33,192744.03,169939.68882463386,179116.5826837639,180203.818334115
2024-04-26 20:00:00,183779.99,160562.0,186181.81,165381.42529168597,173462.94690051294,173013.18437971312
2024-04-26 21:00:00,181886.43,159542.02,182526.7,163089.9990953561,170056.49867816927,169036.84483672728
2024-04-26 22:00:00,182128.26,160140.96,180041.01,162375.7718166421,168931.2208438542,167105.4745579934
2024-04-26 23:00:00,181618.08,159359.66,177279.87,161099.7877129654,168256.1479288873,165900.6990284587
2024-04-27 00:00:00,178498.67,155859.72,173432.23,168327.36219045825,171323.23644751727,178903.5522125243
2024-04-27 01:00:00,174464.07,152954.17,169345.09,164802.23238434017,167845.9432992029,175676.99707141035
2024-04-27 02:00:00,170762.86,150271.3,166238.51,161965.38452413416,164746.46963364878,172716.11453318005
2024-04-27 03:00:00,169730.23,149761.77,164390.75,160789.6869521504,163696.87252822498,171415.3869768026
2024-04-27 04:00:00,171150.82,151901.42,166194.67,162574.64616697768,164797.45570828678,173140.78151563765
2024-04-27 05:00:00,174893.72,156485.77,171800.07,167217.36853563128,168987.54816919373,178136.83446892782
2024-04-27 06:00:00,181599.26,165158.37,182521.84,175657.9370204598,175804.19390524746,187146.57527293608
2024-04-27 07:00:00,187849.57,174117.07,192158.35,183712.68419116663,183846.6686171662,195943.41183067235
2024-04-27 08:00:00,192252.73,180336.58,195850.9,188051.20883591365,186540.22847039942,201189.727809977
2024-04-27 09:00:00,202167.51,191526.0,205442.82,197030.3636124901,196532.42055400243,209875.34395229738
2024-04-27 10:00:00,207989.52,197750.43,209705.35,201461.86012930263,201098.03945948952,214845.63051152427
2024-04-27 11:00:00,208851.31,200333.67,208563.59,201873.49105099868,201914.28331670995,215029.23591319798
2024-04-27 12:00:00,206934.41,199252.31,204537.24,199294.55298989196,199713.232867834,211396.0063288079
2024-04-27 13:00:00,203510.89,194638.03,196134.31,193487.3181233389,193453.59963856614,204841.7143950407
2024-04-27 14:00:00,204997.77,194948.4,196014.61,193109.32904669337,193506.02834204328,205688.0246405916
2024-04-27 15:00:00,205731.58,196168.22,196155.93,193609.22379058163,194729.13736066667,206339.48131192423
2024-04-27 16:00:00,202675.65,193951.63,194041.35,191125.15207265955,193463.15747429675,204191.08958789942
2024-04-27 17:00:00,195781.34,186815.63,188681.34,184356.79995997666,186610.53644743908,196913.6677516901
2024-04-27 18:00:00,191669.56,182763.59,184553.17,180362.016029272,182963.610198144,193938.83089890482
2024-04-27 19:00:00,197286.94,188911.11,188550.43,185398.98968625176,189063.4386387818,198829.55381528838
2024-04-27 20:00:00,193130.89,183779.99,181469.6,179989.0373974904,184248.76452307278,191975.78292556014
2024-04-27 21:00:00,191408.7,181886.43,177546.71,177587.74527906696,182033.9392093285,188142.324162862
2024-04-27 22:00:00,191528.65,182128.26,176314.28,177247.254414762,181578.76171382086,186500.17384162993
2024-04-27 23:00:00,191130.84,181618.08,174154.92,176089.60182156795,180362.04322022977,185081.33452152018
2024-04-28 00:00:00,187667.1,178498.67,170634.74,176733.60719199423,182528.56267394664,188177.89907140165
2024-04-28 01:00:00,183762.2,174464.07,166688.56,172891.18706554858,178844.18790071397,184815.1976037977
2024-04-28 02:00:00,180239.86,170762.86,163491.21,169637.87963999406,175218.22917532577,182255.53803983357
2024-04-28 03:00:00,178736.05,169730.23,162219.26,168478.16112017666,173838.57992412162,181456.19790205514
2024-04-28 04:00:00,179802.4,171150.82,163895.32,170032.11688928792,175409.03688361694,183146.77746891574
2024-04-28 05:00:00,183537.89,174893.72,169320.27,174470.3980041356,178927.94699880015,187866.8726134756
2024-04-28 06:00:00,188630.24,181599.26,180469.87,182695.8572848116,182721.80749943198,195817.95209668306
2024-04-28 07:00:00,193214.91,187849.57,190213.88,190151.03617000754,189626.82362277145,203662.52058057042
2024-04-28 08:00:00,197051.96,192252.73,194285.49,194126.34422769293,193434.77001228137,208314.38429476367
2024-04-28 09:00:00,206838.78,202167.51,201622.63,202295.16501690343,201063.96765119093,216013.09151314205
2024-04-28 10:00:00,212171.92,207989.52,205771.28,206857.22906824516,206034.9758176655,219763.6705601662
2024-04-28 11:00:00,213257.62,208851.31,204397.34,206961.64399729494,206555.87986427208,219083.55680224983
2024-04-28 12:00:00,211758.12,206934.41,201389.83,204801.22286863925,204165.90797723416,215460.89159055956
2024-04-28 13:00:00,207591.02,203510.89,195497.44,200466.54595250488,199336.51116913705,210105.3342218026
2024-04-28 14:00:00,210180.97,204997.77,196805.5,201118.76893177273,200418.90205091637,209950.14590566605
2024-04-28 15:00:00,212331.02,205731.58,198183.32,201924.67976029185,201103.37171295832,210405.82020513777
2024-04-28 16:00:00,208840.65,202675.65,197896.87,199622.794191501,199880.90290913053,207843.67720721517
2024-04-28 17:00:00,200961.94,195781.34,191774.11,192604.92726575528,193173.5004800296,200339.6900960795
2024-04-28 18:00:00,196595.05,191669.56,189189.03,188936.9533970179,189569.04727978213,197135.17591163516
2024-04-28 19:00:00,202189.31,197286.94,193527.93,194261.67932320104,195670.36872370722,202713.94927538928
2024-04-28 20:00:00,197352.82,193130.89,186271.3,189051.3733943794,191268.05951637455,197672.2178294878
2024-04-28 21:00:00,196079.05,191408.7,181840.19,186363.92835636996,188219.8758952556,195257.5867322904
2024-04-28 22:00:00,196265.45,191528.65,179443.74,185586.46409506,187544.84732983075,194396.61137387776
2024-04-28 23:00:00,196034.36,191130.84,176926.74,184282.85727933448,186460.7053274736,193249.1587701833
2024-04-29 00:00:00,192703.13,187667.1,173565.56,193221.27395837317,190082.92551382992,188662.29756837408
2024-04-29 01:00:00,188524.6,183762.2,169960.34,189223.6844541643,186440.79346419885,185500.06123983272
2024-04-29 02:00:00,184813.78,180239.86,167324.58,185868.3557806835,183331.3922256879,183218.8004702555
2024-04-29 03:00:00,183156.73,178736.05,166420.92,184689.68877849006,181992.3346427681,182376.9134387778
2024-04-29 04:00:00,184067.21,179802.4,168495.44,186512.3039508211,183105.15587870294,184567.85495364008
2024-04-29 05:00:00,186731.95,183537.89,174168.6,191588.13916722347,187049.15500500132,190713.10837795434
2024-04-29 06:00:00,190657.57,188630.24,185893.77,200816.77847336876,194334.94749968842,200785.9608913146
2024-04-29 07:00:00,194602.48,193214.91,195252.46,208914.080855085,201514.057189539,210949.46150929923
2024-04-29 08:00:00,198785.96,197051.96,199303.24,213741.16393635861,205416.69458482644,216524.07927329122
2024-04-29 09:00:00,208572.83,206838.78,207803.77,224177.38689154878,215659.48665003385,224394.26357950323
2024-04-29 10:00:00,215277.81,212171.92,211830.55,229532.04428004552,221283.4046830479,227975.84057732087
2024-04-29 11:00:00,217558.97,213257.62,212219.34,230610.52173231315,221750.92215116424,227285.7108618624
2024-04-29 12:00:00,216500.34,211758.12,208817.5,228102.23918541748,219228.9914335717,222409.94839394212
2024-04-29 13:00:00,211300.21,207591.02,201077.0,222035.5922098466,212860.88102938715,216024.19399979542
2024-04-29 14:00:00,214181.57,210180.97,201193.52,223128.5526436382,215681.34317577907,213918.05333223735
2024-04-29 15:00:00,214704.11,212331.02,201964.73,224482.5247007261,217379.50550830527,213801.35008964254
2024-04-29 16:00:00,210720.83,208840.65,200036.22,221463.34877713223,213938.29564163863,210205.58809350696
2024-04-29 17:00:00,200010.98,200961.94,193911.37,213954.62217730904,206492.85400035768,203272.42336867063
2024-04-29 18:00:00,194853.13,196595.05,190847.27,210057.4023069997,202144.83404971263,200269.98987980228
2024-04-29 19:00:00,200752.13,202189.31,195468.52,215752.96632900296,207389.25684737082,203679.53315362072
2024-04-29 20:00:00,195230.45,197352.82,188642.28,209621.45008461765,201995.91367370254,196871.0454727927
2024-04-29 21:00:00,194260.23,196079.05,184601.9,206770.62251911673,200446.41056671354,192755.55620783422
2024-04-29 22:00:00,195951.0,196265.45,182630.75,205982.20692460245,201116.18237947096,190696.23800812667
2024-04-29 23:00:00,196094.24,196034.36,181354.66,205143.76483819552,200587.68811498338,189320.3785447316
2024-04-30 00:00:00,193071.31,192703.13,178280.37,196679.94121465873,196594.3684072186,193980.63889767736
2024-04-30 01:00:00,188603.22,188524.6,174774.29,192570.33203924014,192538.0214117368,191710.92923845127
2024-04-30 02:00:00,184105.95,184813.78,171389.4,188812.01949725128,189186.64240074472,189744.21669857035
2024-04-30 03:00:00,181046.24,183156.73,170255.28,187381.4032182034,188128.7759030813,189408.1182738085
2024-04-30 04:00:00,180777.03,184067.21,172107.14,188852.52052263907,188980.42214502033,191867.87373786804
2024-04-30 05:00:00,183197.44,186731.95,176973.21,192888.73701261738,191309.79680714558,197972.97280852043
2024-04-30 06:00:00,186041.32,190657.57,185981.17,199813.66063868906,195038.41747181283,208061.13317218522
2024-04-30 07:00:00,189142.59,194602.48,193352.05,206073.22056957436,198849.78783730863,219532.0043083552
2024-04-30 08:00:00,193170.93,198785.96,196321.38,210162.40307077364,203072.48155293468,226686.84055806493
2024-04-30 09:00:00,203312.52,208572.83,204744.24,219955.89715290937,212294.4904914047,235394.66447152317
2024-04-30 10:00:00,209485.25,215277.81,208974.34,225737.33981324098,218750.1497845759,238947.55380467075
2024-04-30 11:00:00,211640.92,217558.97,210159.13,227263.18749452074,221206.84405386503,239148.1324289269
2024-04-30 12:00:00,209634.06,216500.34,207272.42,225197.95927017165,219789.64932417366,235356.07783577227
2024-04-30 13:00:00,205798.3,211300.21,200619.47,219540.39576936155,214630.30259002064,229344.4591924986
2024-04-30 14:00:00,208348.28,214181.57,201680.29,221465.13135893844,216970.81653868564,229379.59191180824
2024-04-30 15:00:00,210021.42,214704.11,201915.22,222082.60773027514,217415.15826614288,230473.9738878512
2024-04-30 16:00:00,207276.03,210720.83,200783.37,218994.48364566965,214569.43577401454,227485.15861600696
2024-04-30 17:00:00,198463.59,200010.98,193780.96,210132.5477488852,204288.53940774602,220708.76600418636
2024-04-30 18:00:00,194434.9,194853.13,189645.72,205550.14885415125,199719.70281109834,218039.60982544415
2024-04-30 19:00:00,201094.24,200752.13,194921.12,211374.39080577882,205292.6558990183,222459.04441518846
2024-04-30 20:00:00,196577.71,195230.45,188628.32,205387.00654870764,199646.25764195283,215010.15956019823
2024-04-30 21:00:00,194782.12,194260.23,185122.38,203015.27287584252,197518.9583025405,210579.6952476346
2024-04-30 22:00:00,194967.39,195951.0,184131.43,203165.52949065587,198260.49218295596,208434.07764877417
2024-04-30 23:00:00,194194.45,196094.24,183139.83,202592.09727980316,199024.3252578003,206938.26281075724
